candidate_id,gap_id,covered,backhaul_available,backhaul_margin_db,minimum_access_margin_db,failed_access_samples
C001-H100,Q2-002-G01,False,False,-2.215025455437342,,164
C001-H100,Q2-003-G01,False,False,-2.215025455437342,,82
C001-H100,Q2-004-G01,False,False,-2.215025455437342,,119
C001-H100,Q2-005-G01,False,False,-2.215025455437342,,86
C001-H100,Q2-006-G01,False,False,-2.215025455437342,,178
C001-H100,Q2-007-G01,False,False,-2.215025455437342,,175
C001-H100,Q2-008-G01,False,False,-2.215025455437342,,123
C001-H100,Q2-011-G01,False,False,-2.215025455437342,,125
C001-H100,Q2-013-G01,False,False,-2.215025455437342,,196
C001-H100,Q2-015-G01,False,False,-2.215025455437342,,172
C001-H100,Q2-016-G01,False,False,-2.215025455437342,,184
C001-H100,Q2-018-G01,False,False,-2.215025455437342,,121
C001-H100,Q2-019-G01,False,False,-2.215025455437342,,121
C001-H100,Q2-020-G01,False,False,-2.215025455437342,,183
C001-H100,Q2-021-G01,False,False,-2.215025455437342,,189
C001-H100,Q2-022-G01,False,False,-2.215025455437342,,175
C001-H100,Q2-023-G01,False,False,-2.215025455437342,,166
C001-H200,Q2-002-G01,False,False,-2.218276140737231,,164
C001-H200,Q2-003-G01,False,False,-2.218276140737231,,82
C001-H200,Q2-004-G01,False,False,-2.218276140737231,,119
C001-H200,Q2-005-G01,False,False,-2.218276140737231,,86
C001-H200,Q2-006-G01,False,False,-2.218276140737231,,178
C001-H200,Q2-007-G01,False,False,-2.218276140737231,,175
C001-H200,Q2-008-G01,False,False,-2.218276140737231,,123
C001-H200,Q2-011-G01,False,False,-2.218276140737231,,125
C001-H200,Q2-013-G01,False,False,-2.218276140737231,,196
C001-H200,Q2-015-G01,False,False,-2.218276140737231,,172
C001-H200,Q2-016-G01,False,False,-2.218276140737231,,184
C001-H200,Q2-018-G01,False,False,-2.218276140737231,,121
C001-H200,Q2-019-G01,False,False,-2.218276140737231,,121
C001-H200,Q2-020-G01,False,False,-2.218276140737231,,183
C001-H200,Q2-021-G01,False,False,-2.218276140737231,,189
C001-H200,Q2-022-G01,False,False,-2.218276140737231,,175
C001-H200,Q2-023-G01,False,False,-2.218276140737231,,166
C001-H300,Q2-002-G01,False,False,-2.222848791545829,,164
C001-H300,Q2-003-G01,False,False,-2.222848791545829,,82
C001-H300,Q2-004-G01,False,False,-2.222848791545829,,119
C001-H300,Q2-005-G01,False,False,-2.222848791545829,,86
C001-H300,Q2-006-G01,False,False,-2.222848791545829,,178
C001-H300,Q2-007-G01,False,False,-2.222848791545829,,175
C001-H300,Q2-008-G01,False,False,-2.222848791545829,,123
C001-H300,Q2-011-G01,False,False,-2.222848791545829,,125
C001-H300,Q2-013-G01,False,False,-2.222848791545829,,196
C001-H300,Q2-015-G01,False,False,-2.222848791545829,,172
C001-H300,Q2-016-G01,False,False,-2.222848791545829,,184
C001-H300,Q2-018-G01,False,False,-2.222848791545829,,121
C001-H300,Q2-019-G01,False,False,-2.222848791545829,,121
C001-H300,Q2-020-G01,False,False,-2.222848791545829,,183
C001-H300,Q2-021-G01,False,False,-2.222848791545829,,189
C001-H300,Q2-022-G01,False,False,-2.222848791545829,,175
C001-H300,Q2-023-G01,False,False,-2.222848791545829,,166
C002-H100,Q2-002-G01,False,False,-1.8118912691088411,,164
C002-H100,Q2-003-G01,False,False,-1.8118912691088411,,82
C002-H100,Q2-004-G01,False,False,-1.8118912691088411,,119
C002-H100,Q2-005-G01,False,False,-1.8118912691088411,,86
C002-H100,Q2-006-G01,False,False,-1.8118912691088411,,178
C002-H100,Q2-007-G01,False,False,-1.8118912691088411,,175
C002-H100,Q2-008-G01,False,False,-1.8118912691088411,,123
C002-H100,Q2-011-G01,False,False,-1.8118912691088411,,125
C002-H100,Q2-013-G01,False,False,-1.8118912691088411,,196
C002-H100,Q2-015-G01,False,False,-1.8118912691088411,,172
C002-H100,Q2-016-G01,False,False,-1.8118912691088411,,184
C002-H100,Q2-018-G01,False,False,-1.8118912691088411,,121
C002-H100,Q2-019-G01,False,False,-1.8118912691088411,,121
C002-H100,Q2-020-G01,False,False,-1.8118912691088411,,183
C002-H100,Q2-021-G01,False,False,-1.8118912691088411,,189
C002-H100,Q2-022-G01,False,False,-1.8118912691088411,,175
C002-H100,Q2-023-G01,False,False,-1.8118912691088411,,166
C002-H200,Q2-002-G01,False,False,-1.8148398214987935,,164
C002-H200,Q2-003-G01,False,False,-1.8148398214987935,,82
C002-H200,Q2-004-G01,False,False,-1.8148398214987935,,119
C002-H200,Q2-005-G01,False,False,-1.8148398214987935,,86
C002-H200,Q2-006-G01,False,False,-1.8148398214987935,,178
C002-H200,Q2-007-G01,False,False,-1.8148398214987935,,175
C002-H200,Q2-008-G01,False,False,-1.8148398214987935,,123
C002-H200,Q2-011-G01,False,False,-1.8148398214987935,,125
C002-H200,Q2-013-G01,False,False,-1.8148398214987935,,196
C002-H200,Q2-015-G01,False,False,-1.8148398214987935,,172
C002-H200,Q2-016-G01,False,False,-1.8148398214987935,,184
C002-H200,Q2-018-G01,False,False,-1.8148398214987935,,121
C002-H200,Q2-019-G01,False,False,-1.8148398214987935,,121
C002-H200,Q2-020-G01,False,False,-1.8148398214987935,,183
C002-H200,Q2-021-G01,False,False,-1.8148398214987935,,189
C002-H200,Q2-022-G01,False,False,-1.8148398214987935,,175
C002-H200,Q2-023-G01,False,False,-1.8148398214987935,,166
C002-H300,Q2-002-G01,False,False,-1.8192397744763156,,164
C002-H300,Q2-003-G01,False,False,-1.8192397744763156,,82
C002-H300,Q2-004-G01,False,False,-1.8192397744763156,,119
C002-H300,Q2-005-G01,False,False,-1.8192397744763156,,86
C002-H300,Q2-006-G01,False,False,-1.8192397744763156,,178
C002-H300,Q2-007-G01,False,False,-1.8192397744763156,,175
C002-H300,Q2-008-G01,False,False,-1.8192397744763156,,123
C002-H300,Q2-011-G01,False,False,-1.8192397744763156,,125
C002-H300,Q2-013-G01,False,False,-1.8192397744763156,,196
C002-H300,Q2-015-G01,False,False,-1.8192397744763156,,172
C002-H300,Q2-016-G01,False,False,-1.8192397744763156,,184
C002-H300,Q2-018-G01,False,False,-1.8192397744763156,,121
C002-H300,Q2-019-G01,False,False,-1.8192397744763156,,121
C002-H300,Q2-020-G01,False,False,-1.8192397744763156,,183
C002-H300,Q2-021-G01,False,False,-1.8192397744763156,,189
C002-H300,Q2-022-G01,False,False,-1.8192397744763156,,175
C002-H300,Q2-023-G01,False,False,-1.8192397744763156,,166
C003-H100,Q2-002-G01,False,False,-1.4608465606909533,,164
C003-H100,Q2-003-G01,False,False,-1.4608465606909533,,82
C003-H100,Q2-004-G01,False,False,-1.4608465606909533,,119
C003-H100,Q2-005-G01,False,False,-1.4608465606909533,,86
C003-H100,Q2-006-G01,False,False,-1.4608465606909533,,178
C003-H100,Q2-007-G01,False,False,-1.4608465606909533,,175
C003-H100,Q2-008-G01,False,False,-1.4608465606909533,,123
C003-H100,Q2-011-G01,False,False,-1.4608465606909533,,125
C003-H100,Q2-013-G01,False,False,-1.4608465606909533,,196
C003-H100,Q2-015-G01,False,False,-1.4608465606909533,,172
C003-H100,Q2-016-G01,False,False,-1.4608465606909533,,184
C003-H100,Q2-018-G01,False,False,-1.4608465606909533,,121
C003-H100,Q2-019-G01,False,False,-1.4608465606909533,,121
C003-H100,Q2-020-G01,False,False,-1.4608465606909533,,183
C003-H100,Q2-021-G01,False,False,-1.4608465606909533,,189
C003-H100,Q2-022-G01,False,False,-1.4608465606909533,,175
C003-H100,Q2-023-G01,False,False,-1.4608465606909533,,166
C003-H200,Q2-002-G01,False,False,-1.463911472581671,,164
C003-H200,Q2-003-G01,False,False,-1.463911472581671,,82
C003-H200,Q2-004-G01,False,False,-1.463911472581671,,119
C003-H200,Q2-005-G01,False,False,-1.463911472581671,,86
C003-H200,Q2-006-G01,False,False,-1.463911472581671,,178
C003-H200,Q2-007-G01,False,False,-1.463911472581671,,175
C003-H200,Q2-008-G01,False,False,-1.463911472581671,,123
C003-H200,Q2-011-G01,False,False,-1.463911472581671,,125
C003-H200,Q2-013-G01,False,False,-1.463911472581671,,196
C003-H200,Q2-015-G01,False,False,-1.463911472581671,,172
C003-H200,Q2-016-G01,False,False,-1.463911472581671,,184
C003-H200,Q2-018-G01,False,False,-1.463911472581671,,121
C003-H200,Q2-019-G01,False,False,-1.463911472581671,,121
C003-H200,Q2-020-G01,False,False,-1.463911472581671,,183
C003-H200,Q2-021-G01,False,False,-1.463911472581671,,189
C003-H200,Q2-022-G01,False,False,-1.463911472581671,,175
C003-H200,Q2-023-G01,False,False,-1.463911472581671,,166
C003-H300,Q2-002-G01,False,False,-1.4685498760304228,,164
C003-H300,Q2-003-G01,False,False,-1.4685498760304228,,82
C003-H300,Q2-004-G01,False,False,-1.4685498760304228,,119
C003-H300,Q2-005-G01,False,False,-1.4685498760304228,,86
C003-H300,Q2-006-G01,False,False,-1.4685498760304228,,178
C003-H300,Q2-007-G01,False,False,-1.4685498760304228,,175
C003-H300,Q2-008-G01,False,False,-1.4685498760304228,,123
C003-H300,Q2-011-G01,False,False,-1.4685498760304228,,125
C003-H300,Q2-013-G01,False,False,-1.4685498760304228,,196
C003-H300,Q2-015-G01,False,False,-1.4685498760304228,,172
C003-H300,Q2-016-G01,False,False,-1.4685498760304228,,184
C003-H300,Q2-018-G01,False,False,-1.4685498760304228,,121
C003-H300,Q2-019-G01,False,False,-1.4685498760304228,,121
C003-H300,Q2-020-G01,False,False,-1.4685498760304228,,183
C003-H300,Q2-021-G01,False,False,-1.4685498760304228,,189
C003-H300,Q2-022-G01,False,False,-1.4685498760304228,,175
C003-H300,Q2-023-G01,False,False,-1.4685498760304228,,166
C004-H100,Q2-002-G01,False,True,1.467813702437951,-9.073819946924473,136
C004-H100,Q2-003-G01,False,True,1.467813702437951,-8.427567315709567,82
C004-H100,Q2-004-G01,False,True,1.467813702437951,-7.48414811919541,111
C004-H100,Q2-005-G01,False,True,1.467813702437951,-10.150786343160476,80
C004-H100,Q2-006-G01,False,True,1.467813702437951,-4.885781839798781,178
C004-H100,Q2-007-G01,False,True,1.467813702437951,-4.885781839798781,174
C004-H100,Q2-008-G01,False,True,1.467813702437951,-12.135760121817867,123
C004-H100,Q2-011-G01,True,True,1.467813702437951,18.782544335244197,0
C004-H100,Q2-013-G01,False,True,1.467813702437951,-3.6691314816930287,91
C004-H100,Q2-015-G01,False,True,1.467813702437951,-10.096256137520754,158
C004-H100,Q2-016-G01,False,True,1.467813702437951,-2.361809239326945,106
C004-H100,Q2-018-G01,False,True,1.467813702437951,-5.555858827483476,99
C004-H100,Q2-019-G01,False,True,1.467813702437951,-2.5568321494975237,121
C004-H100,Q2-020-G01,False,True,1.467813702437951,-10.096256137520754,165
C004-H100,Q2-021-G01,False,True,1.467813702437951,-10.096256137520754,171
C004-H100,Q2-022-G01,False,True,1.467813702437951,-4.885781839798781,174
C004-H100,Q2-023-G01,False,True,1.467813702437951,-10.096256137520754,152
C004-H200,Q2-002-G01,False,True,11.46251735704827,-9.071475958452822,52
C004-H200,Q2-003-G01,True,True,11.46251735704827,1.5747802020487427,0
C004-H200,Q2-004-G01,False,True,11.46251735704827,-7.476924883928078,105
C004-H200,Q2-005-G01,False,True,11.46251735704827,-10.14801093002339,66
C004-H200,Q2-006-G01,False,True,11.46251735704827,-4.892897340420902,118
C004-H200,Q2-007-G01,False,True,11.46251735704827,-4.892897340420902,101
C004-H200,Q2-008-G01,False,True,11.46251735704827,-12.131951049469478,123
C004-H200,Q2-011-G01,True,True,11.46251735704827,18.795284369324463,0
C004-H200,Q2-013-G01,False,True,11.46251735704827,-3.6690493379136058,80
C004-H200,Q2-015-G01,False,True,11.46251735704827,-10.091001938025897,147
C004-H200,Q2-016-G01,False,True,11.46251735704827,-2.368119015566961,90
C004-H200,Q2-018-G01,False,True,11.46251735704827,-5.540278836774888,91
C004-H200,Q2-019-G01,False,True,11.46251735704827,-2.5677056824222575,62
C004-H200,Q2-020-G01,False,True,11.46251735704827,-10.091001938025897,153
C004-H200,Q2-021-G01,False,True,11.46251735704827,-10.091001938025897,159
C004-H200,Q2-022-G01,False,True,11.46251735704827,-4.892897340420902,101
C004-H200,Q2-023-G01,False,True,11.46251735704827,-10.091001938025897,141
C004-H300,Q2-002-G01,False,True,11.454138554064187,-9.075276807919735,51
C004-H300,Q2-003-G01,True,True,11.454138554064187,1.572695546382775,0
C004-H300,Q2-004-G01,False,True,11.454138554064187,-7.476286908262807,96
C004-H300,Q2-005-G01,False,True,11.454138554064187,-10.149281243129522,66
C004-H300,Q2-006-G01,True,True,11.454138554064187,5.092855817332591,0
C004-H300,Q2-007-G01,True,True,11.454138554064187,5.092855817332591,0
C004-H300,Q2-008-G01,False,True,11.454138554064187,-12.130337540743483,123
C004-H300,Q2-011-G01,True,True,11.454138554064187,18.643329003062007,0
C004-H300,Q2-013-G01,False,True,11.454138554064187,-3.683063523554239,78
C004-H300,Q2-015-G01,False,True,11.454138554064187,-10.088807763144985,144
C004-H300,Q2-016-G01,False,True,11.454138554064187,-2.3924454637648296,87
C004-H300,Q2-018-G01,False,True,11.454138554064187,-5.53082951088993,75
C004-H300,Q2-019-G01,True,True,11.454138554064187,7.409264435407749,0
C004-H300,Q2-020-G01,False,True,11.454138554064187,-10.088807763144985,149
C004-H300,Q2-021-G01,False,True,11.454138554064187,-10.088807763144985,155
C004-H300,Q2-022-G01,True,True,11.454138554064187,5.092855817332591,0
C004-H300,Q2-023-G01,False,True,11.454138554064187,-10.088807763144985,138
C005-H100,Q2-002-G01,False,True,0.8067836263044939,-3.552941053102714,54
C005-H100,Q2-003-G01,True,True,0.8067836263044939,5.4848072715099505,0
C005-H100,Q2-004-G01,False,True,0.8067836263044939,-10.83630694666715,119
C005-H100,Q2-005-G01,False,True,0.8067836263044939,-7.277729368390652,66
C005-H100,Q2-006-G01,True,True,0.8067836263044939,1.2504531204609322,0
C005-H100,Q2-007-G01,True,True,0.8067836263044939,1.2504531204609322,0
C005-H100,Q2-008-G01,False,True,0.8067836263044939,-10.091546869705866,91
C005-H100,Q2-011-G01,False,True,0.8067836263044939,-2.5617457088735875,107
C005-H100,Q2-013-G01,False,True,0.8067836263044939,-8.036807662307126,149
C005-H100,Q2-015-G01,False,True,0.8067836263044939,-13.034511803330389,172
C005-H100,Q2-016-G01,False,True,0.8067836263044939,-3.505275233203122,88
C005-H100,Q2-018-G01,False,True,0.8067836263044939,-10.12092092954559,82
C005-H100,Q2-019-G01,True,True,0.8067836263044939,10.681838494689387,0
C005-H100,Q2-020-G01,False,True,0.8067836263044939,-13.034511803330389,183
C005-H100,Q2-021-G01,False,True,0.8067836263044939,-13.034511803330389,189
C005-H100,Q2-022-G01,True,True,0.8067836263044939,1.2504531204609322,0
C005-H100,Q2-023-G01,False,True,0.8067836263044939,-13.034511803330389,166
C005-H200,Q2-002-G01,False,True,0.8014090846672701,-3.5597655554034873,51
C005-H200,Q2-003-G01,True,True,0.8014090846672701,5.488158936457992,0
C005-H200,Q2-004-G01,False,True,0.8014090846672701,-10.834533904277592,119
C005-H200,Q2-005-G01,False,True,0.8014090846672701,-7.274398208528737,62
C005-H200,Q2-006-G01,True,True,0.8014090846672701,1.2122135706405146,0
C005-H200,Q2-007-G01,True,True,0.8014090846672701,1.2122135706405146,0
C005-H200,Q2-008-G01,False,True,0.8014090846672701,-10.087225255333308,87
C005-H200,Q2-011-G01,False,True,0.8014090846672701,-2.5050379849109277,91
C005-H200,Q2-013-G01,False,True,0.8014090846672701,-8.03889849240828,80
C005-H200,Q2-015-G01,False,True,0.8014090846672701,-13.032183049198125,172
C005-H200,Q2-016-G01,False,True,0.8014090846672701,-3.517239918003753,84
C005-H200,Q2-018-G01,False,True,0.8014090846672701,-10.115885617055909,71
C005-H200,Q2-019-G01,True,True,0.8014090846672701,10.667225339969221,0
C005-H200,Q2-020-G01,False,True,0.8014090846672701,-13.032183049198125,183
C005-H200,Q2-021-G01,False,True,0.8014090846672701,-13.032183049198125,189
C005-H200,Q2-022-G01,True,True,0.8014090846672701,1.2122135706405146,0
C005-H200,Q2-023-G01,False,True,0.8014090846672701,-13.032183049198125,166
C005-H300,Q2-002-G01,False,True,0.7933883630679759,-3.5762865377205486,50
C005-H300,Q2-003-G01,True,True,0.7933883630679759,5.4836969616882385,0
C005-H300,Q2-004-G01,False,True,0.7933883630679759,-10.836381288540338,119
C005-H300,Q2-005-G01,False,True,0.7933883630679759,-7.278462362040912,59
C005-H300,Q2-006-G01,True,True,0.7933883630679759,10.634577189579687,0
C005-H300,Q2-007-G01,True,True,0.7933883630679759,10.698581155971695,0
C005-H300,Q2-008-G01,False,True,0.7933883630679759,-10.08816388460032,85
C005-H300,Q2-011-G01,False,True,0.7933883630679759,-2.536548683254182,85
C005-H300,Q2-013-G01,False,True,0.7933883630679759,-8.045104215151596,74
C005-H300,Q2-015-G01,False,True,0.7933883630679759,-13.032172667914068,172
C005-H300,Q2-016-G01,False,True,0.7933883630679759,-3.5389627968543067,81
C005-H300,Q2-018-G01,False,True,0.7933883630679759,-10.113098436858053,71
C005-H300,Q2-019-G01,True,True,0.7933883630679759,10.627062230143622,0
C005-H300,Q2-020-G01,False,True,0.7933883630679759,-13.032172667914068,183
C005-H300,Q2-021-G01,False,True,0.7933883630679759,-13.032172667914068,189
C005-H300,Q2-022-G01,True,True,0.7933883630679759,10.698581155971695,0
C005-H300,Q2-023-G01,False,True,0.7933883630679759,-13.032172667914068,166
C006-H100,Q2-002-G01,False,False,-1.446673733318704,,164
C006-H100,Q2-003-G01,False,False,-1.446673733318704,,82
C006-H100,Q2-004-G01,False,False,-1.446673733318704,,119
C006-H100,Q2-005-G01,False,False,-1.446673733318704,,86
C006-H100,Q2-006-G01,False,False,-1.446673733318704,,178
C006-H100,Q2-007-G01,False,False,-1.446673733318704,,175
C006-H100,Q2-008-G01,False,False,-1.446673733318704,,123
C006-H100,Q2-011-G01,False,False,-1.446673733318704,,125
C006-H100,Q2-013-G01,False,False,-1.446673733318704,,196
C006-H100,Q2-015-G01,False,False,-1.446673733318704,,172
C006-H100,Q2-016-G01,False,False,-1.446673733318704,,184
C006-H100,Q2-018-G01,False,False,-1.446673733318704,,121
C006-H100,Q2-019-G01,False,False,-1.446673733318704,,121
C006-H100,Q2-020-G01,False,False,-1.446673733318704,,183
C006-H100,Q2-021-G01,False,False,-1.446673733318704,,189
C006-H100,Q2-022-G01,False,False,-1.446673733318704,,175
C006-H100,Q2-023-G01,False,False,-1.446673733318704,,166
C006-H200,Q2-002-G01,False,False,-1.4506308904597205,,164
C006-H200,Q2-003-G01,False,False,-1.4506308904597205,,82
C006-H200,Q2-004-G01,False,False,-1.4506308904597205,,119
C006-H200,Q2-005-G01,False,False,-1.4506308904597205,,86
C006-H200,Q2-006-G01,False,False,-1.4506308904597205,,178
C006-H200,Q2-007-G01,False,False,-1.4506308904597205,,175
C006-H200,Q2-008-G01,False,False,-1.4506308904597205,,123
C006-H200,Q2-011-G01,False,False,-1.4506308904597205,,125
C006-H200,Q2-013-G01,False,False,-1.4506308904597205,,196
C006-H200,Q2-015-G01,False,False,-1.4506308904597205,,172
C006-H200,Q2-016-G01,False,False,-1.4506308904597205,,184
C006-H200,Q2-018-G01,False,False,-1.4506308904597205,,121
C006-H200,Q2-019-G01,False,False,-1.4506308904597205,,121
C006-H200,Q2-020-G01,False,False,-1.4506308904597205,,183
C006-H200,Q2-021-G01,False,False,-1.4506308904597205,,189
C006-H200,Q2-022-G01,False,False,-1.4506308904597205,,175
C006-H200,Q2-023-G01,False,False,-1.4506308904597205,,166
C006-H300,Q2-002-G01,False,False,-1.4561645989557945,,164
C006-H300,Q2-003-G01,False,False,-1.4561645989557945,,82
C006-H300,Q2-004-G01,False,False,-1.4561645989557945,,119
C006-H300,Q2-005-G01,False,False,-1.4561645989557945,,86
C006-H300,Q2-006-G01,False,False,-1.4561645989557945,,178
C006-H300,Q2-007-G01,False,False,-1.4561645989557945,,175
C006-H300,Q2-008-G01,False,False,-1.4561645989557945,,123
C006-H300,Q2-011-G01,False,False,-1.4561645989557945,,125
C006-H300,Q2-013-G01,False,False,-1.4561645989557945,,196
C006-H300,Q2-015-G01,False,False,-1.4561645989557945,,172
C006-H300,Q2-016-G01,False,False,-1.4561645989557945,,184
C006-H300,Q2-018-G01,False,False,-1.4561645989557945,,121
C006-H300,Q2-019-G01,False,False,-1.4561645989557945,,121
C006-H300,Q2-020-G01,False,False,-1.4561645989557945,,183
C006-H300,Q2-021-G01,False,False,-1.4561645989557945,,189
C006-H300,Q2-022-G01,False,False,-1.4561645989557945,,175
C006-H300,Q2-023-G01,False,False,-1.4561645989557945,,166
C007-H100,Q2-002-G01,False,True,1.899710098584336,-7.79219521069885,54
C007-H100,Q2-003-G01,True,True,1.899710098584336,3.005422962316743,0
C007-H100,Q2-004-G01,False,True,1.899710098584336,-8.299305430776187,87
C007-H100,Q2-005-G01,False,True,1.899710098584336,-9.045213481488602,60
C007-H100,Q2-006-G01,False,True,1.899710098584336,-3.534689098895427,92
C007-H100,Q2-007-G01,False,True,1.899710098584336,-3.534689098895427,68
C007-H100,Q2-008-G01,False,True,1.899710098584336,-11.301722500522246,123
C007-H100,Q2-011-G01,True,True,1.899710098584336,17.39000012520802,0
C007-H100,Q2-013-G01,False,True,1.899710098584336,-5.413192447515286,81
C007-H100,Q2-015-G01,False,True,1.899710098584336,-10.973532353266549,138
C007-H100,Q2-016-G01,False,True,1.899710098584336,-2.625283179445276,103
C007-H100,Q2-018-G01,False,True,1.899710098584336,-7.061026638626885,89
C007-H100,Q2-019-G01,True,True,1.899710098584336,10.362434556266521,0
C007-H100,Q2-020-G01,False,True,1.899710098584336,-10.973532353266549,140
C007-H100,Q2-021-G01,False,True,1.899710098584336,-10.973532353266549,146
C007-H100,Q2-022-G01,False,True,1.899710098584336,-3.534689098895427,68
C007-H100,Q2-023-G01,False,True,1.899710098584336,-10.973532353266549,132
C007-H200,Q2-002-G01,False,True,11.891261028559256,-7.796420223071095,51
C007-H200,Q2-003-G01,True,True,11.891261028559256,3.0040125495992527,0
C007-H200,Q2-004-G01,False,True,11.891261028559256,-8.29981361193741,83
C007-H200,Q2-005-G01,False,True,11.891261028559256,-9.045492162769008,58
C007-H200,Q2-006-G01,True,True,11.891261028559256,6.448175061280153,0
C007-H200,Q2-007-G01,True,True,11.891261028559256,6.448175061280153,0
C007-H200,Q2-008-G01,False,True,11.891261028559256,-11.29850925423088,123
C007-H200,Q2-011-G01,True,True,11.891261028559256,17.307841290439114,0
C007-H200,Q2-013-G01,False,True,11.891261028559256,-5.421061025094161,80
C007-H200,Q2-015-G01,False,True,11.891261028559256,-10.970584303339365,134
C007-H200,Q2-016-G01,False,True,11.891261028559256,-2.645343746463098,88
C007-H200,Q2-018-G01,False,True,11.891261028559256,-7.053330381127267,72
C007-H200,Q2-019-G01,True,True,11.891261028559256,10.32301685487083,0
C007-H200,Q2-020-G01,False,True,11.891261028559256,-10.970584303339365,135
C007-H200,Q2-021-G01,False,True,11.891261028559256,-10.970584303339365,141
C007-H200,Q2-022-G01,True,True,11.891261028559256,6.448175061280153,0
C007-H200,Q2-023-G01,False,True,11.891261028559256,-10.970584303339365,128
C007-H300,Q2-002-G01,False,True,11.879421543359058,-7.804305415889132,51
C007-H300,Q2-003-G01,True,True,11.879421543359058,2.9976997425986696,0
C007-H300,Q2-004-G01,False,True,11.879421543359058,-8.304594576230727,78
C007-H300,Q2-005-G01,False,True,11.879421543359058,-9.04943395579798,56
C007-H300,Q2-006-G01,True,True,11.879421543359058,6.421404546217758,0
C007-H300,Q2-007-G01,True,True,11.879421543359058,6.421404546217758,0
C007-H300,Q2-008-G01,False,True,11.879421543359058,-11.300444475546158,123
C007-H300,Q2-011-G01,True,True,11.879421543359058,17.10172023662976,0
C007-H300,Q2-013-G01,False,True,11.879421543359058,-5.435239912751243,78
C007-H300,Q2-015-G01,False,True,11.879421543359058,-10.973138754710646,108
C007-H300,Q2-016-G01,False,True,11.879421543359058,-2.677254936218759,85
C007-H300,Q2-018-G01,False,True,11.879421543359058,-7.050901643400323,59
C007-H300,Q2-019-G01,True,True,11.879421543359058,10.26043271416269,0
C007-H300,Q2-020-G01,False,True,11.879421543359058,-10.973138754710646,105
C007-H300,Q2-021-G01,False,True,11.879421543359058,-10.973138754710646,111
C007-H300,Q2-022-G01,True,True,11.879421543359058,6.421404546217758,0
C007-H300,Q2-023-G01,False,True,11.879421543359058,-10.973138754710646,102
C008-H100,Q2-002-G01,False,True,1.9534010735024339,-7.793009285142787,56
C008-H100,Q2-003-G01,True,True,1.9534010735024339,3.039124619922717,0
C008-H100,Q2-004-G01,False,True,1.9534010735024339,-8.272888342978604,88
C008-H100,Q2-005-G01,False,True,1.9534010735024339,-9.01331469788029,60
C008-H100,Q2-006-G01,False,True,1.9534010735024339,-3.588696011559236,92
C008-H100,Q2-007-G01,False,True,1.9534010735024339,-3.588696011559236,69
C008-H100,Q2-008-G01,False,True,1.9534010735024339,-11.275119432145033,121
C008-H100,Q2-011-G01,True,True,1.9534010735024339,17.553344321091757,0
C008-H100,Q2-013-G01,False,True,1.9534010735024339,-5.468371311158677,81
C008-H100,Q2-015-G01,False,True,1.9534010735024339,-10.965986125619025,138
C008-H100,Q2-016-G01,False,True,1.9534010735024339,-2.722216558634969,108
C008-H100,Q2-018-G01,False,True,1.9534010735024339,-7.056101304508076,91
C008-H100,Q2-019-G01,True,True,1.9534010735024339,10.351787947973762,0
C008-H100,Q2-020-G01,False,True,1.9534010735024339,-10.965986125619025,141
C008-H100,Q2-021-G01,False,True,1.9534010735024339,-10.965986125619025,147
C008-H100,Q2-022-G01,False,True,1.9534010735024339,-3.588696011559236,69
C008-H100,Q2-023-G01,False,True,1.9534010735024339,-10.965986125619025,132
C008-H200,Q2-002-G01,False,True,11.94526463555897,-7.796790319895152,51
C008-H200,Q2-003-G01,True,True,11.94526463555897,3.038460881327893,0
C008-H200,Q2-004-G01,False,True,11.94526463555897,-8.27244471521361,83
C008-H200,Q2-005-G01,False,True,11.94526463555897,-9.01300930192322,58
C008-H200,Q2-006-G01,True,True,11.94526463555897,6.395543056371864,0
C008-H200,Q2-007-G01,True,True,11.94526463555897,6.395543056371864,0
C008-H200,Q2-008-G01,False,True,11.94526463555897,-11.271662427664296,121
C008-H200,Q2-011-G01,True,True,11.94526463555897,17.386750206301983,0
C008-H200,Q2-013-G01,False,True,11.94526463555897,-5.475384306935823,80
C008-H200,Q2-015-G01,False,True,11.94526463555897,-10.962819153399991,134
C008-H200,Q2-016-G01,False,True,11.94526463555897,-2.7404157088013648,88
C008-H200,Q2-018-G01,False,True,11.94526463555897,-7.047869714252542,75
C008-H200,Q2-019-G01,True,True,11.94526463555897,10.315334972874453,0
C008-H200,Q2-020-G01,False,True,11.94526463555897,-10.962819153399991,135
C008-H200,Q2-021-G01,False,True,11.94526463555897,-10.962819153399991,141
C008-H200,Q2-022-G01,True,True,11.94526463555897,6.395543056371864,0
C008-H200,Q2-023-G01,False,True,11.94526463555897,-10.962819153399991,128
C008-H300,Q2-002-G01,False,True,11.933693733988036,-7.804232414037841,51
C008-H300,Q2-003-G01,True,True,11.933693733988036,3.0326342821390426,0
C008-H300,Q2-004-G01,False,True,11.933693733988036,-8.276859078103897,78
C008-H300,Q2-005-G01,False,True,11.933693733988036,-9.016646012732679,56
C008-H300,Q2-006-G01,True,True,11.933693733988036,6.370250824515324,0
C008-H300,Q2-007-G01,True,True,11.933693733988036,6.370250824515324,0
C008-H300,Q2-008-G01,False,True,11.933693733988036,-11.272988529894334,121
C008-H300,Q2-011-G01,True,True,11.933693733988036,17.051668784282526,0
C008-H300,Q2-013-G01,False,True,11.933693733988036,-5.488633201881115,78
C008-H300,Q2-015-G01,False,True,11.933693733988036,-10.964687306459496,108
C008-H300,Q2-016-G01,False,True,11.933693733988036,-2.77022847677533,85
C008-H300,Q2-018-G01,False,True,11.933693733988036,-7.044398188987856,62
C008-H300,Q2-019-G01,True,True,11.933693733988036,10.255690176272552,0
C008-H300,Q2-020-G01,False,True,11.933693733988036,-10.964687306459496,104
C008-H300,Q2-021-G01,False,True,11.933693733988036,-10.964687306459496,110
C008-H300,Q2-022-G01,True,True,11.933693733988036,6.370250824515324,0
C008-H300,Q2-023-G01,False,True,11.933693733988036,-10.964687306459496,102
C009-H100,Q2-002-G01,False,True,2.655903631526172,-9.00912199378726,60
C009-H100,Q2-003-G01,True,True,2.655903631526172,2.225828555836358,0
C009-H100,Q2-004-G01,False,True,2.655903631526172,-6.806199624133754,92
C009-H100,Q2-005-G01,False,True,2.655903631526172,-9.502935506593332,56
C009-H100,Q2-006-G01,False,True,2.655903631526172,-5.618310065741511,125
C009-H100,Q2-007-G01,False,True,2.655903631526172,-5.618310065741511,107
C009-H100,Q2-008-G01,False,True,2.655903631526172,-11.568725164380325,123
C009-H100,Q2-011-G01,True,True,2.655903631526172,19.335145515982546,0
C009-H100,Q2-013-G01,False,True,2.655903631526172,-5.283733467607021,82
C009-H100,Q2-015-G01,False,True,2.655903631526172,-9.957222938254048,142
C009-H100,Q2-016-G01,False,True,2.655903631526172,-4.204617994480529,95
C009-H100,Q2-018-G01,False,True,2.655903631526172,-5.504375959709364,94
C009-H100,Q2-019-G01,False,True,2.655903631526172,-2.570655641682052,97
C009-H100,Q2-020-G01,False,True,2.655903631526172,-9.957222938254048,147
C009-H100,Q2-021-G01,False,True,2.655903631526172,-9.957222938254048,153
C009-H100,Q2-022-G01,False,True,2.655903631526172,-5.618310065741511,107
C009-H100,Q2-023-G01,False,True,2.655903631526172,-9.957222938254048,136
C009-H200,Q2-002-G01,False,True,12.64691130339807,-9.01159006388049,56
C009-H200,Q2-003-G01,True,True,12.64691130339807,2.2260092780512366,0
C009-H200,Q2-004-G01,False,True,12.64691130339807,-6.8032546765707025,85
C009-H200,Q2-005-G01,False,True,12.64691130339807,-9.502713493716385,56
C009-H200,Q2-006-G01,False,True,12.64691130339807,-5.627343950013511,74
C009-H200,Q2-007-G01,False,True,12.64691130339807,-5.627343950013511,50
C009-H200,Q2-008-G01,False,True,12.64691130339807,-11.56573311938061,123
C009-H200,Q2-011-G01,True,True,12.64691130339807,19.017669472847032,0
C009-H200,Q2-013-G01,False,True,12.64691130339807,-5.290132490983709,80
C009-H200,Q2-015-G01,False,True,12.64691130339807,-9.952913662493515,134
C009-H200,Q2-016-G01,False,True,12.64691130339807,-4.216386321919202,88
C009-H200,Q2-018-G01,False,True,12.64691130339807,-5.4917277716283195,82
C009-H200,Q2-019-G01,True,True,12.64691130339807,7.412417971463711,0
C009-H200,Q2-020-G01,False,True,12.64691130339807,-9.952913662493515,135
C009-H200,Q2-021-G01,False,True,12.64691130339807,-9.952913662493515,141
C009-H200,Q2-022-G01,False,True,12.64691130339807,-5.627343950013511,50
C009-H200,Q2-023-G01,False,True,12.64691130339807,-9.952913662493515,128
C009-H300,Q2-002-G01,False,True,12.633884077623236,-9.016828089612574,51
C009-H300,Q2-003-G01,True,True,12.633884077623236,2.2216940750848693,0
C009-H300,Q2-004-G01,False,True,12.633884077623236,-6.808797447108006,78
C009-H300,Q2-005-G01,False,True,12.633884077623236,-9.50561464603436,54
C009-H300,Q2-006-G01,True,True,12.633884077623236,4.3576111676111395,0
C009-H300,Q2-007-G01,True,True,12.633884077623236,4.3576111676111395,0
C009-H300,Q2-008-G01,False,True,12.633884077623236,-11.566296960363601,123
C009-H300,Q2-011-G01,True,True,12.633884077623236,18.56027510496753,0
C009-H300,Q2-013-G01,False,True,12.633884077623236,-5.3030422638981065,78
C009-H300,Q2-015-G01,False,True,12.633884077623236,-9.954256438902604,105
C009-H300,Q2-016-G01,False,True,12.633884077623236,-4.236459803773286,86
C009-H300,Q2-018-G01,False,True,12.633884077623236,-5.485027329926936,60
C009-H300,Q2-019-G01,True,True,12.633884077623236,7.383446108159831,0
C009-H300,Q2-020-G01,False,True,12.633884077623236,-9.954256438902604,99
C009-H300,Q2-021-G01,False,True,12.633884077623236,-9.954256438902604,105
C009-H300,Q2-022-G01,True,True,12.633884077623236,4.3576111676111395,0
C009-H300,Q2-023-G01,False,True,12.633884077623236,-9.954256438902604,99
C010-H100,Q2-002-G01,False,True,2.714352304233671,-9.013399683099834,60
C010-H100,Q2-003-G01,True,True,2.714352304233671,2.2494390822075445,0
C010-H100,Q2-004-G01,False,True,2.714352304233671,-6.774231294394866,92
C010-H100,Q2-005-G01,False,True,2.714352304233671,-9.477193149651953,56
C010-H100,Q2-006-G01,False,True,2.714352304233671,-5.659654710796616,146
C010-H100,Q2-007-G01,False,True,2.714352304233671,-5.659654710796616,134
C010-H100,Q2-008-G01,False,True,2.714352304233671,-11.545954869993182,123
C010-H100,Q2-011-G01,True,True,2.714352304233671,18.97131686156969,0
C010-H100,Q2-013-G01,False,True,2.714352304233671,-5.348829339696763,82
C010-H100,Q2-015-G01,False,True,2.714352304233671,-9.950233127318825,144
C010-H100,Q2-016-G01,False,True,2.714352304233671,-4.2829576339356805,96
C010-H100,Q2-018-G01,False,True,2.714352304233671,-5.504394743202823,95
C010-H100,Q2-019-G01,False,True,2.714352304233671,-2.591917708579416,96
C010-H100,Q2-020-G01,False,True,2.714352304233671,-9.950233127318825,147
C010-H100,Q2-021-G01,False,True,2.714352304233671,-9.950233127318825,153
C010-H100,Q2-022-G01,False,True,2.714352304233671,-5.659654710796616,134
C010-H100,Q2-023-G01,False,True,2.714352304233671,-9.950233127318825,138
C010-H200,Q2-002-G01,False,True,12.705538850410207,-9.01554159090945,56
C010-H200,Q2-003-G01,True,True,12.705538850410207,2.2500025491560933,0
C010-H200,Q2-004-G01,False,True,12.705538850410207,-6.770575071841051,85
C010-H200,Q2-005-G01,False,True,12.705538850410207,-9.476703319912616,54
C010-H200,Q2-006-G01,False,True,12.705538850410207,-5.668165978267922,76
C010-H200,Q2-007-G01,False,True,12.705538850410207,-5.668165978267922,51
C010-H200,Q2-008-G01,False,True,12.705538850410207,-11.542334916853818,123
C010-H200,Q2-011-G01,True,True,12.705538850410207,18.69042246308129,0
C010-H200,Q2-013-G01,False,True,12.705538850410207,-5.354663403816488,80
C010-H200,Q2-015-G01,False,True,12.705538850410207,-9.945753659427183,134
C010-H200,Q2-016-G01,False,True,12.705538850410207,-4.293916060106966,90
C010-H200,Q2-018-G01,False,True,12.705538850410207,-5.49129133039817,83
C010-H200,Q2-019-G01,True,True,12.705538850410207,7.392122706478489,0
C010-H200,Q2-020-G01,False,True,12.705538850410207,-9.945753659427183,135
C010-H200,Q2-021-G01,False,True,12.705538850410207,-9.945753659427183,141
C010-H200,Q2-022-G01,False,True,12.705538850410207,-5.668165978267922,51
C010-H200,Q2-023-G01,False,True,12.705538850410207,-9.945753659427183,128
C010-H300,Q2-002-G01,False,True,12.692634534504776,-9.020572850510945,52
C010-H300,Q2-003-G01,True,True,12.692634534504776,2.2459338541244875,0
C010-H300,Q2-004-G01,False,True,12.692634534504776,-6.775820968490336,78
C010-H300,Q2-005-G01,False,True,12.692634534504776,-9.479440142659868,53
C010-H300,Q2-006-G01,True,True,12.692634534504776,4.317365308778534,0
C010-H300,Q2-007-G01,True,True,12.692634534504776,4.317365308778534,0
C010-H300,Q2-008-G01,False,True,12.692634534504776,-11.542549129930421,123
C010-H300,Q2-011-G01,True,True,12.692634534504776,18.275478551183255,0
C010-H300,Q2-013-G01,False,True,12.692634534504776,-5.366914543800775,78
C010-H300,Q2-015-G01,False,True,12.692634534504776,-9.946570986705837,112
C010-H300,Q2-016-G01,False,True,12.692634534504776,-4.3130380095403495,87
C010-H300,Q2-018-G01,False,True,12.692634534504776,-5.483690424266655,60
C010-H300,Q2-019-G01,True,True,12.692634534504776,7.364164092758941,0
C010-H300,Q2-020-G01,False,True,12.692634534504776,-9.946570986705837,111
C010-H300,Q2-021-G01,False,True,12.692634534504776,-9.946570986705837,117
C010-H300,Q2-022-G01,True,True,12.692634534504776,4.317365308778534,0
C010-H300,Q2-023-G01,False,True,12.692634534504776,-9.946570986705837,106
C011-H100,Q2-002-G01,False,True,0.33322155681435106,-13.444681831091515,164
C011-H100,Q2-003-G01,False,True,0.33322155681435106,-12.494601004540243,82
C011-H100,Q2-004-G01,True,True,0.33322155681435106,7.562606827273271,0
C011-H100,Q2-005-G01,False,True,0.33322155681435106,-13.334597410552476,86
C011-H100,Q2-006-G01,False,True,0.33322155681435106,-11.163200776703277,178
C011-H100,Q2-007-G01,False,True,0.33322155681435106,-11.163200776703277,175
C011-H100,Q2-008-G01,False,True,0.33322155681435106,-14.53250347508532,123
C011-H100,Q2-011-G01,False,True,0.33322155681435106,-5.581190122611062,125
C011-H100,Q2-013-G01,False,True,0.33322155681435106,-5.936065780077925,196
C011-H100,Q2-015-G01,False,True,0.33322155681435106,-2.4477404436174766,53
C011-H100,Q2-016-G01,False,True,0.33322155681435106,-9.096219897150903,184
C011-H100,Q2-018-G01,True,True,0.33322155681435106,9.413265083926888,0
C011-H100,Q2-019-G01,False,True,0.33322155681435106,-10.138121615172906,121
C011-H100,Q2-020-G01,False,True,0.33322155681435106,-2.4477404436174766,41
C011-H100,Q2-021-G01,False,True,0.33322155681435106,-2.4477404436174766,47
C011-H100,Q2-022-G01,False,True,0.33322155681435106,-11.163200776703277,175
C011-H100,Q2-023-G01,False,True,0.33322155681435106,-2.4477404436174766,47
C011-H200,Q2-002-G01,False,True,0.32259613422459665,-13.447817860126321,164
C011-H200,Q2-003-G01,False,True,0.32259613422459665,-2.4976099320083307,82
C011-H200,Q2-004-G01,True,True,0.32259613422459665,7.551045384712182,0
C011-H200,Q2-005-G01,False,True,0.32259613422459665,-13.337078360004398,86
C011-H200,Q2-006-G01,False,True,0.32259613422459665,-11.169520312176644,124
C011-H200,Q2-007-G01,False,True,0.32259613422459665,-11.169520312176644,108
C011-H200,Q2-008-G01,False,True,0.32259613422459665,-14.534391170997196,123
C011-H200,Q2-011-G01,False,True,0.32259613422459665,-5.605485884471804,122
C011-H200,Q2-013-G01,False,True,0.32259613422459665,-5.954205644113387,190
C011-H200,Q2-015-G01,False,True,0.32259613422459665,-2.4797084606919526,49
C011-H200,Q2-016-G01,False,True,0.32259613422459665,-9.106148017953274,162
C011-H200,Q2-018-G01,True,True,0.32259613422459665,9.4090434480091,0
C011-H200,Q2-019-G01,False,True,0.32259613422459665,-0.14589766771800328,77
C011-H200,Q2-020-G01,False,True,0.32259613422459665,-2.4797084606919526,37
C011-H200,Q2-021-G01,False,True,0.32259613422459665,-2.4797084606919526,43
C011-H200,Q2-022-G01,False,True,0.32259613422459665,-11.169520312176644,108
C011-H200,Q2-023-G01,False,True,0.32259613422459665,-2.4797084606919526,43
C011-H300,Q2-002-G01,False,True,0.30962353470818016,-13.451949537096084,164
C011-H300,Q2-003-G01,False,True,0.30962353470818016,-2.501858751694499,82
C011-H300,Q2-004-G01,True,True,0.30962353470818016,7.526995853872506,0
C011-H300,Q2-005-G01,False,True,0.30962353470818016,-13.340581727613369,86
C011-H300,Q2-006-G01,False,True,0.30962353470818016,-1.177515547231593,124
C011-H300,Q2-007-G01,False,True,0.30962353470818016,-1.177515547231593,109
C011-H300,Q2-008-G01,False,True,0.30962353470818016,-14.537055313570534,123
C011-H300,Q2-011-G01,False,True,0.30962353470818016,-5.6356855554447804,85
C011-H300,Q2-013-G01,False,True,0.30962353470818016,-5.977851295491035,159
C011-H300,Q2-015-G01,True,True,0.30962353470818016,7.233211165085621,0
C011-H300,Q2-016-G01,False,True,0.30962353470818016,-9.118760543265509,86
C011-H300,Q2-018-G01,True,True,0.30962353470818016,9.385605706759307,0
C011-H300,Q2-019-G01,False,True,0.30962353470818016,-0.15579170924247876,77
C011-H300,Q2-020-G01,True,True,0.30962353470818016,7.2575935667636315,0
C011-H300,Q2-021-G01,True,True,0.30962353470818016,7.2575935667636315,0
C011-H300,Q2-022-G01,False,True,0.30962353470818016,-1.177515547231593,109
C011-H300,Q2-023-G01,True,True,0.30962353470818016,7.233211165085621,0
C012-H100,Q2-002-G01,False,True,3.5375573814223458,-10.175384787384786,75
C012-H100,Q2-003-G01,True,True,3.5375573814223458,1.3921056524811206,0
C012-H100,Q2-004-G01,False,True,3.5375573814223458,-4.734912042348299,90
C012-H100,Q2-005-G01,False,True,3.5375573814223458,-10.000108206234174,62
C012-H100,Q2-006-G01,False,True,3.5375573814223458,-7.516763071005343,94
C012-H100,Q2-007-G01,False,True,3.5375573814223458,-7.516763071005343,71
C012-H100,Q2-008-G01,False,True,3.5375573814223458,-11.841229788201929,123
C012-H100,Q2-011-G01,True,True,3.5375573814223458,12.958410139604766,0
C012-H100,Q2-013-G01,False,True,3.5375573814223458,-5.902957055023606,80
C012-H100,Q2-015-G01,False,True,3.5375573814223458,-8.748632228557355,140
C012-H100,Q2-016-G01,False,True,3.5375573814223458,-6.106506951895483,97
C012-H100,Q2-018-G01,False,True,3.5375573814223458,-3.692442924634136,96
C012-H100,Q2-019-G01,False,True,3.5375573814223458,-5.007144907234675,71
C012-H100,Q2-020-G01,False,True,3.5375573814223458,-8.748632228557355,145
C012-H100,Q2-021-G01,False,True,3.5375573814223458,-8.748632228557355,151
C012-H100,Q2-022-G01,False,True,3.5375573814223458,-7.516763071005343,71
C012-H100,Q2-023-G01,False,True,3.5375573814223458,-8.748632228557355,134
C012-H200,Q2-002-G01,False,True,13.524817640956798,-10.178007433444193,75
C012-H200,Q2-003-G01,True,True,13.524817640956798,1.3907654722565894,0
C012-H200,Q2-004-G01,False,True,13.524817640956798,-4.736100391117716,80
C012-H200,Q2-005-G01,False,True,13.524817640956798,-10.001166195836106,62
C012-H200,Q2-006-G01,False,True,13.524817640956798,-7.523955673679481,74
C012-H200,Q2-007-G01,False,True,13.524817640956798,-7.523955673679481,50
C012-H200,Q2-008-G01,False,True,13.524817640956798,-11.838889546836413,123
C012-H200,Q2-011-G01,True,True,13.524817640956798,12.868345180703358,0
C012-H200,Q2-013-G01,False,True,13.524817640956798,-5.910471983611643,78
C012-H200,Q2-015-G01,False,True,13.524817640956798,-8.744179760978156,126
C012-H200,Q2-016-G01,False,True,13.524817640956798,-6.115980381317314,90
C012-H200,Q2-018-G01,False,True,13.524817640956798,-3.6765202706244935,81
C012-H200,Q2-019-G01,True,True,13.524817640956798,4.980774811533223,0
C012-H200,Q2-020-G01,False,True,13.524817640956798,-8.744179760978156,127
C012-H200,Q2-021-G01,False,True,13.524817640956798,-8.744179760978156,133
C012-H200,Q2-022-G01,False,True,13.524817640956798,-7.523955673679481,50
C012-H200,Q2-023-G01,False,True,13.524817640956798,-8.744179760978156,120
C012-H300,Q2-002-G01,False,True,13.50715837326699,-10.182747189532563,75
C012-H300,Q2-003-G01,True,True,13.50715837326699,1.3861502390844151,0
C012-H300,Q2-004-G01,False,True,13.50715837326699,-4.747587919163479,74
C012-H300,Q2-005-G01,False,True,13.50715837326699,-10.004518548830006,62
C012-H300,Q2-006-G01,True,True,13.50715837326699,2.4649648408057203,0
C012-H300,Q2-007-G01,True,True,13.50715837326699,2.4649648408057203,0
C012-H300,Q2-008-G01,False,True,13.50715837326699,-11.84101662316283,123
C012-H300,Q2-011-G01,True,True,13.50715837326699,12.738407727714986,0
C012-H300,Q2-013-G01,False,True,13.50715837326699,-5.9236253407498225,76
C012-H300,Q2-015-G01,False,True,13.50715837326699,-8.749042844836751,73
C012-H300,Q2-016-G01,False,True,13.50715837326699,-6.130821147024818,86
C012-H300,Q2-018-G01,False,True,13.50715837326699,-3.67283484120361,58
C012-H300,Q2-019-G01,True,True,13.50715837326699,4.961797564103065,0
C012-H300,Q2-020-G01,False,True,13.50715837326699,-8.749042844836751,61
C012-H300,Q2-021-G01,False,True,13.50715837326699,-8.749042844836751,67
C012-H300,Q2-022-G01,True,True,13.50715837326699,2.4649648408057203,0
C012-H300,Q2-023-G01,False,True,13.50715837326699,-8.749042844836751,67
C013-H100,Q2-002-G01,False,True,3.6011336702028984,-10.182070584769463,75
C013-H100,Q2-003-G01,True,True,3.6011336702028984,1.406398293103905,0
C013-H100,Q2-004-G01,False,True,3.6011336702028984,-4.696874356201221,92
C013-H100,Q2-005-G01,False,True,3.6011336702028984,-9.98088828896259,53
C013-H100,Q2-006-G01,False,True,3.6011336702028984,-7.549857617132062,94
C013-H100,Q2-007-G01,False,True,3.6011336702028984,-7.549857617132062,71
C013-H100,Q2-008-G01,False,True,3.6011336702028984,-11.821935245166614,123
C013-H100,Q2-011-G01,True,True,3.6011336702028984,2.8029496842043784,0
C013-H100,Q2-013-G01,False,True,3.6011336702028984,-5.968696166793691,80
C013-H100,Q2-015-G01,False,True,3.6011336702028984,-8.744583289478783,140
C013-H100,Q2-016-G01,False,True,3.6011336702028984,-6.165971786569855,99
C013-H100,Q2-018-G01,False,True,3.6011336702028984,-3.7090656135462154,97
C013-H100,Q2-019-G01,False,True,3.6011336702028984,-5.030657691437369,77
C013-H100,Q2-020-G01,False,True,3.6011336702028984,-8.744583289478783,144
C013-H100,Q2-021-G01,False,True,3.6011336702028984,-8.744583289478783,150
C013-H100,Q2-022-G01,False,True,3.6011336702028984,-7.549857617132062,71
C013-H100,Q2-023-G01,False,True,3.6011336702028984,-8.744583289478783,134
C013-H200,Q2-002-G01,False,True,13.588760177274338,-10.184456883271153,75
C013-H200,Q2-003-G01,True,True,13.588760177274338,1.4055262386052618,0
C013-H200,Q2-004-G01,False,True,13.588760177274338,-4.6957023128451425,81
C013-H200,Q2-005-G01,False,True,13.588760177274338,-9.981634526058158,52
C013-H200,Q2-006-G01,False,True,13.588760177274338,-7.556570206652083,76
C013-H200,Q2-007-G01,False,True,13.588760177274338,-7.556570206652083,51
C013-H200,Q2-008-G01,False,True,13.588760177274338,-11.819421887410456,123
C013-H200,Q2-011-G01,True,True,13.588760177274338,12.720552950926916,0
C013-H200,Q2-013-G01,False,True,13.588760177274338,-5.97548600886573,78
C013-H200,Q2-015-G01,False,True,13.588760177274338,-8.73958560528385,126
C013-H200,Q2-016-G01,False,True,13.588760177274338,-6.174731693697211,90
C013-H200,Q2-018-G01,False,True,13.588760177274338,-3.692168124813108,85
C013-H200,Q2-019-G01,True,True,13.588760177274338,4.9580862723211965,0
C013-H200,Q2-020-G01,False,True,13.588760177274338,-8.73958560528385,127
C013-H200,Q2-021-G01,False,True,13.588760177274338,-8.73958560528385,133
C013-H200,Q2-022-G01,False,True,13.588760177274338,-7.556570206652083,51
C013-H200,Q2-023-G01,False,True,13.588760177274338,-8.73958560528385,120
C013-H300,Q2-002-G01,False,True,13.571391149188273,-10.18895753588643,75
C013-H300,Q2-003-G01,True,True,13.571391149188273,1.4012299885853565,0
C013-H300,Q2-004-G01,False,True,13.571391149188273,-4.706476994882593,74
C013-H300,Q2-005-G01,False,True,13.571391149188273,-9.984758737952518,51
C013-H300,Q2-006-G01,True,True,13.571391149188273,2.4328575178691096,0
C013-H300,Q2-007-G01,True,True,13.571391149188273,2.4328575178691096,0
C013-H300,Q2-008-G01,False,True,13.571391149188273,-11.821064475451607,123
C013-H300,Q2-011-G01,True,True,13.571391149188273,12.599308676703345,0
C013-H300,Q2-013-G01,False,True,13.571391149188273,-5.987833669957283,76
C013-H300,Q2-015-G01,False,True,13.571391149188273,-8.743624179941335,76
C013-H300,Q2-016-G01,False,True,13.571391149188273,-6.188790439422348,86
C013-H300,Q2-018-G01,False,True,13.571391149188273,-3.686449927704416,59
C013-H300,Q2-019-G01,True,True,13.571391149188273,4.939963641445402,0
C013-H300,Q2-020-G01,False,True,13.571391149188273,-8.743624179941335,64
C013-H300,Q2-021-G01,False,True,13.571391149188273,-8.743624179941335,70
C013-H300,Q2-022-G01,True,True,13.571391149188273,2.4328575178691096,0
C013-H300,Q2-023-G01,False,True,13.571391149188273,-8.743624179941335,70
C014-H100,Q2-002-G01,False,True,4.070132202637581,-6.3825835712463,67
C014-H100,Q2-003-G01,True,True,4.070132202637581,6.725197597485987,0
C014-H100,Q2-004-G01,False,True,4.070132202637581,-8.939189694365993,89
C014-H100,Q2-005-G01,False,True,4.070132202637581,-6.014957223099316,60
C014-H100,Q2-006-G01,False,True,4.070132202637581,-4.91400381310595,72
C014-H100,Q2-007-G01,False,True,4.070132202637581,-4.91400381310595,48
C014-H100,Q2-008-G01,False,True,4.070132202637581,-9.012131795368674,93
C014-H100,Q2-011-G01,False,True,4.070132202637581,-1.6937707074263386,101
C014-H100,Q2-013-G01,False,True,4.070132202637581,-8.702675794780788,82
C014-H100,Q2-015-G01,False,True,4.070132202637581,-11.953246752180235,132
C014-H100,Q2-016-G01,False,True,4.070132202637581,-6.353392474075278,110
C014-H100,Q2-018-G01,False,True,4.070132202637581,-8.889015941954241,87
C014-H100,Q2-019-G01,True,True,4.070132202637581,10.858348154530049,0
C014-H100,Q2-020-G01,False,True,4.070132202637581,-11.953246752180235,133
C014-H100,Q2-021-G01,False,True,4.070132202637581,-11.953246752180235,139
C014-H100,Q2-022-G01,False,True,4.070132202637581,-4.91400381310595,48
C014-H100,Q2-023-G01,False,True,4.070132202637581,-11.953246752180235,126
C014-H200,Q2-002-G01,False,True,4.05823616205285,-6.384614089399122,61
C014-H200,Q2-003-G01,True,True,4.05823616205285,6.727147809535424,0
C014-H200,Q2-004-G01,False,True,4.05823616205285,-8.937427051146003,81
C014-H200,Q2-005-G01,False,True,4.05823616205285,-6.012036044385724,58
C014-H200,Q2-006-G01,False,True,4.05823616205285,-4.923927747166971,70
C014-H200,Q2-007-G01,False,True,4.05823616205285,-4.923927747166971,46
C014-H200,Q2-008-G01,False,True,4.05823616205285,-9.00556302841919,81
C014-H200,Q2-011-G01,False,True,4.05823616205285,-1.7182210224156762,86
C014-H200,Q2-013-G01,False,True,4.05823616205285,-8.705296686640281,80
C014-H200,Q2-015-G01,False,True,4.05823616205285,-11.950387250579013,132
C014-H200,Q2-016-G01,False,True,4.05823616205285,-6.36001786332109,90
C014-H200,Q2-018-G01,False,True,4.05823616205285,-8.88237853024188,71
C014-H200,Q2-019-G01,True,True,4.05823616205285,10.823779496701718,0
C014-H200,Q2-020-G01,False,True,4.05823616205285,-11.950387250579013,133
C014-H200,Q2-021-G01,False,True,4.05823616205285,-11.950387250579013,139
C014-H200,Q2-022-G01,False,True,4.05823616205285,-4.923927747166971,46
C014-H200,Q2-023-G01,False,True,4.05823616205285,-11.950387250579013,126
C014-H300,Q2-002-G01,False,True,14.04076738352569,-6.393702323513352,56
C014-H300,Q2-003-G01,True,True,14.04076738352569,6.716012692629818,0
C014-H300,Q2-004-G01,False,True,14.04076738352569,-8.94054170410709,76
C014-H300,Q2-005-G01,False,True,14.04076738352569,-6.017971325740874,54
C014-H300,Q2-006-G01,False,True,14.04076738352569,-4.940916660224445,69
C014-H300,Q2-007-G01,False,True,14.04076738352569,-4.940916660224445,44
C014-H300,Q2-008-G01,False,True,14.04076738352569,-9.005728062545828,78
C014-H300,Q2-011-G01,True,True,14.04076738352569,8.242700156891587,0
C014-H300,Q2-013-G01,False,True,14.04076738352569,-8.710889693302533,79
C014-H300,Q2-015-G01,False,True,14.04076738352569,-11.950787179939397,132
C014-H300,Q2-016-G01,False,True,14.04076738352569,-6.3717818609517,86
C014-H300,Q2-018-G01,False,True,14.04076738352569,-8.879315983060266,61
C014-H300,Q2-019-G01,True,True,14.04076738352569,10.763068027812594,0
C014-H300,Q2-020-G01,False,True,14.04076738352569,-11.950787179939397,133
C014-H300,Q2-021-G01,False,True,14.04076738352569,-11.950787179939397,139
C014-H300,Q2-022-G01,False,True,14.04076738352569,-4.940916660224445,44
C014-H300,Q2-023-G01,False,True,14.04076738352569,-11.950787179939397,126
C015-H100,Q2-002-G01,False,True,4.133916866816861,-6.4060224016579355,67
C015-H100,Q2-003-G01,True,True,4.133916866816861,6.760117899789577,0
C015-H100,Q2-004-G01,False,True,4.133916866816861,-8.927779258726645,87
C015-H100,Q2-005-G01,False,True,4.133916866816861,-5.973401690439658,58
C015-H100,Q2-006-G01,False,True,4.133916866816861,-4.983895682139803,72
C015-H100,Q2-007-G01,False,True,4.133916866816861,-4.983895682139803,48
C015-H100,Q2-008-G01,False,True,4.133916866816861,-8.978663026833289,93
C015-H100,Q2-011-G01,False,True,4.133916866816861,-1.7684143706198228,102
C015-H100,Q2-013-G01,False,True,4.133916866816861,-8.741571231455751,104
C015-H100,Q2-015-G01,False,True,4.133916866816861,-11.953130877683577,132
C015-H100,Q2-016-G01,False,True,4.133916866816861,-6.417620467405385,120
C015-H100,Q2-018-G01,False,True,4.133916866816861,-8.89771166986219,87
C015-H100,Q2-019-G01,True,True,4.133916866816861,10.731651572650975,0
C015-H100,Q2-020-G01,False,True,4.133916866816861,-11.953130877683577,133
C015-H100,Q2-021-G01,False,True,4.133916866816861,-11.953130877683577,139
C015-H100,Q2-022-G01,False,True,4.133916866816861,-4.983895682139803,48
C015-H100,Q2-023-G01,False,True,4.133916866816861,-11.953130877683577,126
C015-H200,Q2-002-G01,False,True,4.122284189127058,-6.407177939211351,60
C015-H200,Q2-003-G01,True,True,4.122284189127058,6.763221553062252,0
C015-H200,Q2-004-G01,False,True,4.122284189127058,-8.92605833739826,81
C015-H200,Q2-005-G01,False,True,4.122284189127058,-5.970687960744158,56
C015-H200,Q2-006-G01,False,True,4.122284189127058,-4.993123042740891,70
C015-H200,Q2-007-G01,False,True,4.122284189127058,-4.993123042740891,46
C015-H200,Q2-008-G01,False,True,4.122284189127058,-8.972389149057818,85
C015-H200,Q2-011-G01,False,True,4.122284189127058,-1.7913240875513168,87
C015-H200,Q2-013-G01,False,True,4.122284189127058,-8.743760922325592,80
C015-H200,Q2-015-G01,False,True,4.122284189127058,-11.950162817300694,132
C015-H200,Q2-016-G01,False,True,4.122284189127058,-6.422782703605492,92
C015-H200,Q2-018-G01,False,True,4.122284189127058,-8.890840692448648,71
C015-H200,Q2-019-G01,True,True,4.122284189127058,10.700069572351197,0
C015-H200,Q2-020-G01,False,True,4.122284189127058,-11.950162817300694,133
C015-H200,Q2-021-G01,False,True,4.122284189127058,-11.950162817300694,139
C015-H200,Q2-022-G01,False,True,4.122284189127058,-4.993123042740891,46
C015-H200,Q2-023-G01,False,True,4.122284189127058,-11.950162817300694,126
C015-H300,Q2-002-G01,False,True,14.104993787762368,-6.4158311740280425,54
C015-H300,Q2-003-G01,True,True,14.104993787762368,6.752798355050572,0
C015-H300,Q2-004-G01,False,True,14.104993787762368,-8.92896364408837,76
C015-H300,Q2-005-G01,False,True,14.104993787762368,-5.976250707010266,54
C015-H300,Q2-006-G01,False,True,14.104993787762368,-5.009307616392718,69
C015-H300,Q2-007-G01,False,True,14.104993787762368,-5.009307616392718,44
C015-H300,Q2-008-G01,False,True,14.104993787762368,-8.971295332603376,78
C015-H300,Q2-011-G01,True,True,14.104993787762368,8.171361986986454,0
C015-H300,Q2-013-G01,False,True,14.104993787762368,-8.749077937960422,80
C015-H300,Q2-015-G01,False,True,14.104993787762368,-11.950212052799841,132
C015-H300,Q2-016-G01,False,True,14.104993787762368,-6.433991800258042,86
C015-H300,Q2-018-G01,False,True,14.104993787762368,-8.887434262743966,64
C015-H300,Q2-019-G01,True,True,14.104993787762368,10.643022093515214,0
C015-H300,Q2-020-G01,False,True,14.104993787762368,-11.950212052799841,133
C015-H300,Q2-021-G01,False,True,14.104993787762368,-11.950212052799841,139
C015-H300,Q2-022-G01,False,True,14.104993787762368,-5.009307616392718,44
C015-H300,Q2-023-G01,False,True,14.104993787762368,-11.950212052799841,126
C016-H100,Q2-002-G01,False,True,4.154837051259733,-6.228974194061593,63
C016-H100,Q2-003-G01,True,True,4.154837051259733,7.160135850506123,0
C016-H100,Q2-004-G01,False,True,4.154837051259733,-9.077380961872862,83
C016-H100,Q2-005-G01,False,True,4.154837051259733,-5.685901768021068,59
C016-H100,Q2-006-G01,False,True,4.154837051259733,-5.024917232566565,71
C016-H100,Q2-007-G01,False,True,4.154837051259733,-5.024917232566565,47
C016-H100,Q2-008-G01,False,True,4.154837051259733,-8.781288357193176,90
C016-H100,Q2-011-G01,False,True,4.154837051259733,-2.2098153770266578,97
C016-H100,Q2-013-G01,False,True,4.154837051259733,-8.930266524040832,82
C016-H100,Q2-015-G01,False,True,4.154837051259733,-12.076544282718089,136
C016-H100,Q2-016-G01,False,True,4.154837051259733,-6.588333355238603,104
C016-H100,Q2-018-G01,False,True,4.154837051259733,-9.086059223328604,82
C016-H100,Q2-019-G01,True,True,4.154837051259733,10.712240155111118,0
C016-H100,Q2-020-G01,False,True,4.154837051259733,-12.076544282718089,137
C016-H100,Q2-021-G01,False,True,4.154837051259733,-12.076544282718089,143
C016-H100,Q2-022-G01,False,True,4.154837051259733,-5.024917232566565,47
C016-H100,Q2-023-G01,False,True,4.154837051259733,-12.076544282718089,130
C016-H200,Q2-002-G01,False,True,4.141047329336544,-6.234659755766316,56
C016-H200,Q2-003-G01,True,True,4.141047329336544,7.157601052023153,0
C016-H200,Q2-004-G01,False,True,4.141047329336544,-9.077913289583563,78
C016-H200,Q2-005-G01,False,True,4.141047329336544,-5.685953445208185,56
C016-H200,Q2-006-G01,False,True,4.141047329336544,-5.036596997689472,69
C016-H200,Q2-007-G01,False,True,4.141047329336544,-5.036596997689472,46
C016-H200,Q2-008-G01,False,True,4.141047329336544,-8.775314627013245,81
C016-H200,Q2-011-G01,False,True,4.141047329336544,-2.235357065228186,84
C016-H200,Q2-013-G01,False,True,4.141047329336544,-8.933571220269997,80
C016-H200,Q2-015-G01,False,True,4.141047329336544,-12.074161534549205,135
C016-H200,Q2-016-G01,False,True,4.141047329336544,-6.596059756126678,88
C016-H200,Q2-018-G01,False,True,4.141047329336544,-9.079867389064034,67
C016-H200,Q2-019-G01,True,True,4.141047329336544,10.671340200727485,0
C016-H200,Q2-020-G01,False,True,4.141047329336544,-12.074161534549205,137
C016-H200,Q2-021-G01,False,True,4.141047329336544,-12.074161534549205,143
C016-H200,Q2-022-G01,False,True,4.141047329336544,-5.036596997689472,46
C016-H200,Q2-023-G01,False,True,4.141047329336544,-12.074161534549205,129
C016-H300,Q2-002-G01,False,True,14.121590659078237,-6.245585240901491,51
C016-H300,Q2-003-G01,True,True,14.121590659078237,7.1419944549886765,0
C016-H300,Q2-004-G01,False,True,14.121590659078237,-9.081718990633618,74
C016-H300,Q2-005-G01,False,True,14.121590659078237,-5.694075127455477,54
C016-H300,Q2-006-G01,False,True,14.121590659078237,-5.055148899307156,67
C016-H300,Q2-007-G01,False,True,14.121590659078237,-5.055148899307156,44
C016-H300,Q2-008-G01,False,True,14.121590659078237,-8.778133362644397,78
C016-H300,Q2-011-G01,True,True,14.121590659078237,7.726143492817428,0
C016-H300,Q2-013-G01,False,True,14.121590659078237,-8.939694438210012,80
C016-H300,Q2-015-G01,False,True,14.121590659078237,-12.075832370967817,135
C016-H300,Q2-016-G01,False,True,14.121590659078237,-6.608598778885437,86
C016-H300,Q2-018-G01,False,True,14.121590659078237,-9.079140926815242,60
C016-H300,Q2-019-G01,True,True,14.121590659078237,10.605350903250184,0
C016-H300,Q2-020-G01,False,True,14.121590659078237,-12.075832370967817,137
C016-H300,Q2-021-G01,False,True,14.121590659078237,-12.075832370967817,143
C016-H300,Q2-022-G01,False,True,14.121590659078237,-5.055148899307156,44
C016-H300,Q2-023-G01,False,True,14.121590659078237,-12.075832370967817,129
C017-H100,Q2-002-G01,False,True,4.129271779967155,-6.172353282554511,63
C017-H100,Q2-003-G01,True,True,4.129271779967155,7.243214164307673,0
C017-H100,Q2-004-G01,False,True,4.129271779967155,-9.120467018448068,85
C017-H100,Q2-005-G01,False,True,4.129271779967155,-5.635156981647484,60
C017-H100,Q2-006-G01,False,True,4.129271779967155,-5.000092207943197,71
C017-H100,Q2-007-G01,False,True,4.129271779967155,-5.000092207943197,47
C017-H100,Q2-008-G01,False,True,4.129271779967155,-8.750248898399818,90
C017-H100,Q2-011-G01,False,True,4.129271779967155,-2.2788788665302206,100
C017-H100,Q2-013-G01,False,True,4.129271779967155,-8.95799275729945,82
C017-H100,Q2-015-G01,False,True,4.129271779967155,-12.107790514966894,136
C017-H100,Q2-016-G01,False,True,4.129271779967155,-6.599896457538762,104
C017-H100,Q2-018-G01,False,True,4.129271779967155,-9.12957910263529,83
C017-H100,Q2-019-G01,True,True,4.129271779967155,10.771698008739904,0
C017-H100,Q2-020-G01,False,True,4.129271779967155,-12.107790514966894,139
C017-H100,Q2-021-G01,False,True,4.129271779967155,-12.107790514966894,145
C017-H100,Q2-022-G01,False,True,4.129271779967155,-5.000092207943197,47
C017-H100,Q2-023-G01,False,True,4.129271779967155,-12.107790514966894,130
C017-H200,Q2-002-G01,False,True,4.11604438137762,-6.177663376639444,58
C017-H200,Q2-003-G01,True,True,4.11604438137762,7.242025316097397,0
C017-H200,Q2-004-G01,False,True,4.11604438137762,-9.120434291490639,78
C017-H200,Q2-005-G01,False,True,4.11604438137762,-5.634134907712593,56
C017-H200,Q2-006-G01,False,True,4.11604438137762,-5.01125016371185,69
C017-H200,Q2-007-G01,False,True,4.11604438137762,-5.01125016371185,46
C017-H200,Q2-008-G01,False,True,4.11604438137762,-8.74395189440395,81
C017-H200,Q2-011-G01,False,True,4.11604438137762,-2.3029205541655244,85
C017-H200,Q2-013-G01,False,True,4.11604438137762,-8.961039340832414,80
C017-H200,Q2-015-G01,False,True,4.11604438137762,-12.105309907528522,136
C017-H200,Q2-016-G01,False,True,4.11604438137762,-6.607194680814246,88
C017-H200,Q2-018-G01,False,True,4.11604438137762,-9.123505271785405,68
C017-H200,Q2-019-G01,True,True,4.11604438137762,10.732445772875366,0
C017-H200,Q2-020-G01,False,True,4.11604438137762,-12.105309907528522,139
C017-H200,Q2-021-G01,False,True,4.11604438137762,-12.105309907528522,145
C017-H200,Q2-022-G01,False,True,4.11604438137762,-5.01125016371185,46
C017-H200,Q2-023-G01,False,True,4.11604438137762,-12.105309907528522,130
C017-H300,Q2-002-G01,False,True,14.097178583179002,-6.188284078461251,51
C017-H300,Q2-003-G01,True,True,14.097178583179002,7.227098503480903,0
C017-H300,Q2-004-G01,False,True,14.097178583179002,-9.12397456943063,74
C017-H300,Q2-005-G01,False,True,14.097178583179002,-5.641844864596649,54
C017-H300,Q2-006-G01,False,True,14.097178583179002,-5.029324194862056,67
C017-H300,Q2-007-G01,False,True,14.097178583179002,-5.029324194862056,44
C017-H300,Q2-008-G01,False,True,14.097178583179002,-8.746013724512025,78
C017-H300,Q2-011-G01,True,True,14.097178583179002,7.660260653122577,0
C017-H300,Q2-013-G01,False,True,14.097178583179002,-8.966887209103305,80
C017-H300,Q2-015-G01,False,True,14.097178583179002,-12.106597302851071,136
C017-H300,Q2-016-G01,False,True,14.097178583179002,-6.619295124549922,86
C017-H300,Q2-018-G01,False,True,14.097178583179002,-9.122050663029412,61
C017-H300,Q2-019-G01,True,True,14.097178583179002,10.667704764634266,0
C017-H300,Q2-020-G01,False,True,14.097178583179002,-12.106597302851071,139
C017-H300,Q2-021-G01,False,True,14.097178583179002,-12.106597302851071,145
C017-H300,Q2-022-G01,False,True,14.097178583179002,-5.029324194862056,44
C017-H300,Q2-023-G01,False,True,14.097178583179002,-12.106597302851071,130
C018-H100,Q2-002-G01,False,False,-1.2857518533780024,,164
C018-H100,Q2-003-G01,False,False,-1.2857518533780024,,82
C018-H100,Q2-004-G01,False,False,-1.2857518533780024,,119
C018-H100,Q2-005-G01,False,False,-1.2857518533780024,,86
C018-H100,Q2-006-G01,False,False,-1.2857518533780024,,178
C018-H100,Q2-007-G01,False,False,-1.2857518533780024,,175
C018-H100,Q2-008-G01,False,False,-1.2857518533780024,,123
C018-H100,Q2-011-G01,False,False,-1.2857518533780024,,125
C018-H100,Q2-013-G01,False,False,-1.2857518533780024,,196
C018-H100,Q2-015-G01,False,False,-1.2857518533780024,,172
C018-H100,Q2-016-G01,False,False,-1.2857518533780024,,184
C018-H100,Q2-018-G01,False,False,-1.2857518533780024,,121
C018-H100,Q2-019-G01,False,False,-1.2857518533780024,,121
C018-H100,Q2-020-G01,False,False,-1.2857518533780024,,183
C018-H100,Q2-021-G01,False,False,-1.2857518533780024,,189
C018-H100,Q2-022-G01,False,False,-1.2857518533780024,,175
C018-H100,Q2-023-G01,False,False,-1.2857518533780024,,166
C018-H200,Q2-002-G01,False,False,-1.290971681287857,,164
C018-H200,Q2-003-G01,False,False,-1.290971681287857,,82
C018-H200,Q2-004-G01,False,False,-1.290971681287857,,119
C018-H200,Q2-005-G01,False,False,-1.290971681287857,,86
C018-H200,Q2-006-G01,False,False,-1.290971681287857,,178
C018-H200,Q2-007-G01,False,False,-1.290971681287857,,175
C018-H200,Q2-008-G01,False,False,-1.290971681287857,,123
C018-H200,Q2-011-G01,False,False,-1.290971681287857,,125
C018-H200,Q2-013-G01,False,False,-1.290971681287857,,196
C018-H200,Q2-015-G01,False,False,-1.290971681287857,,172
C018-H200,Q2-016-G01,False,False,-1.290971681287857,,184
C018-H200,Q2-018-G01,False,False,-1.290971681287857,,121
C018-H200,Q2-019-G01,False,False,-1.290971681287857,,121
C018-H200,Q2-020-G01,False,False,-1.290971681287857,,183
C018-H200,Q2-021-G01,False,False,-1.290971681287857,,189
C018-H200,Q2-022-G01,False,False,-1.290971681287857,,175
C018-H200,Q2-023-G01,False,False,-1.290971681287857,,166
C018-H300,Q2-002-G01,False,False,-1.297824082083494,,164
C018-H300,Q2-003-G01,False,False,-1.297824082083494,,82
C018-H300,Q2-004-G01,False,False,-1.297824082083494,,119
C018-H300,Q2-005-G01,False,False,-1.297824082083494,,86
C018-H300,Q2-006-G01,False,False,-1.297824082083494,,178
C018-H300,Q2-007-G01,False,False,-1.297824082083494,,175
C018-H300,Q2-008-G01,False,False,-1.297824082083494,,123
C018-H300,Q2-011-G01,False,False,-1.297824082083494,,125
C018-H300,Q2-013-G01,False,False,-1.297824082083494,,196
C018-H300,Q2-015-G01,False,False,-1.297824082083494,,172
C018-H300,Q2-016-G01,False,False,-1.297824082083494,,184
C018-H300,Q2-018-G01,False,False,-1.297824082083494,,121
C018-H300,Q2-019-G01,False,False,-1.297824082083494,,121
C018-H300,Q2-020-G01,False,False,-1.297824082083494,,183
C018-H300,Q2-021-G01,False,False,-1.297824082083494,,189
C018-H300,Q2-022-G01,False,False,-1.297824082083494,,175
C018-H300,Q2-023-G01,False,False,-1.297824082083494,,166
C019-H100,Q2-002-G01,False,True,4.056059739737194,-12.3543622993476,133
C019-H100,Q2-003-G01,False,True,4.056059739737194,-0.6389984917927336,71
C019-H100,Q2-004-G01,True,True,4.056059739737194,12.605392992379947,0
C019-H100,Q2-005-G01,False,True,4.056059739737194,-11.458622798240157,86
C019-H100,Q2-006-G01,False,True,4.056059739737194,-10.54687026600331,96
C019-H100,Q2-007-G01,False,True,4.056059739737194,-10.54687026600331,74
C019-H100,Q2-008-G01,False,True,4.056059739737194,-12.791444647186609,123
C019-H100,Q2-011-G01,False,True,4.056059739737194,-4.408472020370539,87
C019-H100,Q2-013-G01,False,True,4.056059739737194,-7.982948863758324,130
C019-H100,Q2-015-G01,False,True,4.056059739737194,-5.696361456068729,75
C019-H100,Q2-016-G01,False,True,4.056059739737194,-9.304707771979608,90
C019-H100,Q2-018-G01,False,True,4.056059739737194,-0.4751215143738534,67
C019-H100,Q2-019-G01,False,True,4.056059739737194,-8.781406299831787,60
C019-H100,Q2-020-G01,False,True,4.056059739737194,-5.696361456068729,63
C019-H100,Q2-021-G01,False,True,4.056059739737194,-5.696361456068729,69
C019-H100,Q2-022-G01,False,True,4.056059739737194,-10.54687026600331,74
C019-H100,Q2-023-G01,False,True,4.056059739737194,-5.696361456068729,69
C019-H200,Q2-002-G01,False,True,4.03512271818532,-12.357460560291656,133
C019-H200,Q2-003-G01,False,True,4.03512271818532,-0.6422267472074026,71
C019-H200,Q2-004-G01,True,True,4.03512271818532,12.536488378532809,0
C019-H200,Q2-005-G01,False,True,4.03512271818532,-11.46129758707636,86
C019-H200,Q2-006-G01,False,True,4.03512271818532,-10.552740015969476,96
C019-H200,Q2-007-G01,False,True,4.03512271818532,-10.552740015969476,74
C019-H200,Q2-008-G01,False,True,4.03512271818532,-12.79341969377785,123
C019-H200,Q2-011-G01,True,True,4.03512271818532,5.5655038830664125,0
C019-H200,Q2-013-G01,False,True,4.03512271818532,-7.991733180247991,75
C019-H200,Q2-015-G01,False,True,4.03512271818532,-5.707211874801317,58
C019-H200,Q2-016-G01,False,True,4.03512271818532,-9.31229158851005,87
C019-H200,Q2-018-G01,True,True,4.03512271818532,9.525697807865711,0
C019-H200,Q2-019-G01,True,True,4.03512271818532,1.2100893203763405,0
C019-H200,Q2-020-G01,False,True,4.03512271818532,-5.707211874801317,46
C019-H200,Q2-021-G01,False,True,4.03512271818532,-5.707211874801317,52
C019-H200,Q2-022-G01,False,True,4.03512271818532,-10.552740015969476,74
C019-H200,Q2-023-G01,False,True,4.03512271818532,-5.707211874801317,52
C019-H300,Q2-002-G01,False,True,4.008722147722551,-12.361839288582757,133
C019-H300,Q2-003-G01,False,True,4.008722147722551,-0.6473562952315035,72
C019-H300,Q2-004-G01,True,True,4.008722147722551,12.429830616507886,0
C019-H300,Q2-005-G01,False,True,4.008722147722551,-11.46554747242071,86
C019-H300,Q2-006-G01,False,True,4.008722147722551,-0.5605439786848478,96
C019-H300,Q2-007-G01,False,True,4.008722147722551,-0.5605439786848478,74
C019-H300,Q2-008-G01,False,True,4.008722147722551,-12.796554327180218,123
C019-H300,Q2-011-G01,True,True,4.008722147722551,5.5317315636936115,0
C019-H300,Q2-013-G01,False,True,4.008722147722551,-8.003999311833113,74
C019-H300,Q2-015-G01,False,True,4.008722147722551,-5.723952739988462,51
C019-H300,Q2-016-G01,False,True,4.008722147722551,-9.322445167189741,86
C019-H300,Q2-018-G01,True,True,4.008722147722551,9.496767479797484,0
C019-H300,Q2-019-G01,True,True,4.008722147722551,1.198689159384429,0
C019-H300,Q2-020-G01,False,True,4.008722147722551,-5.723952739988462,39
C019-H300,Q2-021-G01,False,True,4.008722147722551,-5.723952739988462,45
C019-H300,Q2-022-G01,False,True,4.008722147722551,-0.5605439786848478,74
C019-H300,Q2-023-G01,False,True,4.008722147722551,-5.723952739988462,45
C020-H100,Q2-002-G01,False,True,4.0974046488940985,-12.325275306599679,132
C020-H100,Q2-003-G01,False,True,4.0974046488940985,-0.6023532538234093,70
C020-H100,Q2-004-G01,True,True,4.0974046488940985,12.455413491977964,0
C020-H100,Q2-005-G01,False,True,4.0974046488940985,-11.426149014227065,86
C020-H100,Q2-006-G01,False,True,4.0974046488940985,-10.516781363116237,96
C020-H100,Q2-007-G01,False,True,4.0974046488940985,-10.516781363116237,73
C020-H100,Q2-008-G01,False,True,4.0974046488940985,-12.764988759792004,123
C020-H100,Q2-011-G01,False,True,4.0974046488940985,-4.355551078778831,87
C020-H100,Q2-013-G01,False,True,4.0974046488940985,-7.975814500286333,121
C020-H100,Q2-015-G01,False,True,4.0974046488940985,-5.760059676898933,75
C020-H100,Q2-016-G01,False,True,4.0974046488940985,-9.280143889363188,90
C020-H100,Q2-018-G01,False,True,4.0974046488940985,-0.5522858936032549,67
C020-H100,Q2-019-G01,False,True,4.0974046488940985,-8.739944162568719,60
C020-H100,Q2-020-G01,False,True,4.0974046488940985,-5.760059676898933,63
C020-H100,Q2-021-G01,False,True,4.0974046488940985,-5.760059676898933,69
C020-H100,Q2-022-G01,False,True,4.0974046488940985,-10.516781363116237,73
C020-H100,Q2-023-G01,False,True,4.0974046488940985,-5.760059676898933,69
C020-H200,Q2-002-G01,False,True,4.076298983523486,-12.328387253809751,132
C020-H200,Q2-003-G01,False,True,4.076298983523486,-0.605598257403301,70
C020-H200,Q2-004-G01,True,True,4.076298983523486,12.389041139650843,0
C020-H200,Q2-005-G01,False,True,4.076298983523486,-11.428835105452748,86
C020-H200,Q2-006-G01,False,True,4.076298983523486,-10.52268109277027,96
C020-H200,Q2-007-G01,False,True,4.076298983523486,-10.52268109277027,73
C020-H200,Q2-008-G01,False,True,4.076298983523486,-12.766969429676607,123
C020-H200,Q2-011-G01,True,True,4.076298983523486,5.618151149229817,0
C020-H200,Q2-013-G01,False,True,4.076298983523486,-7.984593868589172,75
C020-H200,Q2-015-G01,False,True,4.076298983523486,-5.770720048901737,60
C020-H200,Q2-016-G01,False,True,4.076298983523486,-9.287756331008381,87
C020-H200,Q2-018-G01,True,True,4.076298983523486,9.44873069252003,0
C020-H200,Q2-019-G01,True,True,4.076298983523486,1.2514862086021878,0
C020-H200,Q2-020-G01,False,True,4.076298983523486,-5.770720048901737,48
C020-H200,Q2-021-G01,False,True,4.076298983523486,-5.770720048901737,54
C020-H200,Q2-022-G01,False,True,4.076298983523486,-10.52268109277027,73
C020-H200,Q2-023-G01,False,True,4.076298983523486,-5.770720048901737,54
C020-H300,Q2-002-G01,False,True,4.04967863600011,-12.33278825899535,132
C020-H300,Q2-003-G01,False,True,4.04967863600011,-0.6107606413674063,70
C020-H300,Q2-004-G01,True,True,4.04967863600011,12.286108009555676,0
C020-H300,Q2-005-G01,False,True,4.04967863600011,-11.433108102892902,86
C020-H300,Q2-006-G01,False,True,4.04967863600011,-0.5305284263680221,96
C020-H300,Q2-007-G01,False,True,4.04967863600011,-0.5305284263680221,73
C020-H300,Q2-008-G01,False,True,4.04967863600011,-12.770116768171022,123
C020-H300,Q2-011-G01,True,True,4.04967863600011,5.584012618427707,0
C020-H300,Q2-013-G01,False,True,4.04967863600011,-7.996860831183284,74
C020-H300,Q2-015-G01,False,True,4.04967863600011,-5.787186213046681,52
C020-H300,Q2-016-G01,False,True,4.04967863600011,-9.297953047202867,86
C020-H300,Q2-018-G01,True,True,4.04967863600011,9.420413501428143,0
C020-H300,Q2-019-G01,True,True,4.04967863600011,1.2399932140641,0
C020-H300,Q2-020-G01,False,True,4.04967863600011,-5.787186213046681,40
C020-H300,Q2-021-G01,False,True,4.04967863600011,-5.787186213046681,46
C020-H300,Q2-022-G01,False,True,4.04967863600011,-0.5305284263680221,73
C020-H300,Q2-023-G01,False,True,4.04967863600011,-5.787186213046681,46
C021-H100,Q2-002-G01,False,True,6.28243228542064,-7.515376097376617,69
C021-H100,Q2-003-G01,True,True,6.28243228542064,6.683479956337919,0
C021-H100,Q2-004-G01,False,True,6.28243228542064,-8.351452231530274,90
C021-H100,Q2-005-G01,False,True,6.28243228542064,-5.443117017227024,56
C021-H100,Q2-006-G01,False,True,6.28243228542064,-6.872896947283351,74
C021-H100,Q2-007-G01,False,True,6.28243228542064,-6.872896947283351,49
C021-H100,Q2-008-G01,False,True,6.28243228542064,-8.37638702090527,94
C021-H100,Q2-011-G01,False,True,6.28243228542064,-3.4152328961007186,96
C021-H100,Q2-013-G01,False,True,6.28243228542064,-9.585412591818496,83
C021-H100,Q2-015-G01,False,True,6.28243228542064,-11.741600484998145,122
C021-H100,Q2-016-G01,False,True,6.28243228542064,-7.933498272671457,132
C021-H100,Q2-018-G01,False,True,6.28243228542064,-8.877224676904916,89
C021-H100,Q2-019-G01,False,True,6.28243228542064,-2.5682071612480684,60
C021-H100,Q2-020-G01,False,True,6.28243228542064,-11.741600484998145,121
C021-H100,Q2-021-G01,False,True,6.28243228542064,-11.741600484998145,127
C021-H100,Q2-022-G01,False,True,6.28243228542064,-6.872896947283351,49
C021-H100,Q2-023-G01,False,True,6.28243228542064,-11.741600484998145,116
C021-H200,Q2-002-G01,False,True,6.26792355705318,-7.511256152134408,65
C021-H200,Q2-003-G01,True,True,6.26792355705318,6.6927766195207,0
C021-H200,Q2-004-G01,False,True,6.26792355705318,-8.346055810848071,83
C021-H200,Q2-005-G01,False,True,6.26792355705318,-5.436691948481922,53
C021-H200,Q2-006-G01,False,True,6.26792355705318,-6.876664252262785,71
C021-H200,Q2-007-G01,False,True,6.26792355705318,-6.876664252262785,47
C021-H200,Q2-008-G01,False,True,6.26792355705318,-8.366740999284616,90
C021-H200,Q2-011-G01,True,True,6.26792355705318,6.573959454658052,0
C021-H200,Q2-013-G01,False,True,6.26792355705318,-9.585538531637752,80
C021-H200,Q2-015-G01,False,True,6.26792355705318,-11.737763271793895,122
C021-H200,Q2-016-G01,False,True,6.26792355705318,-7.932468110869365,105
C021-H200,Q2-018-G01,False,True,6.26792355705318,-8.86951430838046,81
C021-H200,Q2-019-G01,True,True,6.26792355705318,7.422930813977715,0
C021-H200,Q2-020-G01,False,True,6.26792355705318,-11.737763271793895,121
C021-H200,Q2-021-G01,False,True,6.26792355705318,-11.737763271793895,127
C021-H200,Q2-022-G01,False,True,6.26792355705318,-6.876664252262785,47
C021-H200,Q2-023-G01,False,True,6.26792355705318,-11.737763271793895,116
C021-H300,Q2-002-G01,False,True,16.244149542658562,-7.516062847526825,60
C021-H300,Q2-003-G01,True,True,16.244149542658562,6.6883682768123265,0
C021-H300,Q2-004-G01,False,True,16.244149542658562,-8.347412548465883,76
C021-H300,Q2-005-G01,False,True,16.244149542658562,-5.439642520255958,51
C021-H300,Q2-006-G01,False,True,16.244149542658562,-6.884956929101392,70
C021-H300,Q2-007-G01,False,True,16.244149542658562,-6.884956929101392,46
C021-H300,Q2-008-G01,False,True,16.244149542658562,-8.361266711953874,81
C021-H300,Q2-011-G01,True,True,16.244149542658562,6.553177379201742,0
C021-H300,Q2-013-G01,False,True,16.244149542658562,-9.588736699504011,80
C021-H300,Q2-015-G01,False,True,16.244149542658562,-11.735483300285637,122
C021-H300,Q2-016-G01,False,True,16.244149542658562,-7.938659968057763,92
C021-H300,Q2-018-G01,False,True,16.244149542658562,-8.864660440494092,78
C021-H300,Q2-019-G01,True,True,16.244149542658562,7.401923934423365,0
C021-H300,Q2-020-G01,False,True,16.244149542658562,-11.735483300285637,121
C021-H300,Q2-021-G01,False,True,16.244149542658562,-11.735483300285637,127
C021-H300,Q2-022-G01,False,True,16.244149542658562,-6.884956929101392,46
C021-H300,Q2-023-G01,False,True,16.244149542658562,-11.735483300285637,116
C022-H100,Q2-002-G01,False,True,4.039152259580462,-4.82732030383724,67
C022-H100,Q2-003-G01,True,True,4.039152259580462,13.580018548801988,0
C022-H100,Q2-004-G01,False,True,4.039152259580462,-10.665379540614055,118
C022-H100,Q2-005-G01,False,True,4.039152259580462,-1.3683259313286698,62
C022-H100,Q2-006-G01,False,True,4.039152259580462,-6.402891616444805,76
C022-H100,Q2-007-G01,False,True,4.039152259580462,-6.402891616444805,51
C022-H100,Q2-008-G01,False,True,4.039152259580462,-6.087450232840709,95
C022-H100,Q2-011-G01,False,True,4.039152259580462,-6.193157668718328,107
C022-H100,Q2-013-G01,False,True,4.039152259580462,-10.943214758612399,113
C022-H100,Q2-015-G01,False,True,4.039152259580462,-13.379639350940295,172
C022-H100,Q2-016-G01,False,True,4.039152259580462,-8.709125500163253,95
C022-H100,Q2-018-G01,False,True,4.039152259580462,-11.017351832881076,89
C022-H100,Q2-019-G01,False,True,4.039152259580462,-2.0983628309419515,69
C022-H100,Q2-020-G01,False,True,4.039152259580462,-13.379639350940295,183
C022-H100,Q2-021-G01,False,True,4.039152259580462,-13.379639350940295,189
C022-H100,Q2-022-G01,False,True,4.039152259580462,-6.402891616444805,51
C022-H100,Q2-023-G01,False,True,4.039152259580462,-13.379639350940295,166
C022-H200,Q2-002-G01,False,True,4.02707208663773,-4.831001536369584,60
C022-H200,Q2-003-G01,True,True,4.02707208663773,13.58605586657005,0
C022-H200,Q2-004-G01,False,True,4.02707208663773,-10.665047357828257,118
C022-H200,Q2-005-G01,False,True,4.02707208663773,-1.3594508656481423,59
C022-H200,Q2-006-G01,False,True,4.02707208663773,-6.410180408240478,74
C022-H200,Q2-007-G01,False,True,4.02707208663773,-6.410180408240478,49
C022-H200,Q2-008-G01,False,True,4.02707208663773,-6.074854924630671,87
C022-H200,Q2-011-G01,False,True,4.02707208663773,-6.202104726942835,98
C022-H200,Q2-013-G01,False,True,4.02707208663773,-10.944864999172097,113
C022-H200,Q2-015-G01,False,True,4.02707208663773,-13.377137128608581,172
C022-H200,Q2-016-G01,False,True,4.02707208663773,-8.71315133270977,88
C022-H200,Q2-018-G01,False,True,4.02707208663773,-11.013140566971856,89
C022-H200,Q2-019-G01,True,True,4.02707208663773,7.883451141051353,0
C022-H200,Q2-020-G01,False,True,4.02707208663773,-13.377137128608581,183
C022-H200,Q2-021-G01,False,True,4.02707208663773,-13.377137128608581,189
C022-H200,Q2-022-G01,False,True,4.02707208663773,-6.410180408240478,49
C022-H200,Q2-023-G01,False,True,4.02707208663773,-13.377137128608581,166
C022-H300,Q2-002-G01,False,True,14.009460474972741,-4.844340904092746,53
C022-H300,Q2-003-G01,True,True,14.009460474972741,13.529900977231918,0
C022-H300,Q2-004-G01,False,True,14.009460474972741,-10.66723114069633,118
C022-H300,Q2-005-G01,False,True,14.009460474972741,-1.377528057456388,54
C022-H300,Q2-006-G01,False,True,14.009460474972741,-6.422494767476024,72
C022-H300,Q2-007-G01,False,True,14.009460474972741,-6.422494767476024,48
C022-H300,Q2-008-G01,False,True,14.009460474972741,-6.075997460055632,77
C022-H300,Q2-011-G01,False,True,14.009460474972741,-6.216316253082397,91
C022-H300,Q2-013-G01,False,True,14.009460474972741,-10.9482908319238,113
C022-H300,Q2-015-G01,False,True,14.009460474972741,-13.378075117209562,172
C022-H300,Q2-016-G01,False,True,14.009460474972741,-8.720140802520916,87
C022-H300,Q2-018-G01,False,True,14.009460474972741,-11.011662610084414,89
C022-H300,Q2-019-G01,True,True,14.009460474972741,7.851848335861646,0
C022-H300,Q2-020-G01,False,True,14.009460474972741,-13.378075117209562,183
C022-H300,Q2-021-G01,False,True,14.009460474972741,-13.378075117209562,189
C022-H300,Q2-022-G01,False,True,14.009460474972741,-6.422494767476024,48
C022-H300,Q2-023-G01,False,True,14.009460474972741,-13.378075117209562,166
C023-H100,Q2-002-G01,False,True,4.131269717503088,-4.931454992639786,67
C023-H100,Q2-003-G01,True,True,4.131269717503088,13.426070088638951,0
C023-H100,Q2-004-G01,False,True,4.131269717503088,-10.626566347706472,117
C023-H100,Q2-005-G01,False,True,4.131269717503088,-1.3757107884382407,62
C023-H100,Q2-006-G01,False,True,4.131269717503088,-6.467288593214661,76
C023-H100,Q2-007-G01,False,True,4.131269717503088,-6.467288593214661,51
C023-H100,Q2-008-G01,False,True,4.131269717503088,-6.075257712280063,95
C023-H100,Q2-011-G01,False,True,4.131269717503088,-6.188801436123924,104
C023-H100,Q2-013-G01,False,True,4.131269717503088,-10.947778573152405,113
C023-H100,Q2-015-G01,False,True,4.131269717503088,-13.355463937511018,172
C023-H100,Q2-016-G01,False,True,4.131269717503088,-8.737101275912622,95
C023-H100,Q2-018-G01,False,True,4.131269717503088,-10.993202391842914,89
C023-H100,Q2-019-G01,False,True,4.131269717503088,-2.1849179093674422,69
C023-H100,Q2-020-G01,False,True,4.131269717503088,-13.355463937511018,183
C023-H100,Q2-021-G01,False,True,4.131269717503088,-13.355463937511018,189
C023-H100,Q2-022-G01,False,True,4.131269717503088,-6.467288593214661,51
C023-H100,Q2-023-G01,False,True,4.131269717503088,-13.355463937511018,166
C023-H200,Q2-002-G01,False,True,4.1186216308774135,-4.935903902726068,60
C023-H200,Q2-003-G01,True,True,4.1186216308774135,13.428173907792228,0
C023-H200,Q2-004-G01,False,True,4.1186216308774135,-10.626390227513781,117
C023-H200,Q2-005-G01,False,True,4.1186216308774135,-1.3684602035159799,58
C023-H200,Q2-006-G01,False,True,4.1186216308774135,-6.474740005252471,74
C023-H200,Q2-007-G01,False,True,4.1186216308774135,-6.474740005252471,49
C023-H200,Q2-008-G01,False,True,4.1186216308774135,-6.062960672249162,86
C023-H200,Q2-011-G01,False,True,4.1186216308774135,-6.198045026242497,98
C023-H200,Q2-013-G01,False,True,4.1186216308774135,-10.949523369283568,113
C023-H200,Q2-015-G01,False,True,4.1186216308774135,-13.35302386821553,172
C023-H200,Q2-016-G01,False,True,4.1186216308774135,-8.741261375258873,88
C023-H200,Q2-018-G01,False,True,4.1186216308774135,-10.989084324584013,89
C023-H200,Q2-019-G01,True,True,4.1186216308774135,7.796532729091268,0
C023-H200,Q2-020-G01,False,True,4.1186216308774135,-13.35302386821553,183
C023-H200,Q2-021-G01,False,True,4.1186216308774135,-13.35302386821553,189
C023-H200,Q2-022-G01,False,True,4.1186216308774135,-6.474740005252471,49
C023-H200,Q2-023-G01,False,True,4.1186216308774135,-13.35302386821553,166
C023-H300,Q2-002-G01,False,True,14.100327586802408,-4.94930876259312,53
C023-H300,Q2-003-G01,True,True,14.100327586802408,13.371406434225918,0
C023-H300,Q2-004-G01,False,True,14.100327586802408,-10.628697201367288,117
C023-H300,Q2-005-G01,False,True,14.100327586802408,-1.387370630708645,52
C023-H300,Q2-006-G01,False,True,14.100327586802408,-6.487141956815492,71
C023-H300,Q2-007-G01,False,True,14.100327586802408,-6.487141956815492,48
C023-H300,Q2-008-G01,False,True,14.100327586802408,-6.065031636552689,77
C023-H300,Q2-011-G01,False,True,14.100327586802408,-6.212556424439782,91
C023-H300,Q2-013-G01,False,True,14.100327586802408,-10.953041741325961,113
C023-H300,Q2-015-G01,False,True,14.100327586802408,-13.354125271192402,172
C023-H300,Q2-016-G01,False,True,14.100327586802408,-8.748365630225607,87
C023-H300,Q2-018-G01,False,True,14.100327586802408,-10.987765185921205,89
C023-H300,Q2-019-G01,True,True,14.100327586802408,7.764837685964039,0
C023-H300,Q2-020-G01,False,True,14.100327586802408,-13.354125271192402,183
C023-H300,Q2-021-G01,False,True,14.100327586802408,-13.354125271192402,189
C023-H300,Q2-022-G01,False,True,14.100327586802408,-6.487141956815492,48
C023-H300,Q2-023-G01,False,True,14.100327586802408,-13.354125271192402,166
C024-H100,Q2-002-G01,False,True,7.01532533246602,-10.832949345636308,89
C024-H100,Q2-003-G01,True,True,7.01532533246602,1.582483671261926,0
C024-H100,Q2-004-G01,False,True,7.01532533246602,-3.150691142175347,105
C024-H100,Q2-005-G01,False,True,7.01532533246602,-9.417224412420538,54
C024-H100,Q2-006-G01,False,True,7.01532533246602,-9.301700910009941,120
C024-H100,Q2-007-G01,False,True,7.01532533246602,-9.301700910009941,103
C024-H100,Q2-008-G01,False,True,7.01532533246602,-11.105020927230868,106
C024-H100,Q2-011-G01,False,True,7.01532533246602,-3.0406949188792254,115
C024-H100,Q2-013-G01,False,True,7.01532533246602,-8.608394583650892,163
C024-H100,Q2-015-G01,False,True,7.01532533246602,-8.661082476960871,130
C024-H100,Q2-016-G01,False,True,7.01532533246602,-8.724777450445231,108
C024-H100,Q2-018-G01,False,True,7.01532533246602,-4.90519767434408,98
C024-H100,Q2-019-G01,False,True,7.01532533246602,-6.777079511210758,62
C024-H100,Q2-020-G01,False,True,7.01532533246602,-8.661082476960871,131
C024-H100,Q2-021-G01,False,True,7.01532533246602,-8.661082476960871,137
C024-H100,Q2-022-G01,False,True,7.01532533246602,-9.301700910009941,103
C024-H100,Q2-023-G01,False,True,7.01532533246602,-8.661082476960871,124
C024-H200,Q2-002-G01,False,True,6.995332778827333,-10.832694830741247,89
C024-H200,Q2-003-G01,True,True,6.995332778827333,1.5844661965512046,0
C024-H200,Q2-004-G01,False,True,6.995332778827333,-3.124297859733545,82
C024-H200,Q2-005-G01,False,True,6.995332778827333,-9.415850151718843,54
C024-H200,Q2-006-G01,False,True,6.995332778827333,-9.304516226307129,76
C024-H200,Q2-007-G01,False,True,6.995332778827333,-9.304516226307129,52
C024-H200,Q2-008-G01,False,True,6.995332778827333,-11.100779386444202,106
C024-H200,Q2-011-G01,False,True,6.995332778827333,-3.0552639349596404,85
C024-H200,Q2-013-G01,False,True,6.995332778827333,-8.608922092002757,86
C024-H200,Q2-015-G01,False,True,6.995332778827333,-8.653379313866225,80
C024-H200,Q2-016-G01,False,True,6.995332778827333,-8.726610006866977,91
C024-H200,Q2-018-G01,False,True,6.995332778827333,-4.887757744112989,95
C024-H200,Q2-019-G01,True,True,6.995332778827333,3.2183735673200857,0
C024-H200,Q2-020-G01,False,True,6.995332778827333,-8.653379313866225,68
C024-H200,Q2-021-G01,False,True,6.995332778827333,-8.653379313866225,74
C024-H200,Q2-022-G01,False,True,6.995332778827333,-9.304516226307129,52
C024-H200,Q2-023-G01,False,True,6.995332778827333,-8.653379313866225,74
C024-H300,Q2-002-G01,False,True,16.96443595661013,-10.83539758122373,89
C024-H300,Q2-003-G01,True,True,16.96443595661013,1.5820377395494063,0
C024-H300,Q2-004-G01,False,True,16.96443595661013,-3.13284814555621,73
C024-H300,Q2-005-G01,False,True,16.96443595661013,-9.41778164025753,52
C024-H300,Q2-006-G01,False,True,16.96443595661013,-9.309920163243405,69
C024-H300,Q2-007-G01,False,True,16.96443595661013,-9.309920163243405,44
C024-H300,Q2-008-G01,False,True,16.96443595661013,-11.098818596081685,106
C024-H300,Q2-011-G01,True,True,16.96443595661013,6.919333623485215,0
C024-H300,Q2-013-G01,False,True,16.96443595661013,-8.61370178753566,79
C024-H300,Q2-015-G01,False,True,16.96443595661013,-8.65189426284796,71
C024-H300,Q2-016-G01,False,True,16.96443595661013,-8.732522238119287,90
C024-H300,Q2-018-G01,False,True,16.96443595661013,-4.877439542904099,71
C024-H300,Q2-019-G01,True,True,16.96443595661013,3.209203452903182,0
C024-H300,Q2-020-G01,False,True,16.96443595661013,-8.65189426284796,59
C024-H300,Q2-021-G01,False,True,16.96443595661013,-8.65189426284796,65
C024-H300,Q2-022-G01,False,True,16.96443595661013,-9.309920163243405,44
C024-H300,Q2-023-G01,False,True,16.96443595661013,-8.65189426284796,65
C025-H100,Q2-002-G01,False,True,2.2510525848996963,-3.230915209180935,56
C025-H100,Q2-003-G01,True,True,2.2510525848996963,16.326597587773847,0
C025-H100,Q2-004-G01,False,True,2.2510525848996963,-12.160798382704797,119
C025-H100,Q2-005-G01,True,True,2.2510525848996963,3.1899299114259776,0
C025-H100,Q2-006-G01,False,True,2.2510525848996963,-7.2203639019700745,74
C025-H100,Q2-007-G01,False,True,2.2510525848996963,-7.2203639019700745,50
C025-H100,Q2-008-G01,False,True,2.2510525848996963,-3.9432009931214935,77
C025-H100,Q2-011-G01,False,True,2.2510525848996963,-8.398953613952614,97
C025-H100,Q2-013-G01,False,True,2.2510525848996963,-12.17426196464507,153
C025-H100,Q2-015-G01,False,True,2.2510525848996963,-14.51567628547781,172
C025-H100,Q2-016-G01,False,True,2.2510525848996963,-9.905631158959906,86
C025-H100,Q2-018-G01,False,True,2.2510525848996963,-12.477063200665498,121
C025-H100,Q2-019-G01,False,True,2.2510525848996963,-4.211998063081552,60
C025-H100,Q2-020-G01,False,True,2.2510525848996963,-14.51567628547781,183
C025-H100,Q2-021-G01,False,True,2.2510525848996963,-14.51567628547781,189
C025-H100,Q2-022-G01,False,True,2.2510525848996963,-7.2203639019700745,50
C025-H100,Q2-023-G01,False,True,2.2510525848996963,-14.51567628547781,166
C025-H200,Q2-002-G01,True,True,12.238948138932017,6.748697123880106,0
C025-H200,Q2-003-G01,True,True,12.238948138932017,16.24981992766655,0
C025-H200,Q2-004-G01,False,True,12.238948138932017,-12.162489802621536,119
C025-H200,Q2-005-G01,True,True,12.238948138932017,3.133725282110518,0
C025-H200,Q2-006-G01,False,True,12.238948138932017,-7.2310326247534675,72
C025-H200,Q2-007-G01,False,True,12.238948138932017,-7.2310326247534675,48
C025-H200,Q2-008-G01,False,True,12.238948138932017,-3.9539795783578455,65
C025-H200,Q2-011-G01,False,True,12.238948138932017,-8.407870044523463,92
C025-H200,Q2-013-G01,False,True,12.238948138932017,-12.176986758362546,153
C025-H200,Q2-015-G01,False,True,12.238948138932017,-14.516636981530212,172
C025-H200,Q2-016-G01,False,True,12.238948138932017,-9.911184905038311,85
C025-H200,Q2-018-G01,False,True,12.238948138932017,-12.476462573393235,121
C025-H200,Q2-019-G01,True,True,12.238948138932017,5.767575366726263,0
C025-H200,Q2-020-G01,False,True,12.238948138932017,-14.516636981530212,183
C025-H200,Q2-021-G01,False,True,12.238948138932017,-14.516636981530212,189
C025-H200,Q2-022-G01,False,True,12.238948138932017,-7.2310326247534675,48
C025-H200,Q2-023-G01,False,True,12.238948138932017,-14.516636981530212,166
C025-H300,Q2-002-G01,True,True,12.22318976733844,6.718016101647507,0
C025-H300,Q2-003-G01,True,True,12.22318976733844,16.083774333781648,0
C025-H300,Q2-004-G01,False,True,12.22318976733844,-12.165522561317943,119
C025-H300,Q2-005-G01,True,True,12.22318976733844,3.0335882570542765,0
C025-H300,Q2-006-G01,False,True,12.22318976733844,-7.245842562065832,69
C025-H300,Q2-007-G01,False,True,12.22318976733844,-7.245842562065832,46
C025-H300,Q2-008-G01,False,True,12.22318976733844,-3.9737956352520314,60
C025-H300,Q2-011-G01,False,True,12.22318976733844,-8.419948014941014,87
C025-H300,Q2-013-G01,False,True,12.22318976733844,-12.181047051528907,153
C025-H300,Q2-015-G01,False,True,12.22318976733844,-14.518478986381183,172
C025-H300,Q2-016-G01,False,True,12.22318976733844,-9.918982949768022,84
C025-H300,Q2-018-G01,False,True,12.22318976733844,-12.477710781038638,121
C025-H300,Q2-019-G01,True,True,12.22318976733844,5.738954571075041,0
C025-H300,Q2-020-G01,False,True,12.22318976733844,-14.518478986381183,183
C025-H300,Q2-021-G01,False,True,12.22318976733844,-14.518478986381183,189
C025-H300,Q2-022-G01,False,True,12.22318976733844,-7.245842562065832,46
C025-H300,Q2-023-G01,False,True,12.22318976733844,-14.518478986381183,166
C026-H100,Q2-002-G01,False,True,2.8289409727403836,-13.752151721397297,164
C026-H100,Q2-003-G01,False,True,2.8289409727403836,-2.1653229733814356,82
C026-H100,Q2-004-G01,True,True,2.8289409727403836,20.019444429989804,0
C026-H100,Q2-005-G01,False,True,2.8289409727403836,-12.732741748926628,86
C026-H100,Q2-006-G01,False,True,2.8289409727403836,-12.244622608655504,178
C026-H100,Q2-007-G01,False,True,2.8289409727403836,-12.244622608655504,175
C026-H100,Q2-008-G01,False,True,2.8289409727403836,-13.764508981393618,123
C026-H100,Q2-011-G01,False,True,2.8289409727403836,-7.483725479881912,125
C026-H100,Q2-013-G01,False,True,2.8289409727403836,-9.502899844985038,196
C026-H100,Q2-015-G01,True,True,2.8289409727403836,7.1505490736656725,0
C026-H100,Q2-016-G01,False,True,2.8289409727403836,-11.081573023046388,182
C026-H100,Q2-018-G01,False,True,2.8289409727403836,-1.0316660478540314,49
C026-H100,Q2-019-G01,False,True,2.8289409727403836,-10.839115442073307,121
C026-H100,Q2-020-G01,True,True,2.8289409727403836,7.1505490736656725,0
C026-H100,Q2-021-G01,True,True,2.8289409727403836,7.1505490736656725,0
C026-H100,Q2-022-G01,False,True,2.8289409727403836,-12.244622608655504,175
C026-H100,Q2-023-G01,True,True,2.8289409727403836,7.1505490736656725,0
C026-H200,Q2-002-G01,False,True,2.815548368062281,-13.753868635647734,164
C026-H200,Q2-003-G01,False,True,2.815548368062281,-2.1668325898676812,82
C026-H200,Q2-004-G01,True,True,2.815548368062281,20.103714453108452,0
C026-H200,Q2-005-G01,False,True,2.815548368062281,-12.734067676279722,86
C026-H200,Q2-006-G01,False,True,2.815548368062281,-12.247845802719667,146
C026-H200,Q2-007-G01,False,True,2.815548368062281,-12.247845802719667,137
C026-H200,Q2-008-G01,False,True,2.815548368062281,-13.764883052511266,123
C026-H200,Q2-011-G01,False,True,2.815548368062281,-7.4943288662226735,113
C026-H200,Q2-013-G01,False,True,2.815548368062281,-9.507686023110622,185
C026-H200,Q2-015-G01,True,True,2.815548368062281,7.145337897464046,0
C026-H200,Q2-016-G01,False,True,2.815548368062281,-11.085634134817184,142
C026-H200,Q2-018-G01,True,True,2.815548368062281,8.96861121148838,0
C026-H200,Q2-019-G01,False,True,2.815548368062281,-10.843378682611657,95
C026-H200,Q2-020-G01,True,True,2.815548368062281,7.145337897464046,0
C026-H200,Q2-021-G01,True,True,2.815548368062281,7.145337897464046,0
C026-H200,Q2-022-G01,False,True,2.815548368062281,-12.247845802719667,137
C026-H200,Q2-023-G01,True,True,2.815548368062281,7.145337897464046,0
C026-H300,Q2-002-G01,False,True,12.797987286089153,-13.756515190188367,164
C026-H300,Q2-003-G01,False,True,12.797987286089153,-2.1696823940631873,82
C026-H300,Q2-004-G01,True,True,12.797987286089153,19.964792920823,0
C026-H300,Q2-005-G01,False,True,12.797987286089153,-12.736569825476522,86
C026-H300,Q2-006-G01,False,True,12.797987286089153,-12.252382026153526,147
C026-H300,Q2-007-G01,False,True,12.797987286089153,-12.252382026153526,137
C026-H300,Q2-008-G01,False,True,12.797987286089153,-13.766862215812267,123
C026-H300,Q2-011-G01,False,True,12.797987286089153,-7.508828810367163,89
C026-H300,Q2-013-G01,False,True,12.797987286089153,-9.514937897106037,169
C026-H300,Q2-015-G01,True,True,12.797987286089153,7.119571387638487,0
C026-H300,Q2-016-G01,False,True,12.797987286089153,-11.091410079886188,140
C026-H300,Q2-018-G01,True,True,12.797987286089153,8.954516094503063,0
C026-H300,Q2-019-G01,False,True,12.797987286089153,-0.8494548561831436,95
C026-H300,Q2-020-G01,True,True,12.797987286089153,7.119571387638487,0
C026-H300,Q2-021-G01,True,True,12.797987286089153,7.119571387638487,0
C026-H300,Q2-022-G01,False,True,12.797987286089153,-12.252382026153526,137
C026-H300,Q2-023-G01,True,True,12.797987286089153,7.119571387638487,0
C027-H100,Q2-002-G01,False,True,4.089871351755278,-5.34144089268338,87
C027-H100,Q2-003-G01,True,True,4.089871351755278,16.48257048473471,0
C027-H100,Q2-004-G01,False,True,4.089871351755278,-11.258457375859834,119
C027-H100,Q2-005-G01,True,True,4.089871351755278,2.2712456397845386,0
C027-H100,Q2-006-G01,False,True,4.089871351755278,-7.765639727309292,78
C027-H100,Q2-007-G01,False,True,4.089871351755278,-7.765639727309292,52
C027-H100,Q2-008-G01,False,True,4.089871351755278,-4.064017890624626,96
C027-H100,Q2-011-G01,False,True,4.089871351755278,-7.777943712865081,100
C027-H100,Q2-013-G01,False,True,4.089871351755278,-11.914674189751764,139
C027-H100,Q2-015-G01,False,True,4.089871351755278,-13.890346640576695,172
C027-H100,Q2-016-G01,False,True,4.089871351755278,-9.929623080030595,90
C027-H100,Q2-018-G01,False,True,4.089871351755278,-11.794433320066275,110
C027-H100,Q2-019-G01,False,True,4.089871351755278,-4.4237282215387665,64
C027-H100,Q2-020-G01,False,True,4.089871351755278,-13.890346640576695,183
C027-H100,Q2-021-G01,False,True,4.089871351755278,-13.890346640576695,189
C027-H100,Q2-022-G01,False,True,4.089871351755278,-7.765639727309292,52
C027-H100,Q2-023-G01,False,True,4.089871351755278,-13.890346640576695,166
C027-H200,Q2-002-G01,False,True,14.0751002269933,-5.349768340634824,64
C027-H200,Q2-003-G01,True,True,14.0751002269933,16.432059606248103,0
C027-H200,Q2-004-G01,False,True,14.0751002269933,-11.259374615185862,119
C027-H200,Q2-005-G01,True,True,14.0751002269933,2.258368196731439,0
C027-H200,Q2-006-G01,False,True,14.0751002269933,-7.772632370611916,74
C027-H200,Q2-007-G01,False,True,14.0751002269933,-7.772632370611916,50
C027-H200,Q2-008-G01,False,True,14.0751002269933,-4.048690646348206,85
C027-H200,Q2-011-G01,False,True,14.0751002269933,-7.785817882553729,94
C027-H200,Q2-013-G01,False,True,14.0751002269933,-11.916635135919279,139
C027-H200,Q2-015-G01,False,True,14.0751002269933,-13.889765820747613,172
C027-H200,Q2-016-G01,False,True,14.0751002269933,-9.933675596983363,88
C027-H200,Q2-018-G01,False,True,14.0751002269933,-11.79185653744824,110
C027-H200,Q2-019-G01,True,True,14.0751002269933,5.562025663436302,0
C027-H200,Q2-020-G01,False,True,14.0751002269933,-13.889765820747613,183
C027-H200,Q2-021-G01,False,True,14.0751002269933,-13.889765820747613,189
C027-H200,Q2-022-G01,False,True,14.0751002269933,-7.772632370611916,50
C027-H200,Q2-023-G01,False,True,14.0751002269933,-13.889765820747613,166
C027-H300,Q2-002-G01,False,True,14.054755841971627,-5.364508317410937,52
C027-H300,Q2-003-G01,True,True,14.054755841971627,16.281988954674006,0
C027-H300,Q2-004-G01,False,True,14.054755841971627,-11.262024934912517,119
C027-H300,Q2-005-G01,True,True,14.054755841971627,12.200315536142824,0
C027-H300,Q2-006-G01,False,True,14.054755841971627,-7.783295836741303,72
C027-H300,Q2-007-G01,False,True,14.054755841971627,-7.783295836741303,48
C027-H300,Q2-008-G01,False,True,14.054755841971627,-4.062399154502856,75
C027-H300,Q2-011-G01,False,True,14.054755841971627,-7.79734796561533,89
C027-H300,Q2-013-G01,False,True,14.054755841971627,-11.920015255669469,139
C027-H300,Q2-015-G01,False,True,14.054755841971627,-13.891302503935464,172
C027-H300,Q2-016-G01,False,True,14.054755841971627,-9.939964874007103,86
C027-H300,Q2-018-G01,False,True,14.054755841971627,-11.791639621676353,110
C027-H300,Q2-019-G01,True,True,14.054755841971627,5.539907982307895,0
C027-H300,Q2-020-G01,False,True,14.054755841971627,-13.891302503935464,183
C027-H300,Q2-021-G01,False,True,14.054755841971627,-13.891302503935464,189
C027-H300,Q2-022-G01,False,True,14.054755841971627,-7.783295836741303,48
C027-H300,Q2-023-G01,False,True,14.054755841971627,-13.891302503935464,166
C028-H100,Q2-002-G01,False,True,4.0418547812168555,-13.394463544234242,163
C028-H100,Q2-003-G01,False,True,4.0418547812168555,-1.6117427538244158,82
C028-H100,Q2-004-G01,True,True,4.0418547812168555,19.951452148108416,0
C028-H100,Q2-005-G01,False,True,4.0418547812168555,-12.165605128751565,86
C028-H100,Q2-006-G01,False,True,4.0418547812168555,-11.993652191979919,135
C028-H100,Q2-007-G01,False,True,4.0418547812168555,-11.993652191979919,122
C028-H100,Q2-008-G01,False,True,4.0418547812168555,-13.231262833078887,123
C028-H100,Q2-011-G01,False,True,4.0418547812168555,-7.179920158430733,91
C028-H100,Q2-013-G01,False,True,4.0418547812168555,-9.711575814190041,167
C028-H100,Q2-015-G01,True,True,4.0418547812168555,5.448585937371902,0
C028-H100,Q2-016-G01,False,True,4.0418547812168555,-10.990144954691957,135
C028-H100,Q2-018-G01,True,True,4.0418547812168555,7.63699827750861,0
C028-H100,Q2-019-G01,False,True,4.0418547812168555,-10.432305526303395,82
C028-H100,Q2-020-G01,True,True,4.0418547812168555,5.448585937371902,0
C028-H100,Q2-021-G01,True,True,4.0418547812168555,5.448585937371902,0
C028-H100,Q2-022-G01,False,True,4.0418547812168555,-11.993652191979919,122
C028-H100,Q2-023-G01,True,True,4.0418547812168555,5.448585937371902,0
C028-H200,Q2-002-G01,False,True,14.019533827440384,-13.397165341271545,163
C028-H200,Q2-003-G01,False,True,14.019533827440384,-1.6147201459767047,82
C028-H200,Q2-004-G01,True,True,14.019533827440384,19.53791165558721,0
C028-H200,Q2-005-G01,False,True,14.019533827440384,-12.168227473340806,86
C028-H200,Q2-006-G01,False,True,14.019533827440384,-11.998222922543732,135
C028-H200,Q2-007-G01,False,True,14.019533827440384,-11.998222922543732,122
C028-H200,Q2-008-G01,False,True,14.019533827440384,-13.23332101158519,123
C028-H200,Q2-011-G01,False,True,14.019533827440384,-7.194785200359036,85
C028-H200,Q2-013-G01,False,True,14.019533827440384,-9.718091730846297,131
C028-H200,Q2-015-G01,True,True,14.019533827440384,5.432457177348255,0
C028-H200,Q2-016-G01,False,True,14.019533827440384,-10.995748450877983,135
C028-H200,Q2-018-G01,True,True,14.019533827440384,7.6309441161429845,0
C028-H200,Q2-019-G01,False,True,14.019533827440384,-0.43864253439585354,83
C028-H200,Q2-020-G01,True,True,14.019533827440384,5.432457177348255,0
C028-H200,Q2-021-G01,True,True,14.019533827440384,5.432457177348255,0
C028-H200,Q2-022-G01,False,True,14.019533827440384,-11.998222922543732,122
C028-H200,Q2-023-G01,True,True,14.019533827440384,5.432457177348255,0
C028-H300,Q2-002-G01,False,True,13.991784678306459,-13.400875175741987,163
C028-H300,Q2-003-G01,False,True,13.991784678306459,-1.6192174159276647,82
C028-H300,Q2-004-G01,True,True,13.991784678306459,18.98197773385455,0
C028-H300,Q2-005-G01,False,True,13.991784678306459,-12.17218817428494,86
C028-H300,Q2-006-G01,False,True,13.991784678306459,-12.004181646115825,136
C028-H300,Q2-007-G01,False,True,13.991784678306459,-12.004181646115825,123
C028-H300,Q2-008-G01,False,True,13.991784678306459,-13.236426903722986,123
C028-H300,Q2-011-G01,False,True,13.991784678306459,-7.213797772272443,82
C028-H300,Q2-013-G01,False,True,13.991784678306459,-9.726951088712596,93
C028-H300,Q2-015-G01,True,True,13.991784678306459,5.408705791574505,0
C028-H300,Q2-016-G01,False,True,13.991784678306459,-11.00309866598974,135
C028-H300,Q2-018-G01,True,True,13.991784678306459,7.608901306769496,0
C028-H300,Q2-019-G01,False,True,13.991784678306459,-0.44696391872498964,83
C028-H300,Q2-020-G01,True,True,13.991784678306459,5.408705791574505,0
C028-H300,Q2-021-G01,True,True,13.991784678306459,5.408705791574505,0
C028-H300,Q2-022-G01,False,True,13.991784678306459,-12.004181646115825,123
C028-H300,Q2-023-G01,True,True,13.991784678306459,5.408705791574505,0
C029-H100,Q2-002-G01,False,True,4.095963782503915,-13.369274152010746,162
C029-H100,Q2-003-G01,False,True,4.095963782503915,-1.5789840051631643,82
C029-H100,Q2-004-G01,True,True,4.095963782503915,19.631882287731273,0
C029-H100,Q2-005-G01,False,True,4.095963782503915,-12.134952467238293,86
C029-H100,Q2-006-G01,False,True,4.095963782503915,-11.968915811300832,134
C029-H100,Q2-007-G01,False,True,4.095963782503915,-11.968915811300832,121
C029-H100,Q2-008-G01,False,True,4.095963782503915,-13.204959542023971,123
C029-H100,Q2-011-G01,False,True,4.095963782503915,-7.142347410598049,91
C029-H100,Q2-013-G01,False,True,4.095963782503915,-9.701407709903378,166
C029-H100,Q2-015-G01,True,True,4.095963782503915,5.383162758282182,0
C029-H100,Q2-016-G01,False,True,4.095963782503915,-10.969478598389713,134
C029-H100,Q2-018-G01,True,True,4.095963782503915,7.615744047826368,0
C029-H100,Q2-019-G01,False,True,4.095963782503915,-10.399414610560882,81
C029-H100,Q2-020-G01,True,True,4.095963782503915,5.383162758282182,0
C029-H100,Q2-021-G01,True,True,4.095963782503915,5.383162758282182,0
C029-H100,Q2-022-G01,False,True,4.095963782503915,-11.968915811300832,121
C029-H100,Q2-023-G01,True,True,4.095963782503915,5.383162758282182,0
C029-H200,Q2-002-G01,False,True,14.073402893088627,-13.371984605656621,162
C029-H200,Q2-003-G01,False,True,14.073402893088627,-1.5819732797838242,82
C029-H200,Q2-004-G01,True,True,14.073402893088627,19.247705474565862,0
C029-H200,Q2-005-G01,False,True,14.073402893088627,-12.137584006493256,86
C029-H200,Q2-006-G01,False,True,14.073402893088627,-11.973502901440952,134
C029-H200,Q2-007-G01,False,True,14.073402893088627,-11.973502901440952,121
C029-H200,Q2-008-G01,False,True,14.073402893088627,-13.20702289310833,123
C029-H200,Q2-011-G01,False,True,14.073402893088627,-7.157311883796552,85
C029-H200,Q2-013-G01,False,True,14.073402893088627,-9.707922487265748,129
C029-H200,Q2-015-G01,True,True,14.073402893088627,5.367327476285709,0
C029-H200,Q2-016-G01,False,True,14.073402893088627,-10.975096554878036,134
C029-H200,Q2-018-G01,True,True,14.073402893088627,7.609893915815434,0
C029-H200,Q2-019-G01,False,True,14.073402893088627,-0.4057857915407084,81
C029-H200,Q2-020-G01,True,True,14.073402893088627,5.367327476285709,0
C029-H200,Q2-021-G01,True,True,14.073402893088627,5.367327476285709,0
C029-H200,Q2-022-G01,False,True,14.073402893088627,-11.973502901440952,121
C029-H200,Q2-023-G01,True,True,14.073402893088627,5.367327476285709,0
C029-H300,Q2-002-G01,False,True,14.045347446007185,-13.375708954674536,162
C029-H300,Q2-003-G01,False,True,14.045347446007185,-1.5864939286770436,82
C029-H300,Q2-004-G01,True,True,14.045347446007185,18.726776826457737,0
C029-H300,Q2-005-G01,False,True,14.045347446007185,-12.141563374596416,86
C029-H300,Q2-006-G01,False,True,14.045347446007185,-11.979485894007667,134
C029-H300,Q2-007-G01,False,True,14.045347446007185,-11.979485894007667,122
C029-H300,Q2-008-G01,False,True,14.045347446007185,-13.210140320347818,123
C029-H300,Q2-011-G01,False,True,14.045347446007185,-7.176459474993905,82
C029-H300,Q2-013-G01,False,True,14.045347446007185,-9.716786224977227,92
C029-H300,Q2-015-G01,True,True,14.045347446007185,5.343981162952389,0
C029-H300,Q2-016-G01,False,True,14.045347446007185,-10.98246954578039,134
C029-H300,Q2-018-G01,True,True,14.045347446007185,7.588045418461036,0
C029-H300,Q2-019-G01,False,True,14.045347446007185,-0.4141563696632886,82
C029-H300,Q2-020-G01,True,True,14.045347446007185,5.343981162952389,0
C029-H300,Q2-021-G01,True,True,14.045347446007185,5.343981162952389,0
C029-H300,Q2-022-G01,False,True,14.045347446007185,-11.979485894007667,122
C029-H300,Q2-023-G01,True,True,14.045347446007185,5.343981162952389,0
C030-H100,Q2-002-G01,False,True,4.178833145065525,-5.439111089462742,87
C030-H100,Q2-003-G01,True,True,4.178833145065525,16.120826949740774,0
C030-H100,Q2-004-G01,False,True,4.178833145065525,-11.22581499658267,119
C030-H100,Q2-005-G01,True,True,4.178833145065525,2.230148041348997,0
C030-H100,Q2-006-G01,False,True,4.178833145065525,-7.815465688294736,76
C030-H100,Q2-007-G01,False,True,4.178833145065525,-7.815465688294736,52
C030-H100,Q2-008-G01,False,True,4.178833145065525,-4.0508511497236555,96
C030-H100,Q2-011-G01,False,True,4.178833145065525,-7.777624017033531,98
C030-H100,Q2-013-G01,False,True,4.178833145065525,-11.91936243161183,139
C030-H100,Q2-015-G01,False,True,4.178833145065525,-13.86953395628089,172
C030-H100,Q2-016-G01,False,True,4.178833145065525,-9.952398621041397,90
C030-H100,Q2-018-G01,False,True,4.178833145065525,-11.775309537395529,109
C030-H100,Q2-019-G01,False,True,4.178833145065525,-4.480379943291894,62
C030-H100,Q2-020-G01,False,True,4.178833145065525,-13.86953395628089,183
C030-H100,Q2-021-G01,False,True,4.178833145065525,-13.86953395628089,189
C030-H100,Q2-022-G01,False,True,4.178833145065525,-7.815465688294736,52
C030-H100,Q2-023-G01,False,True,4.178833145065525,-13.86953395628089,166
C030-H200,Q2-002-G01,False,True,14.163426880443637,-5.447614414585445,63
C030-H200,Q2-003-G01,True,True,14.163426880443637,16.067110781785345,0
C030-H200,Q2-004-G01,False,True,14.163426880443637,-11.226899471033278,119
C030-H200,Q2-005-G01,True,True,14.163426880443637,2.210698635530335,0
C030-H200,Q2-006-G01,False,True,14.163426880443637,-7.8225874965798425,74
C030-H200,Q2-007-G01,False,True,14.163426880443637,-7.8225874965798425,49
C030-H200,Q2-008-G01,False,True,14.163426880443637,-4.037098220925273,86
C030-H200,Q2-011-G01,False,True,14.163426880443637,-7.785709415694612,93
C030-H200,Q2-013-G01,False,True,14.163426880443637,-11.921402542851581,139
C030-H200,Q2-015-G01,False,True,14.163426880443637,-13.869098696138792,172
C030-H200,Q2-016-G01,False,True,14.163426880443637,-9.956557733724736,88
C030-H200,Q2-018-G01,False,True,14.163426880443637,-11.772890327049424,109
C030-H200,Q2-019-G01,True,True,14.163426880443637,5.505108847750236,0
C030-H200,Q2-020-G01,False,True,14.163426880443637,-13.869098696138792,183
C030-H200,Q2-021-G01,False,True,14.163426880443637,-13.869098696138792,189
C030-H200,Q2-022-G01,False,True,14.163426880443637,-7.8225874965798425,49
C030-H200,Q2-023-G01,False,True,14.163426880443637,-13.869098696138792,166
C030-H300,Q2-002-G01,False,True,14.14233711718876,-5.462386225835971,52
C030-H300,Q2-003-G01,True,True,14.14233711718876,15.923993476280813,0
C030-H300,Q2-004-G01,False,True,14.14233711718876,-11.229664991848551,119
C030-H300,Q2-005-G01,True,True,14.14233711718876,12.151198960550644,0
C030-H300,Q2-006-G01,False,True,14.14233711718876,-7.8333375080878085,72
C030-H300,Q2-007-G01,False,True,14.14233711718876,-7.8333375080878085,48
C030-H300,Q2-008-G01,False,True,14.14233711718876,-4.0513410627402635,75
C030-H300,Q2-011-G01,False,True,14.14233711718876,-7.7974498674814186,88
C030-H300,Q2-013-G01,False,True,14.14233711718876,-11.924860171222818,139
C030-H300,Q2-015-G01,False,True,14.14233711718876,-13.870694594725876,172
C030-H300,Q2-016-G01,False,True,14.14233711718876,-9.962941579730568,86
C030-H300,Q2-018-G01,False,True,14.14233711718876,-11.772753570853894,109
C030-H300,Q2-019-G01,True,True,14.14233711718876,5.482831294967184,0
C030-H300,Q2-020-G01,False,True,14.14233711718876,-13.870694594725876,183
C030-H300,Q2-021-G01,False,True,14.14233711718876,-13.870694594725876,189
C030-H300,Q2-022-G01,False,True,14.14233711718876,-7.8333375080878085,48
C030-H300,Q2-023-G01,False,True,14.14233711718876,-13.870694594725876,166
C031-H100,Q2-002-G01,False,True,4.087796433981552,-13.44873970821564,164
C031-H100,Q2-003-G01,False,True,4.087796433981552,-1.6521902546645606,82
C031-H100,Q2-004-G01,True,True,4.087796433981552,19.533429595196367,0
C031-H100,Q2-005-G01,False,True,4.087796433981552,-12.187115560296178,86
C031-H100,Q2-006-G01,False,True,4.087796433981552,-12.080818849727592,138
C031-H100,Q2-007-G01,False,True,4.087796433981552,-12.080818849727592,125
C031-H100,Q2-008-G01,False,True,4.087796433981552,-13.235236343520853,123
C031-H100,Q2-011-G01,False,True,4.087796433981552,-7.34483392304378,91
C031-H100,Q2-013-G01,False,True,4.087796433981552,-9.84881614502082,166
C031-H100,Q2-015-G01,True,True,4.087796433981552,5.401468858740827,0
C031-H100,Q2-016-G01,False,True,4.087796433981552,-11.102638439134068,138
C031-H100,Q2-018-G01,True,True,4.087796433981552,7.360742152689582,0
C031-H100,Q2-019-G01,False,True,4.087796433981552,-0.5241665463149445,85
C031-H100,Q2-020-G01,True,True,4.087796433981552,5.401468858740827,0
C031-H100,Q2-021-G01,True,True,4.087796433981552,5.401468858740827,0
C031-H100,Q2-022-G01,False,True,4.087796433981552,-12.080818849727592,125
C031-H100,Q2-023-G01,True,True,4.087796433981552,5.401468858740827,0
C031-H200,Q2-002-G01,False,True,14.064957862547075,-13.451457714581181,164
C031-H200,Q2-003-G01,False,True,14.064957862547075,-1.6552152972716385,82
C031-H200,Q2-004-G01,True,True,14.064957862547075,19.147178577297097,0
C031-H200,Q2-005-G01,False,True,14.064957862547075,-12.189791480136194,86
C031-H200,Q2-006-G01,False,True,14.064957862547075,-12.08536694975814,138
C031-H200,Q2-007-G01,False,True,14.064957862547075,-12.08536694975814,125
C031-H200,Q2-008-G01,False,True,14.064957862547075,-13.237344909440196,123
C031-H200,Q2-011-G01,False,True,14.064957862547075,-7.359348318837007,85
C031-H200,Q2-013-G01,False,True,14.064957862547075,-9.85524340353075,131
C031-H200,Q2-015-G01,True,True,14.064957862547075,5.385133180078867,0
C031-H200,Q2-016-G01,False,True,14.064957862547075,-11.108184086184067,138
C031-H200,Q2-018-G01,True,True,14.064957862547075,7.353879044838379,0
C031-H200,Q2-019-G01,False,True,14.064957862547075,-0.5304685022827726,85
C031-H200,Q2-020-G01,True,True,14.064957862547075,5.385133180078867,0
C031-H200,Q2-021-G01,True,True,14.064957862547075,5.385133180078867,0
C031-H200,Q2-022-G01,False,True,14.064957862547075,-12.08536694975814,125
C031-H200,Q2-023-G01,True,True,14.064957862547075,5.385133180078867,0
C031-H300,Q2-002-G01,False,True,14.036638861242054,-13.455171191707592,164
C031-H300,Q2-003-G01,False,True,14.036638861242054,-1.659746012879424,82
C031-H300,Q2-004-G01,True,True,14.036638861242054,18.628337309360276,0
C031-H300,Q2-005-G01,False,True,14.036638861242054,-12.193799038921412,86
C031-H300,Q2-006-G01,False,True,14.036638861242054,-2.0912754327996907,138
C031-H300,Q2-007-G01,False,True,14.036638861242054,-2.0912754327996907,126
C031-H300,Q2-008-G01,False,True,14.036638861242054,-13.240500157458825,123
C031-H300,Q2-011-G01,False,True,14.036638861242054,-7.377856897761859,82
C031-H300,Q2-013-G01,False,True,14.036638861242054,-9.863941278732128,94
C031-H300,Q2-015-G01,True,True,14.036638861242054,5.361259957763508,0
C031-H300,Q2-016-G01,False,True,14.036638861242054,-11.115431806459014,138
C031-H300,Q2-018-G01,True,True,14.036638861242054,7.332599305283907,0
C031-H300,Q2-019-G01,False,True,14.036638861242054,-0.5387132515548103,85
C031-H300,Q2-020-G01,True,True,14.036638861242054,5.361259957763508,0
C031-H300,Q2-021-G01,True,True,14.036638861242054,5.361259957763508,0
C031-H300,Q2-022-G01,False,True,14.036638861242054,-2.0912754327996907,126
C031-H300,Q2-023-G01,True,True,14.036638861242054,5.361259957763508,0
C032-H100,Q2-002-G01,False,True,4.118656212234399,-13.45880710937638,164
C032-H100,Q2-003-G01,False,True,4.118656212234399,-1.6552897642182813,82
C032-H100,Q2-004-G01,True,True,4.118656212234399,19.248917921737018,0
C032-H100,Q2-005-G01,False,True,4.118656212234399,-12.184541299399683,86
C032-H100,Q2-006-G01,False,True,4.118656212234399,-12.102052436340955,138
C032-H100,Q2-007-G01,False,True,4.118656212234399,-12.102052436340955,126
C032-H100,Q2-008-G01,False,True,4.118656212234399,-13.228140181924914,123
C032-H100,Q2-011-G01,False,True,4.118656212234399,-7.38836094873885,89
C032-H100,Q2-013-G01,False,True,4.118656212234399,-9.891220768217053,161
C032-H100,Q2-015-G01,True,True,4.118656212234399,5.361876371398807,0
C032-H100,Q2-016-G01,False,True,4.118656212234399,-11.13355857968358,138
C032-H100,Q2-018-G01,True,True,4.118656212234399,7.264665469217448,0
C032-H100,Q2-019-G01,False,True,4.118656212234399,-0.5445329452245176,85
C032-H100,Q2-020-G01,True,True,4.118656212234399,5.361876371398807,0
C032-H100,Q2-021-G01,True,True,4.118656212234399,5.361876371398807,0
C032-H100,Q2-022-G01,False,True,4.118656212234399,-12.102052436340955,126
C032-H100,Q2-023-G01,True,True,4.118656212234399,5.361876371398807,0
C032-H200,Q2-002-G01,False,True,14.095062815105493,-13.461622796618286,164
C032-H200,Q2-003-G01,False,True,14.095062815105493,-1.6584701330093026,82
C032-H200,Q2-004-G01,True,True,14.095062815105493,18.86834995052905,0
C032-H200,Q2-005-G01,False,True,14.095062815105493,-12.187358231955926,86
C032-H200,Q2-006-G01,False,True,14.095062815105493,-12.106720405194437,138
C032-H200,Q2-007-G01,False,True,14.095062815105493,-12.106720405194437,126
C032-H200,Q2-008-G01,False,True,14.095062815105493,-13.230361853988512,123
C032-H200,Q2-011-G01,False,True,14.095062815105493,-7.403150387017703,85
C032-H200,Q2-013-G01,False,True,14.095062815105493,-9.897821835099677,126
C032-H200,Q2-015-G01,True,True,14.095062815105493,5.344898706637636,0
C032-H200,Q2-016-G01,False,True,14.095062815105493,-11.139242392912834,138
C032-H200,Q2-018-G01,True,True,14.095062815105493,7.255532079668669,0
C032-H200,Q2-019-G01,False,True,14.095062815105493,-0.5510086665139085,85
C032-H200,Q2-020-G01,True,True,14.095062815105493,5.344898706637636,0
C032-H200,Q2-021-G01,True,True,14.095062815105493,5.344898706637636,0
C032-H200,Q2-022-G01,False,True,14.095062815105493,-12.106720405194437,126
C032-H200,Q2-023-G01,True,True,14.095062815105493,5.344898706637636,0
C032-H300,Q2-002-G01,False,True,14.06595903526987,-13.465431476954251,164
C032-H300,Q2-003-G01,False,True,14.06595903526987,-1.663154769911813,82
C032-H300,Q2-004-G01,True,True,14.06595903526987,18.36416779501117,0
C032-H300,Q2-005-G01,False,True,14.06595903526987,-12.191507329126978,86
C032-H300,Q2-006-G01,False,True,14.06595903526987,-2.112741771059575,138
C032-H300,Q2-007-G01,False,True,14.06595903526987,-2.112741771059575,126
C032-H300,Q2-008-G01,False,True,14.06595903526987,-13.233631753926488,123
C032-H300,Q2-011-G01,False,True,14.06595903526987,-7.421891361778307,82
C032-H300,Q2-013-G01,False,True,14.06595903526987,-9.90667066903086,93
C032-H300,Q2-015-G01,True,True,14.06595903526987,5.320459509530295,0
C032-H300,Q2-016-G01,False,True,14.06595903526987,-11.146615692098038,138
C032-H300,Q2-018-G01,True,True,14.06595903526987,7.233507314874842,0
C032-H300,Q2-019-G01,False,True,14.06595903526987,-0.5594173856389517,85
C032-H300,Q2-020-G01,True,True,14.06595903526987,5.320459509530295,0
C032-H300,Q2-021-G01,True,True,14.06595903526987,5.320459509530295,0
C032-H300,Q2-022-G01,False,True,14.06595903526987,-2.112741771059575,126
C032-H300,Q2-023-G01,True,True,14.06595903526987,5.320459509530295,0
C033-H100,Q2-002-G01,False,True,2.3473522980515753,-6.0187972938665695,109
C033-H100,Q2-003-G01,True,True,2.3473522980515753,2.7598321747067445,0
C033-H100,Q2-004-G01,False,True,2.3473522980515753,-12.741303486305668,119
C033-H100,Q2-005-G01,True,True,2.3473522980515753,16.928701020625837,0
C033-H100,Q2-006-G01,False,True,2.3473522980515753,-9.514245673850695,176
C033-H100,Q2-007-G01,False,True,2.3473522980515753,-9.514245673850695,173
C033-H100,Q2-008-G01,True,True,2.3473522980515753,1.0834295187779333,0
C033-H100,Q2-011-G01,False,True,2.3473522980515753,-10.135299726877548,109
C033-H100,Q2-013-G01,False,True,2.3473522980515753,-13.422592304252419,195
C033-H100,Q2-015-G01,False,True,2.3473522980515753,-15.055927047288918,172
C033-H100,Q2-016-G01,False,True,2.3473522980515753,-11.618302059205405,156
C033-H100,Q2-018-G01,False,True,2.3473522980515753,-13.326969769853065,121
C033-H100,Q2-019-G01,False,True,2.3473522980515753,-7.262467482976987,121
C033-H100,Q2-020-G01,False,True,2.3473522980515753,-15.055927047288918,183
C033-H100,Q2-021-G01,False,True,2.3473522980515753,-15.055927047288918,189
C033-H100,Q2-022-G01,False,True,2.3473522980515753,-9.514245673850695,173
C033-H100,Q2-023-G01,False,True,2.3473522980515753,-15.055927047288918,166
C033-H200,Q2-002-G01,True,True,2.334975500903184,3.9704593311340375,0
C033-H200,Q2-003-G01,True,True,2.334975500903184,12.206416264036292,0
C033-H200,Q2-004-G01,False,True,2.334975500903184,-12.74278373074435,119
C033-H200,Q2-005-G01,True,True,2.334975500903184,16.886597728115277,0
C033-H200,Q2-006-G01,False,True,2.334975500903184,-9.520540782833692,73
C033-H200,Q2-007-G01,False,True,2.334975500903184,-9.520540782833692,48
C033-H200,Q2-008-G01,True,True,2.334975500903184,1.0633418875573426,0
C033-H200,Q2-011-G01,False,True,2.334975500903184,-10.141280512163462,109
C033-H200,Q2-013-G01,False,True,2.334975500903184,-13.424636912311996,195
C033-H200,Q2-015-G01,False,True,2.334975500903184,-15.056864764065722,172
C033-H200,Q2-016-G01,False,True,2.334975500903184,-11.622047231276994,156
C033-H200,Q2-018-G01,False,True,2.334975500903184,-13.325983549117325,121
C033-H200,Q2-019-G01,False,True,2.334975500903184,-7.272600209895543,60
C033-H200,Q2-020-G01,False,True,2.334975500903184,-15.056864764065722,183
C033-H200,Q2-021-G01,False,True,2.334975500903184,-15.056864764065722,189
C033-H200,Q2-022-G01,False,True,2.334975500903184,-9.520540782833692,48
C033-H200,Q2-023-G01,False,True,2.334975500903184,-15.056864764065722,166
C033-H300,Q2-002-G01,True,True,2.3188641332927773,3.9542478645462467,0
C033-H300,Q2-003-G01,True,True,2.3188641332927773,12.140196888578558,0
C033-H300,Q2-004-G01,False,True,2.3188641332927773,-12.745437696933521,119
C033-H300,Q2-005-G01,True,True,2.3188641332927773,16.739353441829635,0
C033-H300,Q2-006-G01,False,True,2.3188641332927773,-9.529289590573853,71
C033-H300,Q2-007-G01,False,True,2.3188641332927773,-9.529289590573853,47
C033-H300,Q2-008-G01,True,True,2.3188641332927773,1.000727401301134,0
C033-H300,Q2-011-G01,False,True,2.3188641332927773,-10.149388106139583,110
C033-H300,Q2-013-G01,False,True,2.3188641332927773,-13.427684060977128,195
C033-H300,Q2-015-G01,False,True,2.3188641332927773,-15.058491600348106,172
C033-H300,Q2-016-G01,False,True,2.3188641332927773,-11.627308260896626,156
C033-H300,Q2-018-G01,False,True,2.3188641332927773,-13.327010381313869,121
C033-H300,Q2-019-G01,False,True,2.3188641332927773,-7.2868375383395545,59
C033-H300,Q2-020-G01,False,True,2.3188641332927773,-15.058491600348106,183
C033-H300,Q2-021-G01,False,True,2.3188641332927773,-15.058491600348106,189
C033-H300,Q2-022-G01,False,True,2.3188641332927773,-9.529289590573853,47
C033-H300,Q2-023-G01,False,True,2.3188641332927773,-15.058491600348106,166
C034-H100,Q2-002-G01,False,True,4.10978873624569,-6.938608039559838,65
C034-H100,Q2-003-G01,True,True,4.10978873624569,12.028827851657368,0
C034-H100,Q2-004-G01,False,True,4.10978873624569,-11.879599256332583,119
C034-H100,Q2-005-G01,True,True,4.10978873624569,16.94462648877547,0
C034-H100,Q2-006-G01,False,True,4.10978873624569,-9.53413380188087,74
C034-H100,Q2-007-G01,False,True,4.10978873624569,-9.53413380188087,50
C034-H100,Q2-008-G01,False,True,4.10978873624569,-0.5946155920870808,87
C034-H100,Q2-011-G01,False,True,4.10978873624569,-9.463639750766447,93
C034-H100,Q2-013-G01,False,True,4.10978873624569,-13.033000038254073,173
C034-H100,Q2-015-G01,False,True,4.10978873624569,-14.427049647848037,172
C034-H100,Q2-016-G01,False,True,4.10978873624569,-11.379946362521537,146
C034-H100,Q2-018-G01,False,True,4.10978873624569,-12.637081686121462,121
C034-H100,Q2-019-G01,False,True,4.10978873624569,-6.977866931428849,64
C034-H100,Q2-020-G01,False,True,4.10978873624569,-14.427049647848037,183
C034-H100,Q2-021-G01,False,True,4.10978873624569,-14.427049647848037,189
C034-H100,Q2-022-G01,False,True,4.10978873624569,-9.53413380188087,50
C034-H100,Q2-023-G01,False,True,4.10978873624569,-14.427049647848037,166
C034-H200,Q2-002-G01,False,True,4.0909860774386715,-6.947495127889255,56
C034-H200,Q2-003-G01,True,True,4.0909860774386715,11.984262677708614,0
C034-H200,Q2-004-G01,False,True,4.0909860774386715,-11.881466020901982,119
C034-H200,Q2-005-G01,True,True,4.0909860774386715,16.807763473525682,0
C034-H200,Q2-006-G01,False,True,4.0909860774386715,-9.540505981196958,72
C034-H200,Q2-007-G01,False,True,4.0909860774386715,-9.540505981196958,48
C034-H200,Q2-008-G01,False,True,4.0909860774386715,-0.604306393707148,78
C034-H200,Q2-011-G01,False,True,4.0909860774386715,-9.47072757830476,89
C034-H200,Q2-013-G01,False,True,4.0909860774386715,-13.035283811717534,173
C034-H200,Q2-015-G01,False,True,4.0909860774386715,-14.428167792356476,172
C034-H200,Q2-016-G01,False,True,4.0909860774386715,-11.383971944002525,146
C034-H200,Q2-018-G01,False,True,4.0909860774386715,-12.636028004273726,121
C034-H200,Q2-019-G01,True,True,4.0909860774386715,3.01112452602473,0
C034-H200,Q2-020-G01,False,True,4.0909860774386715,-14.428167792356476,183
C034-H200,Q2-021-G01,False,True,4.0909860774386715,-14.428167792356476,189
C034-H200,Q2-022-G01,False,True,4.0909860774386715,-9.540505981196958,48
C034-H200,Q2-023-G01,False,True,4.0909860774386715,-14.428167792356476,166
C034-H300,Q2-002-G01,True,True,4.066625743797715,3.0391857496967702,0
C034-H300,Q2-003-G01,True,True,4.066625743797715,11.905752359591858,0
C034-H300,Q2-004-G01,False,True,4.066625743797715,-11.884763617423616,119
C034-H300,Q2-005-G01,True,True,4.066625743797715,16.573537256563114,0
C034-H300,Q2-006-G01,False,True,4.066625743797715,-9.549320298847178,71
C034-H300,Q2-007-G01,False,True,4.066625743797715,-9.549320298847178,46
C034-H300,Q2-008-G01,False,True,4.066625743797715,-0.6478734022912391,71
C034-H300,Q2-011-G01,False,True,4.066625743797715,-9.480294616997242,86
C034-H300,Q2-013-G01,False,True,4.066625743797715,-13.038663937294643,173
C034-H300,Q2-015-G01,False,True,4.066625743797715,-14.430082300584814,172
C034-H300,Q2-016-G01,False,True,4.066625743797715,-11.389598362030839,146
C034-H300,Q2-018-G01,False,True,4.066625743797715,-12.637283477812218,121
C034-H300,Q2-019-G01,True,True,4.066625743797715,2.9957379558104407,0
C034-H300,Q2-020-G01,False,True,4.066625743797715,-14.430082300584814,183
C034-H300,Q2-021-G01,False,True,4.066625743797715,-14.430082300584814,189
C034-H300,Q2-022-G01,False,True,4.066625743797715,-9.549320298847178,46
C034-H300,Q2-023-G01,False,True,4.066625743797715,-14.430082300584814,166
C035-H100,Q2-002-G01,False,True,47.662503217766925,-11.423645872978028,160
C035-H100,Q2-003-G01,True,True,47.662503217766925,2.242455378764106,0
C035-H100,Q2-004-G01,False,True,47.662503217766925,-7.224728944484298,113
C035-H100,Q2-005-G01,False,True,47.662503217766925,-7.639270928244301,86
C035-H100,Q2-006-G01,False,True,47.662503217766925,-11.45114544139662,114
C035-H100,Q2-007-G01,False,True,47.662503217766925,-11.451163160035051,96
C035-H100,Q2-008-G01,False,True,47.662503217766925,-8.731179974769049,105
C035-H100,Q2-011-G01,False,True,47.662503217766925,-8.516421702260814,100
C035-H100,Q2-013-G01,False,True,47.662503217766925,-12.210067631373278,139
C035-H100,Q2-015-G01,False,True,47.662503217766925,-11.301156478360141,170
C035-H100,Q2-016-G01,False,True,47.662503217766925,-11.805517412575597,150
C035-H100,Q2-018-G01,False,True,47.662503217766925,-9.66111220580737,83
C035-H100,Q2-019-G01,False,True,47.662503217766925,-9.177447637601446,62
C035-H100,Q2-020-G01,False,True,47.662503217766925,-11.301156478360141,181
C035-H100,Q2-021-G01,False,True,47.662503217766925,-11.301156478360141,187
C035-H100,Q2-022-G01,False,True,47.662503217766925,-11.451163160035051,96
C035-H100,Q2-023-G01,False,True,47.662503217766925,-11.301156478360141,164
C035-H200,Q2-002-G01,False,True,40.768546248638216,-11.420763527962905,100
C035-H200,Q2-003-G01,True,True,40.768546248638216,2.2466791316001036,0
C035-H200,Q2-004-G01,False,True,40.768546248638216,-7.214675273709133,99
C035-H200,Q2-005-G01,False,True,40.768546248638216,-7.631736355528332,54
C035-H200,Q2-006-G01,False,True,40.768546248638216,-11.452005358718424,114
C035-H200,Q2-007-G01,False,True,40.768546248638216,-11.452005358718424,96
C035-H200,Q2-008-G01,False,True,40.768546248638216,-8.720651634697532,78
C035-H200,Q2-011-G01,False,True,40.768546248638216,-8.518488759667633,91
C035-H200,Q2-013-G01,False,True,40.768546248638216,-12.209009612922955,139
C035-H200,Q2-015-G01,False,True,40.768546248638216,-11.29651923358881,162
C035-H200,Q2-016-G01,False,True,40.768546248638216,-11.804621730626849,150
C035-H200,Q2-018-G01,False,True,40.768546248638216,-9.654106487377106,71
C035-H200,Q2-019-G01,True,True,40.768546248638216,0.8212794980040883,0
C035-H200,Q2-020-G01,False,True,40.768546248638216,-11.29651923358881,171
C035-H200,Q2-021-G01,False,True,40.768546248638216,-11.29651923358881,177
C035-H200,Q2-022-G01,False,True,40.768546248638216,-11.452005358718424,96
C035-H200,Q2-023-G01,False,True,40.768546248638216,-11.29651923358881,156
C035-H300,Q2-002-G01,False,True,36.961537329752105,-11.422279165944246,100
C035-H300,Q2-003-G01,True,True,36.961537329752105,2.246339385312112,0
C035-H300,Q2-004-G01,False,True,36.961537329752105,-7.210442803138491,92
C035-H300,Q2-005-G01,False,True,36.961537329752105,-7.63225264646627,52
C035-H300,Q2-006-G01,False,True,36.961537329752105,-11.454522589986482,114
C035-H300,Q2-007-G01,False,True,36.961537329752105,-11.454522589986482,96
C035-H300,Q2-008-G01,False,True,36.961537329752105,-8.715123512029137,76
C035-H300,Q2-011-G01,False,True,36.961537329752105,-8.524193976505174,83
C035-H300,Q2-013-G01,False,True,36.961537329752105,-12.210441754201327,139
C035-H300,Q2-015-G01,False,True,36.961537329752105,-11.293517497385253,132
C035-H300,Q2-016-G01,False,True,36.961537329752105,-11.806814467680496,150
C035-H300,Q2-018-G01,False,True,36.961537329752105,-9.648780422702544,60
C035-H300,Q2-019-G01,True,True,36.961537329752105,0.8173116786722403,0
C035-H300,Q2-020-G01,False,True,36.961537329752105,-11.293517497385253,135
C035-H300,Q2-021-G01,False,True,36.961537329752105,-11.293517497385253,141
C035-H300,Q2-022-G01,False,True,36.961537329752105,-11.454522589986482,96
C035-H300,Q2-023-G01,False,True,36.961537329752105,-11.293517497385253,126
C036-H100,Q2-002-G01,False,True,5.879133112586317,-14.043600762493952,164
C036-H100,Q2-003-G01,False,True,5.879133112586317,-1.8715941368017752,82
C036-H100,Q2-004-G01,False,True,5.879133112586317,-2.0852322769480764,119
C036-H100,Q2-005-G01,False,True,5.879133112586317,-12.023081159749552,86
C036-H100,Q2-006-G01,False,True,5.879133112586317,-13.317950811522962,168
C036-H100,Q2-007-G01,False,True,5.879133112586317,-13.317950811522962,163
C036-H100,Q2-008-G01,False,True,5.879133112586317,-12.734466053375229,123
C036-H100,Q2-011-G01,False,True,5.879133112586317,-9.779715774424659,109
C036-H100,Q2-013-G01,False,True,5.879133112586317,-12.190598478320112,193
C036-H100,Q2-015-G01,False,True,5.879133112586317,-7.708058726701523,136
C036-H100,Q2-016-G01,False,True,5.879133112586317,-12.85561439946406,183
C036-H100,Q2-018-G01,False,True,5.879133112586317,-7.492631613536702,121
C036-H100,Q2-019-G01,False,True,5.879133112586317,-11.750559045055752,113
C036-H100,Q2-020-G01,False,True,5.879133112586317,-7.708058726701523,137
C036-H100,Q2-021-G01,False,True,5.879133112586317,-7.708058726701523,143
C036-H100,Q2-022-G01,False,True,5.879133112586317,-13.317950811522962,163
C036-H100,Q2-023-G01,False,True,5.879133112586317,-7.708058726701523,130
C036-H200,Q2-002-G01,False,True,5.855467629600938,-14.04486596615979,164
C036-H200,Q2-003-G01,False,True,5.855467629600938,-1.8726482367755892,82
C036-H200,Q2-004-G01,False,True,5.855467629600938,-2.085219115749112,119
C036-H200,Q2-005-G01,False,True,5.855467629600938,-12.024100515782436,86
C036-H200,Q2-006-G01,False,True,5.855467629600938,-13.320066328668986,168
C036-H200,Q2-007-G01,False,True,5.855467629600938,-13.320066328668986,163
C036-H200,Q2-008-G01,False,True,5.855467629600938,-12.733561793802352,123
C036-H200,Q2-011-G01,False,True,5.855467629600938,-9.785060998675633,91
C036-H200,Q2-013-G01,False,True,5.855467629600938,-12.192655482340683,153
C036-H200,Q2-015-G01,False,True,5.855467629600938,-7.705027872486141,120
C036-H200,Q2-016-G01,False,True,5.855467629600938,-12.857866811817871,183
C036-H200,Q2-018-G01,False,True,5.855467629600938,-7.486855846323593,117
C036-H200,Q2-019-G01,False,True,5.855467629600938,-1.7534387949095986,113
C036-H200,Q2-020-G01,False,True,5.855467629600938,-7.705027872486141,117
C036-H200,Q2-021-G01,False,True,5.855467629600938,-7.705027872486141,123
C036-H200,Q2-022-G01,False,True,5.855467629600938,-13.320066328668986,163
C036-H200,Q2-023-G01,False,True,5.855467629600938,-7.705027872486141,114
C036-H300,Q2-002-G01,False,True,5.823477478520715,-14.047000923457091,164
C036-H300,Q2-003-G01,False,True,5.823477478520715,-1.875136892434881,82
C036-H300,Q2-004-G01,False,True,5.823477478520715,-2.109294222417219,119
C036-H300,Q2-005-G01,False,True,5.823477478520715,-12.02650528898252,86
C036-H300,Q2-006-G01,False,True,5.823477478520715,-13.32320875473755,168
C036-H300,Q2-007-G01,False,True,5.823477478520715,-13.32320875473755,163
C036-H300,Q2-008-G01,False,True,5.823477478520715,-12.73561127915363,123
C036-H300,Q2-011-G01,False,True,5.823477478520715,-9.792717478725379,88
C036-H300,Q2-013-G01,False,True,5.823477478520715,-12.196044110078617,144
C036-H300,Q2-015-G01,False,True,5.823477478520715,-7.7120159796428425,104
C036-H300,Q2-016-G01,False,True,5.823477478520715,-12.861261376636861,184
C036-H300,Q2-018-G01,False,True,5.823477478520715,-7.487009593602934,79
C036-H300,Q2-019-G01,False,True,5.823477478520715,-1.757790751685775,113
C036-H300,Q2-020-G01,False,True,5.823477478520715,-7.7120159796428425,97
C036-H300,Q2-021-G01,False,True,5.823477478520715,-7.7120159796428425,103
C036-H300,Q2-022-G01,False,True,5.823477478520715,-13.32320875473755,163
C036-H300,Q2-023-G01,False,True,5.823477478520715,-7.7120159796428425,98
C037-H100,Q2-002-G01,False,True,4.120907507277579,-8.925446951777275,104
C037-H100,Q2-003-G01,False,True,4.120907507277579,-2.886169472588719,57
C037-H100,Q2-004-G01,False,True,4.120907507277579,-12.326024726595676,119
C037-H100,Q2-005-G01,True,True,4.120907507277579,11.666696578006935,0
C037-H100,Q2-006-G01,False,True,4.120907507277579,-11.170776088000963,129
C037-H100,Q2-007-G01,False,True,4.120907507277579,-11.170776088000963,115
C037-H100,Q2-008-G01,True,True,4.120907507277579,2.2170281578916473,0
C037-H100,Q2-011-G01,False,True,4.120907507277579,-10.844081007535564,125
C037-H100,Q2-013-G01,False,True,4.120907507277579,-14.00124205311613,196
C037-H100,Q2-015-G01,False,True,4.120907507277579,-14.811364142928198,172
C037-H100,Q2-016-G01,False,True,4.120907507277579,-12.670249978235347,182
C037-H100,Q2-018-G01,False,True,4.120907507277579,-13.307464812137908,121
C037-H100,Q2-019-G01,False,True,4.120907507277579,-9.075364151575016,85
C037-H100,Q2-020-G01,False,True,4.120907507277579,-14.811364142928198,183
C037-H100,Q2-021-G01,False,True,4.120907507277579,-14.811364142928198,189
C037-H100,Q2-022-G01,False,True,4.120907507277579,-11.170776088000963,115
C037-H100,Q2-023-G01,False,True,4.120907507277579,-14.811364142928198,166
C037-H200,Q2-002-G01,False,True,4.103542950405583,-8.930334317307398,56
C037-H200,Q2-003-G01,False,True,4.103542950405583,-2.897626733545735,50
C037-H200,Q2-004-G01,False,True,4.103542950405583,-12.32737107085967,119
C037-H200,Q2-005-G01,True,True,4.103542950405583,11.634057529426968,0
C037-H200,Q2-006-G01,False,True,4.103542950405583,-11.17470766398182,112
C037-H200,Q2-007-G01,False,True,4.103542950405583,-11.17470766398182,94
C037-H200,Q2-008-G01,True,True,4.103542950405583,2.2297555397306894,0
C037-H200,Q2-011-G01,False,True,4.103542950405583,-10.84876478520421,125
C037-H200,Q2-013-G01,False,True,4.103542950405583,-14.002839648973662,196
C037-H200,Q2-015-G01,False,True,4.103542950405583,-14.812196808589732,172
C037-H200,Q2-016-G01,False,True,4.103542950405583,-12.672928969800722,182
C037-H200,Q2-018-G01,False,True,4.103542950405583,-13.306235380399443,121
C037-H200,Q2-019-G01,True,True,4.103542950405583,0.9185546920814431,0
C037-H200,Q2-020-G01,False,True,4.103542950405583,-14.812196808589732,183
C037-H200,Q2-021-G01,False,True,4.103542950405583,-14.812196808589732,189
C037-H200,Q2-022-G01,False,True,4.103542950405583,-11.17470766398182,94
C037-H200,Q2-023-G01,False,True,4.103542950405583,-14.812196808589732,166
C037-H300,Q2-002-G01,False,True,4.080590644294475,-8.938038299770113,50
C037-H300,Q2-003-G01,True,True,4.080590644294475,7.079654260453481,0
C037-H300,Q2-004-G01,False,True,4.080590644294475,-12.330009110839029,119
C037-H300,Q2-005-G01,True,True,4.080590644294475,11.569833856048632,0
C037-H300,Q2-006-G01,False,True,4.080590644294475,-11.180319478287942,112
C037-H300,Q2-007-G01,False,True,4.080590644294475,-11.180319478287942,94
C037-H300,Q2-008-G01,True,True,4.080590644294475,2.1559517057065847,0
C037-H300,Q2-011-G01,False,True,4.080590644294475,-10.855258203843078,125
C037-H300,Q2-013-G01,False,True,4.080590644294475,-14.005315172390056,196
C037-H300,Q2-015-G01,False,True,4.080590644294475,-14.813758599826201,172
C037-H300,Q2-016-G01,False,True,4.080590644294475,-12.676799244080513,182
C037-H300,Q2-018-G01,False,True,4.080590644294475,-13.306835570016176,121
C037-H300,Q2-019-G01,True,True,4.080590644294475,0.9097571503570094,0
C037-H300,Q2-020-G01,False,True,4.080590644294475,-14.813758599826201,183
C037-H300,Q2-021-G01,False,True,4.080590644294475,-14.813758599826201,189
C037-H300,Q2-022-G01,False,True,4.080590644294475,-11.180319478287942,94
C037-H300,Q2-023-G01,False,True,4.080590644294475,-14.813758599826201,166
C038-H100,Q2-002-G01,False,True,4.057277349991878,-8.913845531605475,100
C038-H100,Q2-003-G01,False,True,4.057277349991878,-2.878189287973811,58
C038-H100,Q2-004-G01,False,True,4.057277349991878,-12.354679082157276,119
C038-H100,Q2-005-G01,True,True,4.057277349991878,11.733813136128461,0
C038-H100,Q2-006-G01,False,True,4.057277349991878,-11.176019236168543,130
C038-H100,Q2-007-G01,False,True,4.057277349991878,-11.176019236168543,117
C038-H100,Q2-008-G01,True,True,4.057277349991878,2.381289506660991,0
C038-H100,Q2-011-G01,False,True,4.057277349991878,-10.865764726545066,125
C038-H100,Q2-013-G01,False,True,4.057277349991878,-14.01568047707758,196
C038-H100,Q2-015-G01,False,True,4.057277349991878,-14.83263846197758,172
C038-H100,Q2-016-G01,False,True,4.057277349991878,-12.681049466169497,182
C038-H100,Q2-018-G01,False,True,4.057277349991878,-13.330352054796435,121
C038-H100,Q2-019-G01,False,True,4.057277349991878,-9.087351104541327,83
C038-H100,Q2-020-G01,False,True,4.057277349991878,-14.83263846197758,183
C038-H100,Q2-021-G01,False,True,4.057277349991878,-14.83263846197758,189
C038-H100,Q2-022-G01,False,True,4.057277349991878,-11.176019236168543,117
C038-H100,Q2-023-G01,False,True,4.057277349991878,-14.83263846197758,166
C038-H200,Q2-002-G01,False,True,4.039883801209356,-8.91888816549536,54
C038-H200,Q2-003-G01,False,True,4.039883801209356,-2.8902374868514755,49
C038-H200,Q2-004-G01,False,True,4.039883801209356,-12.356081018215946,119
C038-H200,Q2-005-G01,True,True,4.039883801209356,11.699027960057464,0
C038-H200,Q2-006-G01,False,True,4.039883801209356,-11.180030557708733,112
C038-H200,Q2-007-G01,False,True,4.039883801209356,-11.180030557708733,94
C038-H200,Q2-008-G01,True,True,4.039883801209356,2.388267999486189,0
C038-H200,Q2-011-G01,False,True,4.039883801209356,-10.870515917694178,125
C038-H200,Q2-013-G01,False,True,4.039883801209356,-14.01731673159756,196
C038-H200,Q2-015-G01,False,True,4.039883801209356,-14.83350348754621,172
C038-H200,Q2-016-G01,False,True,4.039883801209356,-12.683781566730715,182
C038-H200,Q2-018-G01,False,True,4.039883801209356,-13.329135268437653,121
C038-H200,Q2-019-G01,True,True,4.039883801209356,0.9064478920201537,0
C038-H200,Q2-020-G01,False,True,4.039883801209356,-14.83350348754621,183
C038-H200,Q2-021-G01,False,True,4.039883801209356,-14.83350348754621,189
C038-H200,Q2-022-G01,False,True,4.039883801209356,-11.180030557708733,94
C038-H200,Q2-023-G01,False,True,4.039883801209356,-14.83350348754621,166
C038-H300,Q2-002-G01,False,True,4.016985032379893,-8.926754406279287,50
C038-H300,Q2-003-G01,True,True,4.016985032379893,7.086438079560935,0
C038-H300,Q2-004-G01,False,True,4.016985032379893,-12.358766086055482,119
C038-H300,Q2-005-G01,True,True,4.016985032379893,11.632228803831808,0
C038-H300,Q2-006-G01,False,True,4.016985032379893,-11.18571987904346,112
C038-H300,Q2-007-G01,False,True,4.016985032379893,-11.18571987904346,94
C038-H300,Q2-008-G01,True,True,4.016985032379893,2.3098572571077938,0
C038-H300,Q2-011-G01,False,True,4.016985032379893,-10.877067511594731,125
C038-H300,Q2-013-G01,False,True,4.016985032379893,-14.019827953784414,196
C038-H300,Q2-015-G01,False,True,4.016985032379893,-14.835094051794101,172
C038-H300,Q2-016-G01,False,True,4.016985032379893,-12.687701892468084,183
C038-H300,Q2-018-G01,False,True,4.016985032379893,-13.329879229946528,121
C038-H300,Q2-019-G01,True,True,4.016985032379893,0.8975384993737947,0
C038-H300,Q2-020-G01,False,True,4.016985032379893,-14.835094051794101,183
C038-H300,Q2-021-G01,False,True,4.016985032379893,-14.835094051794101,189
C038-H300,Q2-022-G01,False,True,4.016985032379893,-11.18571987904346,94
C038-H300,Q2-023-G01,False,True,4.016985032379893,-14.835094051794101,166
C039-H100,Q2-002-G01,False,True,1.274060603247733,-8.805529680361843,160
C039-H100,Q2-003-G01,False,True,1.274060603247733,-4.022398259259049,82
C039-H100,Q2-004-G01,False,True,1.274060603247733,-13.766653901730962,119
C039-H100,Q2-005-G01,False,True,1.274060603247733,-0.5896251120685321,8
C039-H100,Q2-006-G01,False,True,1.274060603247733,-11.739573850997232,178
C039-H100,Q2-007-G01,False,True,1.274060603247733,-11.739573850997232,175
C039-H100,Q2-008-G01,True,True,1.274060603247733,2.341268170696253,0
C039-H100,Q2-011-G01,False,True,1.274060603247733,-12.111200304463352,125
C039-H100,Q2-013-G01,False,True,1.274060603247733,-14.860702322459417,196
C039-H100,Q2-015-G01,False,True,1.274060603247733,-15.906367511286135,172
C039-H100,Q2-016-G01,False,True,1.274060603247733,-13.4205276826319,184
C039-H100,Q2-018-G01,False,True,1.274060603247733,-14.518797724099585,121
C039-H100,Q2-019-G01,False,True,1.274060603247733,-10.067834526986104,121
C039-H100,Q2-020-G01,False,True,1.274060603247733,-15.906367511286135,183
C039-H100,Q2-021-G01,False,True,1.274060603247733,-15.906367511286135,189
C039-H100,Q2-022-G01,False,True,1.274060603247733,-11.739573850997232,175
C039-H100,Q2-023-G01,False,True,1.274060603247733,-15.906367511286135,166
C039-H200,Q2-002-G01,False,True,1.2641936465211359,-8.811382267857994,80
C039-H200,Q2-003-G01,False,True,1.2641936465211359,-4.030126229524043,82
C039-H200,Q2-004-G01,False,True,1.2641936465211359,-13.767884807709379,119
C039-H200,Q2-005-G01,False,True,1.2641936465211359,-0.5983950850561399,8
C039-H200,Q2-006-G01,False,True,1.2641936465211359,-11.7434447382916,178
C039-H200,Q2-007-G01,False,True,1.2641936465211359,-11.7434447382916,175
C039-H200,Q2-008-G01,True,True,1.2641936465211359,12.377167803419667,0
C039-H200,Q2-011-G01,False,True,1.2641936465211359,-12.115086456537455,125
C039-H200,Q2-013-G01,False,True,1.2641936465211359,-14.862218784841701,196
C039-H200,Q2-015-G01,False,True,1.2641936465211359,-15.906935773604062,172
C039-H200,Q2-016-G01,False,True,1.2641936465211359,-13.423068210864301,184
C039-H200,Q2-018-G01,False,True,1.2641936465211359,-14.518150975212507,121
C039-H200,Q2-019-G01,False,True,1.2641936465211359,-10.073293584179638,121
C039-H200,Q2-020-G01,False,True,1.2641936465211359,-15.906935773604062,183
C039-H200,Q2-021-G01,False,True,1.2641936465211359,-15.906935773604062,189
C039-H200,Q2-022-G01,False,True,1.2641936465211359,-11.7434447382916,175
C039-H200,Q2-023-G01,False,True,1.2641936465211359,-15.906935773604062,166
C039-H300,Q2-002-G01,True,True,1.2514010778850349,1.1798732140257187,0
C039-H300,Q2-003-G01,False,True,1.2514010778850349,-3.9982663354978456,50
C039-H300,Q2-004-G01,False,True,1.2514010778850349,-13.770042790092646,119
C039-H300,Q2-005-G01,True,True,1.2514010778850349,9.373685210579438,0
C039-H300,Q2-006-G01,False,True,1.2514010778850349,-11.748789352711057,139
C039-H300,Q2-007-G01,False,True,1.2514010778850349,-11.748789352711057,127
C039-H300,Q2-008-G01,True,True,1.2514010778850349,12.375026406508823,0
C039-H300,Q2-011-G01,False,True,1.2514010778850349,-12.120325172981552,125
C039-H300,Q2-013-G01,False,True,1.2514010778850349,-14.864455538638026,196
C039-H300,Q2-015-G01,False,True,1.2514010778850349,-15.908311268494828,172
C039-H300,Q2-016-G01,False,True,1.2514010778850349,-13.426611004547283,184
C039-H300,Q2-018-G01,False,True,1.2514010778850349,-14.518983410723308,121
C039-H300,Q2-019-G01,False,True,1.2514010778850349,-10.080914759048497,74
C039-H300,Q2-020-G01,False,True,1.2514010778850349,-15.908311268494828,183
C039-H300,Q2-021-G01,False,True,1.2514010778850349,-15.908311268494828,189
C039-H300,Q2-022-G01,False,True,1.2514010778850349,-11.748789352711057,127
C039-H300,Q2-023-G01,False,True,1.2514010778850349,-15.908311268494828,166
