candidate_id,gap_id,interval_index,backhaul_margin_db,start_seconds,end_seconds,minimum_access_margin_db,sample_intervals,duration_seconds
C004-H100,Q2-002-G01,1,1.467813702437951,884.796787516276,939.796787516276,1.6125332666424157,11,55.0
C004-H100,Q2-002-G01,2,1.467813702437951,1375.5091778292267,1430.5091778292267,1.6490195697645902,11,55.0
C004-H100,Q2-004-G01,1,1.467813702437951,859.6521899414063,874.6521899414063,2.7470293021682863,3,15.0
C004-H100,Q2-004-G01,2,1.467813702437951,1424.9469909600548,1439.9469909600548,2.729766157661885,3,15.0
C004-H100,Q2-005-G01,1,1.467813702437951,2253.6871872834317,2263.6871872834317,0.4081478008060486,2,10.0
C004-H100,Q2-005-G01,2,1.467813702437951,2664.2803054058995,2674.2803054058995,0.41934373846072504,2,10.0
C004-H100,Q2-011-G01,1,1.467813702437951,4319.5196097147345,4925.829871874042,18.782544335244197,124,606.3102621593071
C004-H100,Q2-013-G01,1,1.467813702437951,4465.430301278538,4725.430301278538,6.479205322416618,52,260.0
C004-H100,Q2-013-G01,2,1.467813702437951,5181.025492700809,5436.025492700809,6.537375455361783,51,255.0
C004-H100,Q2-015-G01,1,1.467813702437951,4600.530620632572,4630.530620632572,2.3888124446584413,6,30.0
C004-H100,Q2-015-G01,2,1.467813702437951,5423.498949121249,5453.498949121249,2.3958085778905485,6,30.0
C004-H100,Q2-016-G01,1,1.467813702437951,6255.441445068504,6444.75454169773,7.6337895502511515,38,189.31309662922558
C004-H100,Q2-016-G01,2,1.467813702437951,6975.724124827612,7163.699791331518,7.6337895502511515,38,187.9756665039058
C004-H100,Q2-018-G01,1,1.467813702437951,5311.153889455241,5361.153889455241,5.541653649540308,10,50.0
C004-H100,Q2-018-G01,2,1.467813702437951,5853.132214248026,5903.132214248026,5.5380472052987955,10,50.0
C004-H100,Q2-020-G01,1,1.467813702437951,1990.600882530999,2030.600882530999,2.370867949887156,8,40.0
C004-H100,Q2-020-G01,2,1.467813702437951,2854.622201141521,2894.622201141521,2.3689504284265297,8,40.0
C004-H100,Q2-021-G01,1,1.467813702437951,2020.600882530999,2060.600882530999,2.370867949887156,8,40.00000000000023
C004-H100,Q2-021-G01,2,1.467813702437951,2914.622201141521,2954.622201141521,2.3689504284265297,8,40.0
C004-H100,Q2-023-G01,1,1.467813702437951,6651.053944276595,6681.053944276595,2.3888124446584413,6,30.0
C004-H100,Q2-023-G01,2,1.467813702437951,7444.022272765272,7474.022272765272,2.3958085778905485,6,30.0
C004-H200,Q2-002-G01,1,11.46251735704827,749.796787516276,1027.4962452934196,0.9291423965472632,56,277.6994577771436
C004-H200,Q2-002-G01,2,11.46251735704827,1291.4123903129507,1560.5091778292267,0.929131350999441,54,269.096787516276
C004-H200,Q2-003-G01,1,11.46251735704827,738.3506103515625,1136.7381147191898,1.5747802020487427,81,398.38750436762723
C004-H200,Q2-004-G01,1,11.46251735704827,859.6521899414063,889.6521899414063,2.634268888753695,6,30.0
C004-H200,Q2-004-G01,2,11.46251735704827,1409.9469909600548,1439.9469909600548,2.6143202941599384,6,30.0
C004-H200,Q2-005-G01,1,11.46251735704827,2253.6871872834317,2298.6871872834317,0.016193639845738517,9,45.0
C004-H200,Q2-005-G01,2,11.46251735704827,2629.2803054058995,2674.2803054058995,0.02823109628202758,9,45.0
C004-H200,Q2-006-G01,1,11.46251735704827,2313.5763096218043,2458.5763096218043,7.579796924287763,29,145.0
C004-H200,Q2-006-G01,2,11.46251735704827,3044.209949282858,3189.209949282858,7.602170838138349,29,145.0
C004-H200,Q2-007-G01,1,11.46251735704827,746.1726928710938,926.1726928710938,7.604306312168106,36,180.0
C004-H200,Q2-007-G01,2,11.46251735704827,1426.041828323875,1606.041828323875,7.552981141752227,36,180.0
C004-H200,Q2-011-G01,1,11.46251735704827,4319.5196097147345,4925.829871874042,18.795284369324463,124,606.3102621593071
C004-H200,Q2-013-G01,1,11.46251735704827,4465.430301278538,4754.032511133426,6.33425387548624,58,288.6022098548883
C004-H200,Q2-013-G01,2,11.46251735704827,5157.361945337528,5436.025492700809,6.334411162984253,56,278.6635473632814
C004-H200,Q2-015-G01,1,11.46251735704827,4600.530620632572,4655.530620632572,2.154995974410639,11,55.0
C004-H200,Q2-015-G01,2,11.46251735704827,5393.498949121249,5453.498949121249,2.110368472007522,12,60.0
C004-H200,Q2-016-G01,1,11.46251735704827,6255.441445068504,6489.75454169773,7.64037279069521,47,234.31309662922558
C004-H200,Q2-016-G01,2,11.46251735704827,6940.724124827612,7163.699791331518,7.640633271707429,45,222.9756665039058
C004-H200,Q2-018-G01,1,11.46251735704827,5311.153889455241,5376.153889455241,5.456803996097648,13,65.0
C004-H200,Q2-018-G01,2,11.46251735704827,5838.132214248026,5903.132214248026,5.45163096203747,13,65.0
C004-H200,Q2-019-G01,1,11.46251735704827,7073.518240789452,7215.264825998498,7.435909058818083,29,141.74658520904632
C004-H200,Q2-019-G01,2,11.46251735704827,7524.879282175256,7660.170847116662,7.436157685959813,28,135.29156494140625
C004-H200,Q2-020-G01,1,11.46251735704827,1990.600882530999,2060.600882530999,2.1444897054579855,14,70.00000000000023
C004-H200,Q2-020-G01,2,11.46251735704827,2824.622201141521,2894.622201141521,2.1422556010176237,14,70.0
C004-H200,Q2-021-G01,1,11.46251735704827,2020.600882530999,2090.600882530999,2.1444897054579855,14,70.00000000000023
C004-H200,Q2-021-G01,2,11.46251735704827,2884.622201141521,2954.622201141521,2.1422556010176237,14,70.0
C004-H200,Q2-022-G01,1,11.46251735704827,2789.3727454533678,2969.3727454533678,7.604306312168106,36,180.0
C004-H200,Q2-022-G01,2,11.46251735704827,3469.241880906149,3649.241880906149,7.552981141752227,36,180.0
C004-H200,Q2-023-G01,1,11.46251735704827,6651.053944276595,6706.053944276595,2.154995974410639,11,55.0
C004-H200,Q2-023-G01,2,11.46251735704827,7414.022272765272,7474.022272765272,2.110368472007522,12,60.0
C004-H300,Q2-002-G01,1,11.454138554064187,749.796787516276,1032.4962452934196,0.925806919502719,57,282.6994577771436
C004-H300,Q2-002-G01,2,11.454138554064187,1291.4123903129507,1560.5091778292267,0.9261501934307148,54,269.096787516276
C004-H300,Q2-003-G01,1,11.454138554064187,738.3506103515625,1136.7381147191898,1.572695546382775,81,398.38750436762723
C004-H300,Q2-004-G01,1,11.454138554064187,859.6521899414063,911.9495635918905,2.526356080717676,11,52.297373650484246
C004-H300,Q2-004-G01,2,11.454138554064187,1393.6148010186484,1439.9469909600548,2.526356080717676,10,46.33218994140634
C004-H300,Q2-005-G01,1,11.454138554064187,2253.6871872834317,2298.6871872834317,0.01656723577309549,9,45.0
C004-H300,Q2-005-G01,2,11.454138554064187,2629.2803054058995,2674.2803054058995,0.028605729196343077,9,45.0
C004-H300,Q2-006-G01,1,11.454138554064187,2313.5763096218043,3189.209949282858,5.092855817332591,177,875.6336396610536
C004-H300,Q2-007-G01,1,11.454138554064187,746.1726928710938,1606.041828323875,5.092855817332591,174,859.8691354527813
C004-H300,Q2-011-G01,1,11.454138554064187,4319.5196097147345,4925.829871874042,18.643329003062007,124,606.3102621593071
C004-H300,Q2-013-G01,1,11.454138554064187,4465.430301278538,4759.032511133426,6.323168519669295,59,293.6022098548883
C004-H300,Q2-013-G01,2,11.454138554064187,5152.361945337528,5436.025492700809,6.323296675044361,57,283.6635473632814
C004-H300,Q2-015-G01,1,11.454138554064187,4600.530620632572,4665.530620632572,2.052541215397653,13,65.0
C004-H300,Q2-015-G01,2,11.454138554064187,5388.498949121249,5453.498949121249,2.061217941838521,13,65.0
C004-H300,Q2-016-G01,1,11.454138554064187,6255.441445068504,6499.75454169773,7.618785064196231,49,244.31309662922558
C004-H300,Q2-016-G01,2,11.454138554064187,6935.724124827612,7163.699791331518,7.621297329799745,46,227.9756665039058
C004-H300,Q2-018-G01,1,11.454138554064187,5311.153889455241,5381.153889455241,5.425509672531646,14,70.0
C004-H300,Q2-018-G01,2,11.454138554064187,5401.153889455241,5436.153889455241,4.726293928605983,7,35.0
C004-H300,Q2-018-G01,3,11.454138554064187,5778.132214248026,5813.132214248026,4.716393125494108,7,35.0
C004-H300,Q2-018-G01,4,11.454138554064187,5833.132214248026,5903.132214248026,5.419832364845831,14,70.0
C004-H300,Q2-019-G01,1,11.454138554064187,7073.518240789452,7660.170847116662,7.409264435407749,120,586.6526063272104
C004-H300,Q2-020-G01,1,11.454138554064187,1990.600882530999,2070.600882530999,2.063546230323297,16,80.00000000000023
C004-H300,Q2-020-G01,2,11.454138554064187,2814.622201141521,2894.622201141521,2.061217941838521,16,80.0
C004-H300,Q2-021-G01,1,11.454138554064187,2020.600882530999,2100.600882530999,2.063546230323297,16,80.00000000000023
C004-H300,Q2-021-G01,2,11.454138554064187,2874.622201141521,2954.622201141521,2.061217941838521,16,80.0
C004-H300,Q2-022-G01,1,11.454138554064187,2789.3727454533678,3649.241880906149,5.092855817332591,174,859.8691354527814
C004-H300,Q2-023-G01,1,11.454138554064187,6651.053944276595,6716.053944276595,2.052541215397653,13,65.0
C004-H300,Q2-023-G01,2,11.454138554064187,7409.022272765272,7474.022272765272,2.061217941838521,13,65.0
C005-H100,Q2-002-G01,1,0.8067836263044939,749.796787516276,939.796787516276,7.711878580357762,38,190.0
C005-H100,Q2-002-G01,2,0.8067836263044939,949.796787516276,1027.4962452934196,6.4393715725150145,16,77.6994577771436
C005-H100,Q2-002-G01,3,0.8067836263044939,1291.4123903129507,1360.5091778292267,6.4393715725150145,14,69.09678751627598
C005-H100,Q2-002-G01,4,0.8067836263044939,1370.5091778292267,1560.5091778292267,7.634930284867281,38,190.0
C005-H100,Q2-003-G01,1,0.8067836263044939,738.3506103515625,1136.7381147191898,5.4848072715099505,81,398.38750436762723
C005-H100,Q2-005-G01,1,0.8067836263044939,2253.6871872834317,2293.6871872834317,2.8455012847450405,8,40.0
C005-H100,Q2-005-G01,2,0.8067836263044939,2634.2803054058995,2674.2803054058995,2.851328546655239,8,40.0
C005-H100,Q2-006-G01,1,0.8067836263044939,2313.5763096218043,3189.209949282858,1.2504531204609322,177,875.6336396610536
C005-H100,Q2-007-G01,1,0.8067836263044939,746.1726928710938,1606.041828323875,1.2504531204609322,174,859.8691354527813
C005-H100,Q2-008-G01,1,0.8067836263044939,2742.246055039964,2802.246055039964,0.34079279140607355,12,60.0
C005-H100,Q2-008-G01,2,0.8067836263044939,2817.246055039964,2822.246055039964,0.13575105539430865,1,5.0
C005-H100,Q2-008-G01,3,0.8067836263044939,3273.2183179815956,3278.2183179815956,0.17444995925247042,1,5.0
C005-H100,Q2-008-G01,4,0.8067836263044939,3288.2183179815956,3348.2183179815956,0.3277502215501613,12,60.0
C005-H100,Q2-011-G01,1,0.8067836263044939,4329.5196097147345,4366.560072069354,7.4736223352513065,8,37.040462354619194
C005-H100,Q2-011-G01,2,0.8067836263044939,4880.829871874042,4885.829871874042,7.520638944835625,1,5.0
C005-H100,Q2-011-G01,3,0.8067836263044939,4895.829871874042,4915.829871874042,7.486137104962992,4,20.0
C005-H100,Q2-013-G01,1,0.8067836263044939,4465.430301278538,4580.430301278538,4.459528687776725,23,115.0
C005-H100,Q2-013-G01,2,0.8067836263044939,5326.025492700809,5436.025492700809,4.476746251992196,22,110.0
C005-H100,Q2-016-G01,1,0.8067836263044939,6255.441445068504,6494.75454169773,6.492479289368617,48,239.31309662922558
C005-H100,Q2-016-G01,2,0.8067836263044939,6935.724124827612,7163.699791331518,6.492479289368617,46,227.9756665039058
C005-H100,Q2-018-G01,1,0.8067836263044939,5311.153889455241,5391.153889455241,0.5522626361349978,16,80.0
C005-H100,Q2-018-G01,2,0.8067836263044939,5411.153889455241,5416.153889455241,0.285480971801519,1,5.0
C005-H100,Q2-018-G01,3,0.8067836263044939,5798.132214248026,5803.132214248026,0.278586818785314,1,5.0
C005-H100,Q2-018-G01,4,0.8067836263044939,5828.132214248026,5903.132214248026,0.5970122159709206,15,75.0
C005-H100,Q2-019-G01,1,0.8067836263044939,7073.518240789452,7660.170847116662,10.681838494689387,120,586.6526063272104
C005-H100,Q2-022-G01,1,0.8067836263044939,2789.3727454533678,3649.241880906149,1.2504531204609322,174,859.8691354527814
C005-H200,Q2-002-G01,1,0.8014090846672701,749.796787516276,1032.4962452934196,6.4425980890777055,57,282.6994577771436
C005-H200,Q2-002-G01,2,0.8014090846672701,1291.4123903129507,1560.5091778292267,6.443303268316029,54,269.096787516276
C005-H200,Q2-003-G01,1,0.8014090846672701,738.3506103515625,1136.7381147191898,5.488158936457992,81,398.38750436762723
C005-H200,Q2-005-G01,1,0.8014090846672701,2253.6871872834317,2308.6871872834317,2.754108662383061,11,55.0
C005-H200,Q2-005-G01,2,0.8014090846672701,2619.2803054058995,2674.2803054058995,2.7612692182908347,11,55.0
C005-H200,Q2-006-G01,1,0.8014090846672701,2313.5763096218043,3189.209949282858,1.2122135706405146,177,875.6336396610536
C005-H200,Q2-007-G01,1,0.8014090846672701,746.1726928710938,1606.041828323875,1.2122135706405146,174,859.8691354527813
C005-H200,Q2-008-G01,1,0.8014090846672701,2742.246055039964,2802.246055039964,0.34618897175526797,12,60.0
C005-H200,Q2-008-G01,2,0.8014090846672701,2812.246055039964,2832.246055039964,0.034261611753748866,4,20.0
C005-H200,Q2-008-G01,3,0.8014090846672701,3258.2183179815956,3278.2183179815956,0.02014904372222759,4,20.0
C005-H200,Q2-008-G01,4,0.8014090846672701,3288.2183179815956,3348.2183179815956,0.33313021057480796,12,60.0
C005-H200,Q2-011-G01,1,0.8014090846672701,4319.5196097147345,4401.560072069354,7.393499891972809,17,82.0404623546192
C005-H200,Q2-011-G01,2,0.8014090846672701,4853.265516405291,4925.829871874042,7.411370267746776,15,72.56435546875036
C005-H200,Q2-013-G01,1,0.8014090846672701,4465.430301278538,4754.032511133426,1.9628121368813822,58,288.6022098548883
C005-H200,Q2-013-G01,2,0.8014090846672701,5157.361945337528,5436.025492700809,1.962905659245905,56,278.6635473632814
C005-H200,Q2-016-G01,1,0.8014090846672701,6255.441445068504,6504.75454169773,6.487370581007511,50,249.31309662922558
C005-H200,Q2-016-G01,2,0.8014090846672701,6925.724124827612,7163.699791331518,6.486670372623166,48,237.9756665039058
C005-H200,Q2-018-G01,1,0.8014090846672701,5311.153889455241,5391.153889455241,0.5578341844914974,16,80.0
C005-H200,Q2-018-G01,2,0.8014090846672701,5406.153889455241,5441.153889455241,0.007869071341715994,7,35.0
C005-H200,Q2-018-G01,3,0.8014090846672701,5773.132214248026,5808.132214248026,0.0006243996356545267,7,35.0
C005-H200,Q2-018-G01,4,0.8014090846672701,5823.132214248026,5903.132214248026,0.5513762456319853,16,80.0
C005-H200,Q2-019-G01,1,0.8014090846672701,7073.518240789452,7660.170847116662,10.667225339969221,120,586.6526063272104
C005-H200,Q2-022-G01,1,0.8014090846672701,2789.3727454533678,3649.241880906149,1.2122135706405146,174,859.8691354527814
C005-H300,Q2-002-G01,1,0.7933883630679759,749.796787516276,1032.4962452934196,6.428231191459247,57,282.6994577771436
C005-H300,Q2-002-G01,2,0.7933883630679759,1286.4123903129507,1560.5091778292267,6.426806145059587,55,274.096787516276
C005-H300,Q2-003-G01,1,0.7933883630679759,738.3506103515625,1136.7381147191898,5.4836969616882385,81,398.38750436762723
C005-H300,Q2-005-G01,1,0.7933883630679759,2253.6871872834317,2312.6535125999103,2.725230287443381,12,58.96632531647856
C005-H300,Q2-005-G01,2,0.7933883630679759,2611.2681268577226,2674.2803054058995,2.7249732663120483,13,63.01217854817696
C005-H300,Q2-006-G01,1,0.7933883630679759,2313.5763096218043,3189.209949282858,10.634577189579687,177,875.6336396610536
C005-H300,Q2-007-G01,1,0.7933883630679759,746.1726928710938,1606.041828323875,10.698581155971695,174,859.8691354527813
C005-H300,Q2-008-G01,1,0.7933883630679759,2742.246055039964,2832.246055039964,0.037061125583321086,18,90.0
C005-H300,Q2-008-G01,2,0.7933883630679759,3258.2183179815956,3348.2183179815956,0.02293947226908699,18,90.0
C005-H300,Q2-011-G01,1,0.7933883630679759,4319.5196097147345,4416.560072069354,7.378560694994931,20,97.0404623546192
C005-H300,Q2-011-G01,2,0.7933883630679759,4838.265516405291,4925.829871874042,7.3963695784837995,18,87.56435546875036
C005-H300,Q2-013-G01,1,0.7933883630679759,4465.430301278538,4769.032511133426,1.956169584291331,61,303.6022098548883
C005-H300,Q2-013-G01,2,0.7933883630679759,5142.361945337528,5436.025492700809,1.9558605556696875,59,293.6635473632814
C005-H300,Q2-016-G01,1,0.7933883630679759,6255.441445068504,6514.75454169773,6.46362937895924,52,259.3130966292256
C005-H300,Q2-016-G01,2,0.7933883630679759,6920.724124827612,7163.699791331518,6.464281840892198,49,242.9756665039058
C005-H300,Q2-018-G01,1,0.7933883630679759,5311.153889455241,5391.153889455241,0.5608983856499918,16,80.0
C005-H300,Q2-018-G01,2,0.7933883630679759,5406.153889455241,5441.153889455241,0.010568690702172034,7,35.0
C005-H300,Q2-018-G01,3,0.7933883630679759,5773.132214248026,5808.132214248026,0.003319517990945542,7,35.0
C005-H300,Q2-018-G01,4,0.7933883630679759,5823.132214248026,5903.132214248026,0.5544358921193435,16,80.0
C005-H300,Q2-019-G01,1,0.7933883630679759,7073.518240789452,7660.170847116662,10.627062230143622,120,586.6526063272104
C005-H300,Q2-022-G01,1,0.7933883630679759,2789.3727454533678,3649.241880906149,10.698581155971695,174,859.8691354527814
C007-H100,Q2-002-G01,1,1.899710098584336,749.796787516276,1022.4962452934196,2.2073417609743586,55,272.6994577771436
C007-H100,Q2-002-G01,2,1.899710098584336,1296.4123903129507,1560.5091778292267,2.2073417609743586,53,264.096787516276
C007-H100,Q2-003-G01,1,1.899710098584336,738.3506103515625,1136.7381147191898,3.005422962316743,81,398.38750436762723
C007-H100,Q2-004-G01,1,1.899710098584336,859.6521899414063,936.9495635918905,1.6976804839695632,16,77.29737365048425
C007-H100,Q2-004-G01,2,1.899710098584336,1373.6148010186484,1439.9469909600548,1.6976804839695632,14,66.33218994140634
C007-H100,Q2-005-G01,1,1.899710098584336,2253.6871872834317,2312.6535125999103,0.9545720432647897,12,58.96632531647856
C007-H100,Q2-005-G01,2,1.899710098584336,2614.2803054058995,2674.2803054058995,0.9545720432647897,12,60.0
C007-H100,Q2-006-G01,1,1.899710098584336,2313.5763096218043,2523.5763096218043,7.4241092423395685,42,210.0
C007-H100,Q2-006-G01,2,1.899710098584336,2979.209949282858,3189.209949282858,7.461448281041925,42,210.0
C007-H100,Q2-007-G01,1,1.899710098584336,746.1726928710938,1011.1726928710938,7.342602481131308,53,265.0
C007-H100,Q2-007-G01,2,1.899710098584336,1346.041828323875,1606.041828323875,7.420539456694954,52,260.0
C007-H100,Q2-011-G01,1,1.899710098584336,4319.5196097147345,4925.829871874042,17.39000012520802,124,606.3102621593071
C007-H100,Q2-013-G01,1,1.899710098584336,4465.430301278538,4749.032511133426,4.5883831099734635,57,283.6022098548883
C007-H100,Q2-013-G01,2,1.899710098584336,5157.361945337528,5436.025492700809,4.58836364755588,56,278.6635473632814
C007-H100,Q2-015-G01,1,1.899710098584336,4600.530620632572,4680.530620632572,1.021000737309194,16,80.0
C007-H100,Q2-015-G01,2,1.899710098584336,5373.498949121249,5453.498949121249,1.0312554489923116,16,80.0
C007-H100,Q2-016-G01,1,1.899710098584336,6255.441445068504,6454.75454169773,7.381206708439549,40,199.31309662922558
C007-H100,Q2-016-G01,2,1.899710098584336,6970.724124827612,7163.699791331518,7.381206708439549,39,192.9756665039058
C007-H100,Q2-018-G01,1,1.899710098584336,5311.153889455241,5381.153889455241,3.987852490257495,14,70.0
C007-H100,Q2-018-G01,2,1.899710098584336,5833.132214248026,5903.132214248026,3.9800764933189896,14,70.0
C007-H100,Q2-019-G01,1,1.899710098584336,7073.518240789452,7660.170847116662,10.362434556266521,120,586.6526063272104
C007-H100,Q2-020-G01,1,1.899710098584336,1990.600882530999,2095.600882530999,0.96872440911946,21,105.00000000000023
C007-H100,Q2-020-G01,2,1.899710098584336,2794.622201141521,2894.622201141521,1.0182399785910263,20,100.0
C007-H100,Q2-021-G01,1,1.899710098584336,2020.600882530999,2125.600882530999,0.96872440911946,21,105.00000000000023
C007-H100,Q2-021-G01,2,1.899710098584336,2854.622201141521,2954.622201141521,1.0182399785910263,20,100.0
C007-H100,Q2-022-G01,1,1.899710098584336,2789.3727454533678,3054.3727454533678,7.342602481131308,53,265.0
C007-H100,Q2-022-G01,2,1.899710098584336,3389.241880906149,3649.241880906149,7.420539456694954,52,260.0
C007-H100,Q2-023-G01,1,1.899710098584336,6651.053944276595,6731.053944276595,1.021000737309194,16,80.0
C007-H100,Q2-023-G01,2,1.899710098584336,7394.022272765272,7474.022272765272,1.0312554489923116,16,80.0
C007-H200,Q2-002-G01,1,11.891261028559256,749.796787516276,1032.4962452934196,2.2048390742304207,57,282.6994577771436
C007-H200,Q2-002-G01,2,11.891261028559256,1291.4123903129507,1560.5091778292267,2.2052322653877923,54,269.096787516276
C007-H200,Q2-003-G01,1,11.891261028559256,738.3506103515625,1136.7381147191898,3.0040125495992527,81,398.38750436762723
C007-H200,Q2-004-G01,1,11.891261028559256,859.6521899414063,946.9495635918905,1.701174608963683,18,87.29737365048425
C007-H200,Q2-004-G01,2,11.891261028559256,1363.6148010186484,1439.9469909600548,1.701174608963683,16,76.33218994140634
C007-H200,Q2-005-G01,1,11.891261028559256,2253.6871872834317,2317.6535125999103,0.9556404275265464,13,63.96632531647856
C007-H200,Q2-005-G01,2,11.891261028559256,2611.2681268577226,2674.2803054058995,0.9556595139449087,13,63.01217854817696
C007-H200,Q2-006-G01,1,11.891261028559256,2313.5763096218043,3189.209949282858,6.448175061280153,177,875.6336396610536
C007-H200,Q2-007-G01,1,11.891261028559256,746.1726928710938,1606.041828323875,6.448175061280153,174,859.8691354527813
C007-H200,Q2-011-G01,1,11.891261028559256,4319.5196097147345,4925.829871874042,17.307841290439114,124,606.3102621593071
C007-H200,Q2-013-G01,1,11.891261028559256,4465.430301278538,4754.032511133426,4.5833983654888755,58,288.6022098548883
C007-H200,Q2-013-G01,2,11.891261028559256,5157.361945337528,5436.025492700809,4.583664847715752,56,278.6635473632814
C007-H200,Q2-015-G01,1,11.891261028559256,4600.530620632572,4690.530620632572,0.8941696998677457,18,90.0
C007-H200,Q2-015-G01,2,11.891261028559256,5363.498949121249,5453.498949121249,0.9046110872525475,18,90.0
C007-H200,Q2-016-G01,1,11.891261028559256,6255.441445068504,6494.75454169773,7.366168274832162,48,239.31309662922558
C007-H200,Q2-016-G01,2,11.891261028559256,6935.724124827612,7163.699791331518,7.366180484846794,46,227.9756665039058
C007-H200,Q2-018-G01,1,11.891261028559256,5311.153889455241,5386.153889455241,3.9344014143873096,15,75.0
C007-H200,Q2-018-G01,2,11.891261028559256,5406.153889455241,5446.153889455241,3.0399225812020347,8,40.0
C007-H200,Q2-018-G01,3,11.891261028559256,5773.132214248026,5808.132214248026,3.1116211831839564,7,35.0
C007-H200,Q2-018-G01,4,11.891261028559256,5828.132214248026,5903.132214248026,3.926336623940756,15,75.0
C007-H200,Q2-019-G01,1,11.891261028559256,7073.518240789452,7660.170847116662,10.32301685487083,120,586.6526063272104
C007-H200,Q2-020-G01,1,11.891261028559256,1990.600882530999,2105.600882530999,0.8676130519358765,23,115.00000000000023
C007-H200,Q2-020-G01,2,11.891261028559256,2779.622201141521,2894.622201141521,0.8647938525234764,23,115.0
C007-H200,Q2-021-G01,1,11.891261028559256,2020.600882530999,2135.600882530999,0.8676130519358765,23,115.00000000000023
C007-H200,Q2-021-G01,2,11.891261028559256,2839.622201141521,2954.622201141521,0.8647938525234764,23,115.0
C007-H200,Q2-022-G01,1,11.891261028559256,2789.3727454533678,3649.241880906149,6.448175061280153,174,859.8691354527814
C007-H200,Q2-023-G01,1,11.891261028559256,6651.053944276595,6741.053944276595,0.8941696998677457,18,90.0
C007-H200,Q2-023-G01,2,11.891261028559256,7384.022272765272,7474.022272765272,0.9046110872525475,18,90.0
C007-H300,Q2-002-G01,1,11.879421543359058,749.796787516276,1032.4962452934196,2.19776834819433,57,282.6994577771436
C007-H300,Q2-002-G01,2,11.879421543359058,1291.4123903129507,1560.5091778292267,2.198443453368313,54,269.096787516276
C007-H300,Q2-003-G01,1,11.879421543359058,738.3506103515625,1136.7381147191898,2.9976997425986696,81,398.38750436762723
C007-H300,Q2-004-G01,1,11.879421543359058,859.6521899414063,961.9495635918905,1.6973611791895564,21,102.29737365048425
C007-H300,Q2-004-G01,2,11.879421543359058,1353.6148010186484,1439.9469909600548,1.6975803673542913,18,86.33218994140634
C007-H300,Q2-005-G01,1,11.879421543359058,2253.6871872834317,2322.6535125999103,0.9532253923400162,14,68.96632531647856
C007-H300,Q2-005-G01,2,11.879421543359058,2606.2681268577226,2674.2803054058995,0.953260853070546,14,68.01217854817696
C007-H300,Q2-006-G01,1,11.879421543359058,2313.5763096218043,3189.209949282858,6.421404546217758,177,875.6336396610536
C007-H300,Q2-007-G01,1,11.879421543359058,746.1726928710938,1606.041828323875,6.421404546217758,174,859.8691354527813
C007-H300,Q2-011-G01,1,11.879421543359058,4319.5196097147345,4925.829871874042,17.10172023662976,124,606.3102621593071
C007-H300,Q2-013-G01,1,11.879421543359058,4465.430301278538,4759.032511133426,4.570687223317023,59,293.6022098548883
C007-H300,Q2-013-G01,2,11.879421543359058,5152.361945337528,5436.025492700809,4.570813334213071,57,283.6635473632814
C007-H300,Q2-015-G01,1,11.879421543359058,4600.530620632572,4755.530620632572,0.003239925594513693,31,155.0
C007-H300,Q2-015-G01,2,11.879421543359058,5298.498949121249,5453.498949121249,0.014295274208052433,31,155.0
C007-H300,Q2-016-G01,1,11.879421543359058,6255.441445068504,6504.75454169773,7.333528193372814,50,249.31309662922558
C007-H300,Q2-016-G01,2,11.879421543359058,6930.724124827612,7163.699791331518,7.336086003855797,47,232.9756665039058
C007-H300,Q2-018-G01,1,11.879421543359058,5311.153889455241,5391.153889455241,3.8731719544229577,16,80.0
C007-H300,Q2-018-G01,2,11.879421543359058,5401.153889455241,5466.77942697589,2.9500198379883926,14,65.62553752064832
C007-H300,Q2-018-G01,3,11.879421543359058,5750.699129124328,5813.132214248026,2.9500198379883926,13,62.43308512369822
C007-H300,Q2-018-G01,4,11.879421543359058,5828.132214248026,5903.132214248026,3.9305350094556673,15,75.0
C007-H300,Q2-019-G01,1,11.879421543359058,7073.518240789452,7660.170847116662,10.26043271416269,120,586.6526063272104
C007-H300,Q2-020-G01,1,11.879421543359058,1990.600882530999,2180.600882530999,0.045311350881021895,38,190.00000000000023
C007-H300,Q2-020-G01,2,11.879421543359058,2704.622201141521,2894.622201141521,0.04234026282625791,38,190.0
C007-H300,Q2-021-G01,1,11.879421543359058,2020.600882530999,2210.600882530999,0.045311350881021895,38,190.00000000000023
C007-H300,Q2-021-G01,2,11.879421543359058,2764.622201141521,2954.622201141521,0.04234026282625791,38,190.0
C007-H300,Q2-022-G01,1,11.879421543359058,2789.3727454533678,3649.241880906149,6.421404546217758,174,859.8691354527814
C007-H300,Q2-023-G01,1,11.879421543359058,6651.053944276595,6806.053944276595,0.003239925594513693,31,155.0
C007-H300,Q2-023-G01,2,11.879421543359058,7319.022272765272,7474.022272765272,0.014295274208052433,31,155.0
C008-H100,Q2-002-G01,1,1.9534010735024339,749.796787516276,1017.4962452934196,2.205874519761508,54,267.6994577771436
C008-H100,Q2-002-G01,2,1.9534010735024339,1301.4123903129507,1560.5091778292267,2.205874519761508,52,259.096787516276
C008-H100,Q2-003-G01,1,1.9534010735024339,738.3506103515625,1136.7381147191898,3.039124619922717,81,398.38750436762723
C008-H100,Q2-004-G01,1,1.9534010735024339,859.6521899414063,931.9495635918905,1.724027937446138,15,72.29737365048425
C008-H100,Q2-004-G01,2,1.9534010735024339,1373.6148010186484,1439.9469909600548,1.724027937446138,14,66.33218994140634
C008-H100,Q2-005-G01,1,1.9534010735024339,2253.6871872834317,2312.6535125999103,0.9864389812153576,12,58.96632531647856
C008-H100,Q2-005-G01,2,1.9534010735024339,2614.2803054058995,2674.2803054058995,0.9864389812153576,12,60.0
C008-H100,Q2-006-G01,1,1.9534010735024339,2313.5763096218043,2523.5763096218043,7.367887781571312,42,210.0
C008-H100,Q2-006-G01,2,1.9534010735024339,2979.209949282858,3189.209949282858,7.405217355458404,42,210.0
C008-H100,Q2-007-G01,1,1.9534010735024339,746.1726928710938,1006.1726928710938,7.4498168530599855,52,260.0
C008-H100,Q2-007-G01,2,1.9534010735024339,1346.041828323875,1606.041828323875,7.364319047711149,52,260.0
C008-H100,Q2-011-G01,1,1.9534010735024339,4319.5196097147345,4925.829871874042,17.553344321091757,124,606.3102621593071
C008-H100,Q2-013-G01,1,1.9534010735024339,4465.430301278538,4749.032511133426,4.532451845875926,57,283.6022098548883
C008-H100,Q2-013-G01,2,1.9534010735024339,5157.361945337528,5436.025492700809,4.532451845875926,56,278.6635473632814
C008-H100,Q2-015-G01,1,1.9534010735024339,4600.530620632572,4680.530620632572,1.041998785339942,16,80.0
C008-H100,Q2-015-G01,2,1.9534010735024339,5373.498949121249,5453.498949121249,1.0523528583693889,16,80.0
C008-H100,Q2-016-G01,1,1.9534010735024339,6255.441445068504,6439.75454169773,7.28170407865592,37,184.31309662922558
C008-H100,Q2-016-G01,2,1.9534010735024339,6980.724124827612,7163.699791331518,7.28170407865592,37,182.9756665039058
C008-H100,Q2-018-G01,1,1.9534010735024339,5311.153889455241,5381.153889455241,4.007776556492189,14,70.0
C008-H100,Q2-018-G01,2,1.9534010735024339,5833.132214248026,5903.132214248026,3.9998439477829493,14,70.0
C008-H100,Q2-019-G01,1,1.9534010735024339,7073.518240789452,7660.170847116662,10.351787947973762,120,586.6526063272104
C008-H100,Q2-020-G01,1,1.9534010735024339,1990.600882530999,2090.600882530999,1.041998785339942,20,100.00000000000023
C008-H100,Q2-020-G01,2,1.9534010735024339,2794.622201141521,2894.622201141521,1.039211349298725,20,100.0
C008-H100,Q2-021-G01,1,1.9534010735024339,2020.600882530999,2120.600882530999,1.041998785339942,20,100.00000000000023
C008-H100,Q2-021-G01,2,1.9534010735024339,2854.622201141521,2954.622201141521,1.039211349298725,20,100.0
C008-H100,Q2-022-G01,1,1.9534010735024339,2789.3727454533678,3049.3727454533678,7.4498168530599855,52,260.0
C008-H100,Q2-022-G01,2,1.9534010735024339,3389.241880906149,3649.241880906149,7.364319047711149,52,260.0
C008-H100,Q2-023-G01,1,1.9534010735024339,6651.053944276595,6731.053944276595,1.041998785339942,16,80.0
C008-H100,Q2-023-G01,2,1.9534010735024339,7394.022272765272,7474.022272765272,1.0523528583693889,16,80.0
C008-H200,Q2-002-G01,1,11.94526463555897,749.796787516276,1032.4962452934196,2.204370049725327,57,282.6994577771436
C008-H200,Q2-002-G01,2,11.94526463555897,1291.4123903129507,1560.5091778292267,2.2047290165432685,54,269.096787516276
C008-H200,Q2-003-G01,1,11.94526463555897,738.3506103515625,1136.7381147191898,3.038460881327893,81,398.38750436762723
C008-H200,Q2-004-G01,1,11.94526463555897,859.6521899414063,946.9495635918905,1.72794058120121,18,87.29737365048425
C008-H200,Q2-004-G01,2,11.94526463555897,1363.6148010186484,1439.9469909600548,1.72794058120121,16,76.33218994140634
C008-H200,Q2-005-G01,1,11.94526463555897,2253.6871872834317,2317.6535125999103,0.9878921208852205,13,63.96632531647856
C008-H200,Q2-005-G01,2,11.94526463555897,2611.2681268577226,2674.2803054058995,0.9878997460821779,13,63.01217854817696
C008-H200,Q2-006-G01,1,11.94526463555897,2313.5763096218043,3189.209949282858,6.395543056371864,177,875.6336396610536
C008-H200,Q2-007-G01,1,11.94526463555897,746.1726928710938,1606.041828323875,6.395543056371864,174,859.8691354527813
C008-H200,Q2-011-G01,1,11.94526463555897,4319.5196097147345,4925.829871874042,17.386750206301983,124,606.3102621593071
C008-H200,Q2-013-G01,1,11.94526463555897,4465.430301278538,4754.032511133426,4.528666353860899,58,288.6022098548883
C008-H200,Q2-013-G01,2,11.94526463555897,5157.361945337528,5436.025492700809,4.528904201506123,56,278.6635473632814
C008-H200,Q2-015-G01,1,11.94526463555897,4600.530620632572,4690.530620632572,0.9142816188060863,18,90.0
C008-H200,Q2-015-G01,2,11.94526463555897,5363.498949121249,5453.498949121249,0.9248196966998279,18,90.0
C008-H200,Q2-016-G01,1,11.94526463555897,6255.441445068504,6494.75454169773,7.270135866603667,48,239.31309662922558
C008-H200,Q2-016-G01,2,11.94526463555897,6935.724124827612,7163.699791331518,7.270146943732016,46,227.9756665039058
C008-H200,Q2-018-G01,1,11.94526463555897,5311.153889455241,5386.153889455241,3.9537883679082597,15,75.0
C008-H200,Q2-018-G01,2,11.94526463555897,5406.153889455241,5436.153889455241,3.2109873164654914,6,30.0
C008-H200,Q2-018-G01,3,11.94526463555897,5778.132214248026,5808.132214248026,3.200809617272455,6,30.0
C008-H200,Q2-018-G01,4,11.94526463555897,5828.132214248026,5903.132214248026,3.9455681422472253,15,75.0
C008-H200,Q2-019-G01,1,11.94526463555897,7073.518240789452,7660.170847116662,10.315334972874453,120,586.6526063272104
C008-H200,Q2-020-G01,1,11.94526463555897,1990.600882530999,2105.600882530999,0.8874808816367619,23,115.00000000000023
C008-H200,Q2-020-G01,2,11.94526463555897,2779.622201141521,2894.622201141521,0.8846359235796797,23,115.0
C008-H200,Q2-021-G01,1,11.94526463555897,2020.600882530999,2135.600882530999,0.8874808816367619,23,115.00000000000023
C008-H200,Q2-021-G01,2,11.94526463555897,2839.622201141521,2954.622201141521,0.8846359235796797,23,115.0
C008-H200,Q2-022-G01,1,11.94526463555897,2789.3727454533678,3649.241880906149,6.395543056371864,174,859.8691354527814
C008-H200,Q2-023-G01,1,11.94526463555897,6651.053944276595,6741.053944276595,0.9142816188060863,18,90.0
C008-H200,Q2-023-G01,2,11.94526463555897,7384.022272765272,7474.022272765272,0.9248196966998279,18,90.0
C008-H300,Q2-002-G01,1,11.933693733988036,749.796787516276,1032.4962452934196,2.1977427152440185,57,282.6994577771436
C008-H300,Q2-002-G01,2,11.933693733988036,1291.4123903129507,1560.5091778292267,2.198383684462442,54,269.096787516276
C008-H300,Q2-003-G01,1,11.933693733988036,738.3506103515625,1136.7381147191898,3.0326342821390426,81,398.38750436762723
C008-H300,Q2-004-G01,1,11.933693733988036,859.6521899414063,961.9495635918905,1.7249768879027272,21,102.29737365048425
C008-H300,Q2-004-G01,2,11.933693733988036,1353.6148010186484,1439.9469909600548,1.7251809206918551,18,86.33218994140634
C008-H300,Q2-005-G01,1,11.933693733988036,2253.6871872834317,2322.6535125999103,0.985835797171319,14,68.96632531647856
C008-H300,Q2-005-G01,2,11.933693733988036,2606.2681268577226,2674.2803054058995,0.9858682988346459,14,68.01217854817696
C008-H300,Q2-006-G01,1,11.933693733988036,2313.5763096218043,3189.209949282858,6.370250824515324,177,875.6336396610536
C008-H300,Q2-007-G01,1,11.933693733988036,746.1726928710938,1606.041828323875,6.370250824515324,174,859.8691354527813
C008-H300,Q2-011-G01,1,11.933693733988036,4319.5196097147345,4925.829871874042,17.051668784282526,124,606.3102621593071
C008-H300,Q2-013-G01,1,11.933693733988036,4465.430301278538,4759.032511133426,4.516944656224894,59,293.6022098548883
C008-H300,Q2-013-G01,2,11.933693733988036,5152.361945337528,5436.025492700809,4.517062864901817,57,283.6635473632814
C008-H300,Q2-015-G01,1,11.933693733988036,4600.530620632572,4755.530620632572,0.01665809569583132,31,155.0
C008-H300,Q2-015-G01,2,11.933693733988036,5298.498949121249,5453.498949121249,0.027786879904496686,31,155.0
C008-H300,Q2-016-G01,1,11.933693733988036,6255.441445068504,6504.75454169773,7.239902790796492,50,249.31309662922558
C008-H300,Q2-016-G01,2,11.933693733988036,6930.724124827612,7163.699791331518,7.24229910607653,47,232.9756665039058
C008-H300,Q2-018-G01,1,11.933693733988036,5311.153889455241,5391.153889455241,3.891998187167431,16,80.0
C008-H300,Q2-018-G01,2,11.933693733988036,5406.153889455241,5461.77942697589,2.956011784137914,12,55.62553752064832
C008-H300,Q2-018-G01,3,11.933693733988036,5755.699129124328,5813.132214248026,2.956011784137914,12,57.43308512369822
C008-H300,Q2-018-G01,4,11.933693733988036,5828.132214248026,5903.132214248026,3.9504478419661666,15,75.0
C008-H300,Q2-019-G01,1,11.933693733988036,7073.518240789452,7660.170847116662,10.255690176272552,120,586.6526063272104
C008-H300,Q2-020-G01,1,11.933693733988036,1990.600882530999,2185.600882530999,0.0025324719047006283,39,195.00000000000023
C008-H300,Q2-020-G01,2,11.933693733988036,2704.622201141521,2894.622201141521,0.05601949973426201,38,190.0
C008-H300,Q2-021-G01,1,11.933693733988036,2020.600882530999,2215.600882530999,0.0025324719047006283,39,195.00000000000023
C008-H300,Q2-021-G01,2,11.933693733988036,2764.622201141521,2954.622201141521,0.05601949973426201,38,190.0
C008-H300,Q2-022-G01,1,11.933693733988036,2789.3727454533678,3649.241880906149,6.370250824515324,174,859.8691354527814
C008-H300,Q2-023-G01,1,11.933693733988036,6651.053944276595,6806.053944276595,0.01665809569583132,31,155.0
C008-H300,Q2-023-G01,2,11.933693733988036,7319.022272765272,7474.022272765272,0.027786879904496686,31,155.0
C009-H100,Q2-002-G01,1,2.655903631526172,749.796787516276,1007.4962452934196,0.9894600244927005,52,257.6994577771436
C009-H100,Q2-002-G01,2,2.655903631526172,1311.4123903129507,1560.5091778292267,0.9894600244927005,50,249.09678751627598
C009-H100,Q2-003-G01,1,2.655903631526172,738.3506103515625,1136.7381147191898,2.225828555836358,81,398.38750436762723
C009-H100,Q2-004-G01,1,2.655903631526172,859.6521899414063,921.9495635918905,3.190158902392085,13,62.297373650484246
C009-H100,Q2-004-G01,2,2.655903631526172,1383.6148010186484,1439.9469909600548,3.190158902392085,12,56.33218994140634
C009-H100,Q2-005-G01,1,2.655903631526172,2253.6871872834317,2322.6535125999103,0.49615300684776287,14,68.96632531647856
C009-H100,Q2-005-G01,2,2.655903631526172,2606.2681268577226,2674.2803054058995,0.49615300684776287,14,68.01217854817696
C009-H100,Q2-006-G01,1,2.655903631526172,2313.5763096218043,2363.5763096218043,9.83333174340298,10,50.0
C009-H100,Q2-006-G01,2,2.655903631526172,2403.5763096218043,2423.5763096218043,8.350516578988376,4,20.0
C009-H100,Q2-006-G01,3,2.655903631526172,2438.5763096218043,2453.5763096218043,7.380386345549624,3,15.0
C009-H100,Q2-006-G01,4,2.655903631526172,2478.5763096218043,2498.5763096218043,5.900747405589513,4,20.0
C009-H100,Q2-006-G01,5,2.655903631526172,3004.209949282858,3024.209949282858,5.930167837362475,4,20.0
C009-H100,Q2-006-G01,6,2.655903631526172,3044.209949282858,3064.209949282858,7.245120169624116,4,20.0
C009-H100,Q2-006-G01,7,2.655903631526172,3079.209949282858,3099.209949282858,8.378882148825653,4,20.0
C009-H100,Q2-006-G01,8,2.655903631526172,3139.209949282858,3189.209949282858,9.846941612028203,10,50.0
C009-H100,Q2-007-G01,1,2.655903631526172,746.1726928710938,811.1726928710938,9.802271080774105,13,65.0
C009-H100,Q2-007-G01,2,2.655903631526172,841.1726928710938,846.1726928710938,9.211574250668178,1,5.0
C009-H100,Q2-007-G01,3,2.655903631526172,856.1726928710938,886.1726928710938,8.288018675271914,6,30.0
C009-H100,Q2-007-G01,4,2.655903631526172,901.1726928710938,926.1726928710938,7.248013983370228,5,25.0
C009-H100,Q2-007-G01,5,2.655903631526172,951.1726928710938,976.1726928710938,5.932986313979001,5,25.0
C009-H100,Q2-007-G01,6,2.655903631526172,1376.041828323875,1401.041828323875,5.865743588015704,5,25.0
C009-H100,Q2-007-G01,7,2.655903631526172,1431.041828323875,1456.041828323875,7.31133987609779,5,25.0
C009-H100,Q2-007-G01,8,2.655903631526172,1471.041828323875,1501.041828323875,8.347795908735861,6,30.0
C009-H100,Q2-007-G01,9,2.655903631526172,1546.041828323875,1606.041828323875,9.832010175965294,12,60.0
C009-H100,Q2-011-G01,1,2.655903631526172,4319.5196097147345,4925.829871874042,19.335145515982546,124,606.3102621593071
C009-H100,Q2-013-G01,1,2.655903631526172,4465.430301278538,4749.032511133426,4.716236339334046,57,283.6022098548883
C009-H100,Q2-013-G01,2,2.655903631526172,5162.361945337528,5436.025492700809,4.716236339334046,55,273.6635473632814
C009-H100,Q2-015-G01,1,2.655903631526172,4600.530620632572,4670.530620632572,2.5435462067597,14,70.0
C009-H100,Q2-015-G01,2,2.655903631526172,5383.498949121249,5453.498949121249,2.555391316649576,14,70.0
C009-H100,Q2-016-G01,1,2.655903631526172,6255.441445068504,6474.75454169773,5.796163793881277,44,219.31309662922558
C009-H100,Q2-016-G01,2,2.655903631526172,6950.724124827612,7163.699791331518,5.796163793881277,43,212.9756665039058
C009-H100,Q2-018-G01,1,2.655903631526172,5311.153889455241,5376.153889455241,6.0192416223838165,13,65.0
C009-H100,Q2-018-G01,2,2.655903631526172,5848.132214248026,5903.132214248026,6.168858566107801,11,55.0
C009-H100,Q2-019-G01,1,2.655903631526172,7073.518240789452,7128.518240789452,9.073529350401358,11,55.0
C009-H100,Q2-019-G01,2,2.655903631526172,7605.170847116662,7660.170847116662,9.030690186023364,11,55.0
C009-H100,Q2-020-G01,1,2.655903631526172,1990.600882530999,2075.600882530999,2.5735627988389638,17,85.00000000000023
C009-H100,Q2-020-G01,2,2.655903631526172,2809.622201141521,2894.622201141521,2.5703888038331115,17,85.0
C009-H100,Q2-021-G01,1,2.655903631526172,2020.600882530999,2105.600882530999,2.5735627988389638,17,85.00000000000023
C009-H100,Q2-021-G01,2,2.655903631526172,2869.622201141521,2954.622201141521,2.5703888038331115,17,85.0
C009-H100,Q2-022-G01,1,2.655903631526172,2789.3727454533678,2854.3727454533678,9.802271080774105,13,65.0
C009-H100,Q2-022-G01,2,2.655903631526172,2884.3727454533678,2889.3727454533678,9.211574250668178,1,5.0
C009-H100,Q2-022-G01,3,2.655903631526172,2899.3727454533678,2929.3727454533678,8.288018675271914,6,30.0
C009-H100,Q2-022-G01,4,2.655903631526172,2944.3727454533678,2969.3727454533678,7.248013983370228,5,25.0
C009-H100,Q2-022-G01,5,2.655903631526172,2994.3727454533678,3019.3727454533678,5.932986313979001,5,25.0
C009-H100,Q2-022-G01,6,2.655903631526172,3419.241880906149,3444.241880906149,5.865743588015704,5,25.0
C009-H100,Q2-022-G01,7,2.655903631526172,3474.241880906149,3499.241880906149,7.31133987609779,5,25.0
C009-H100,Q2-022-G01,8,2.655903631526172,3514.241880906149,3544.241880906149,8.347795908735861,6,30.0
C009-H100,Q2-022-G01,9,2.655903631526172,3589.241880906149,3649.241880906149,9.832010175965294,12,60.0
C009-H100,Q2-023-G01,1,2.655903631526172,6651.053944276595,6721.053944276595,2.5435462067597,14,70.0
C009-H100,Q2-023-G01,2,2.655903631526172,7404.022272765272,7474.022272765272,2.555391316649576,14,70.0
C009-H200,Q2-002-G01,1,12.64691130339807,749.796787516276,1017.4962452934196,0.9902189951036746,54,267.6994577771436
C009-H200,Q2-002-G01,2,12.64691130339807,1301.4123903129507,1560.5091778292267,0.9902235941500663,52,259.096787516276
C009-H200,Q2-003-G01,1,12.64691130339807,738.3506103515625,1136.7381147191898,2.2260092780512366,81,398.38750436762723
C009-H200,Q2-004-G01,1,12.64691130339807,859.6521899414063,941.9495635918905,3.1962918140702357,17,82.29737365048425
C009-H200,Q2-004-G01,2,12.64691130339807,1368.6148010186484,1439.9469909600548,3.1962918140702357,15,71.33218994140634
C009-H200,Q2-005-G01,1,12.64691130339807,2253.6871872834317,2322.6535125999103,0.4978097678268085,14,68.96632531647856
C009-H200,Q2-005-G01,2,12.64691130339807,2606.2681268577226,2674.2803054058995,0.4978097678268085,14,68.01217854817696
C009-H200,Q2-006-G01,1,12.64691130339807,2313.5763096218043,2567.6636785309047,4.378081650260654,51,254.0873689091004
C009-H200,Q2-006-G01,2,12.64691130339807,2937.5227178375453,3189.209949282858,4.377927304777799,51,251.6872314453126
C009-H200,Q2-007-G01,1,12.64691130339807,746.1726928710938,1053.781904007469,4.3783030580967335,62,307.60921113637517
C009-H200,Q2-007-G01,2,12.64691130339807,1305.4691354527813,1606.041828323875,4.378800668997769,61,300.57269287109375
C009-H200,Q2-011-G01,1,12.64691130339807,4319.5196097147345,4925.829871874042,19.017669472847032,124,606.3102621593071
C009-H200,Q2-013-G01,1,12.64691130339807,4465.430301278538,4754.032511133426,4.7136658690705815,58,288.6022098548883
C009-H200,Q2-013-G01,2,12.64691130339807,5157.361945337528,5436.025492700809,4.713883354378751,56,278.6635473632814
C009-H200,Q2-015-G01,1,12.64691130339807,4600.530620632572,4690.530620632572,2.243079375314764,18,90.0
C009-H200,Q2-015-G01,2,12.64691130339807,5363.498949121249,5453.498949121249,2.2554477918054374,18,90.0
C009-H200,Q2-016-G01,1,12.64691130339807,6255.441445068504,6494.75454169773,5.7905341800640855,48,239.31309662922558
C009-H200,Q2-016-G01,2,12.64691130339807,6935.724124827612,7163.699791331518,5.790541342445266,46,227.9756665039058
C009-H200,Q2-018-G01,1,12.64691130339807,5311.153889455241,5391.153889455241,5.7726640771931415,16,80.0
C009-H200,Q2-018-G01,2,12.64691130339807,5416.153889455241,5421.153889455241,5.175618263104013,1,5.0
C009-H200,Q2-018-G01,3,12.64691130339807,5793.132214248026,5803.132214248026,5.162439684486742,2,10.0
C009-H200,Q2-018-G01,4,12.64691130339807,5828.132214248026,5903.132214248026,5.852607136070191,15,75.0
C009-H200,Q2-019-G01,1,12.64691130339807,7073.518240789452,7660.170847116662,7.412417971463711,120,586.6526063272104
C009-H200,Q2-020-G01,1,12.64691130339807,1990.600882530999,2105.600882530999,2.2116157477126137,23,115.00000000000023
C009-H200,Q2-020-G01,2,12.64691130339807,2779.622201141521,2894.622201141521,2.2082751778824132,23,115.0
C009-H200,Q2-021-G01,1,12.64691130339807,2020.600882530999,2135.600882530999,2.2116157477126137,23,115.00000000000023
C009-H200,Q2-021-G01,2,12.64691130339807,2839.622201141521,2954.622201141521,2.2082751778824132,23,115.0
C009-H200,Q2-022-G01,1,12.64691130339807,2789.3727454533678,3096.981956589743,4.3783030580967335,62,307.60921113637505
C009-H200,Q2-022-G01,2,12.64691130339807,3348.6691880350554,3649.241880906149,4.378800668997769,61,300.57269287109375
C009-H200,Q2-023-G01,1,12.64691130339807,6651.053944276595,6741.053944276595,2.243079375314764,18,90.0
C009-H200,Q2-023-G01,2,12.64691130339807,7384.022272765272,7474.022272765272,2.2554477918054374,18,90.0
C009-H300,Q2-002-G01,1,12.633884077623236,749.796787516276,1032.4962452934196,0.9845789567700649,57,282.6994577771436
C009-H300,Q2-002-G01,2,12.633884077623236,1291.4123903129507,1560.5091778292267,0.9850336695531894,54,269.096787516276
C009-H300,Q2-003-G01,1,12.633884077623236,738.3506103515625,1136.7381147191898,2.2216940750848693,81,398.38750436762723
C009-H300,Q2-004-G01,1,12.633884077623236,859.6521899414063,961.9495635918905,3.193561241469837,21,102.29737365048425
C009-H300,Q2-004-G01,2,12.633884077623236,1353.6148010186484,1439.9469909600548,3.193820361612495,18,86.33218994140634
C009-H300,Q2-005-G01,1,12.633884077623236,2253.6871872834317,2327.6535125999103,0.49604327685871397,15,73.96632531647856
C009-H300,Q2-005-G01,2,12.633884077623236,2601.2681268577226,2674.2803054058995,0.4959970874537447,15,73.01217854817696
C009-H300,Q2-006-G01,1,12.633884077623236,2313.5763096218043,3189.209949282858,4.3576111676111395,177,875.6336396610536
C009-H300,Q2-007-G01,1,12.633884077623236,746.1726928710938,1606.041828323875,4.3576111676111395,174,859.8691354527813
C009-H300,Q2-011-G01,1,12.633884077623236,4319.5196097147345,4925.829871874042,18.56027510496753,124,606.3102621593071
C009-H300,Q2-013-G01,1,12.633884077623236,4465.430301278538,4759.032511133426,4.702443176254519,59,293.6022098548883
C009-H300,Q2-013-G01,2,12.633884077623236,5152.361945337528,5436.025492700809,4.702558831455377,57,283.6635473632814
C009-H300,Q2-015-G01,1,12.633884077623236,4600.530620632572,4705.530620632572,2.008047268607882,21,105.0
C009-H300,Q2-015-G01,2,12.633884077623236,4715.530620632572,4765.530620632572,1.0230045394054628,10,50.0
C009-H300,Q2-015-G01,3,12.633884077623236,5288.498949121249,5453.498949121249,1.0360664170036245,33,165.0
C009-H300,Q2-016-G01,1,12.633884077623236,6255.441445068504,6499.75454169773,5.772547178510692,49,244.31309662922558
C009-H300,Q2-016-G01,2,12.633884077623236,6930.724124827612,7163.699791331518,5.7720347342376925,47,232.9756665039058
C009-H300,Q2-018-G01,1,12.633884077623236,5311.153889455241,5391.153889455241,5.781273410323905,16,80.0
C009-H300,Q2-018-G01,2,12.633884077623236,5406.153889455241,5466.77942697589,4.5147053468313345,13,60.62553752064832
C009-H300,Q2-018-G01,3,12.633884077623236,5750.699129124328,5808.132214248026,4.5147053468313345,12,57.43308512369822
C009-H300,Q2-018-G01,4,12.633884077623236,5823.132214248026,5903.132214248026,5.769645250235698,16,80.0
C009-H300,Q2-019-G01,1,12.633884077623236,7073.518240789452,7660.170847116662,7.383446108159831,120,586.6526063272104
C009-H300,Q2-020-G01,1,12.633884077623236,1990.600882530999,2195.600882530999,1.0395797204978123,41,205.00000000000023
C009-H300,Q2-020-G01,2,12.633884077623236,2689.622201141521,2894.622201141521,1.0360664170036245,41,205.0
C009-H300,Q2-021-G01,1,12.633884077623236,2020.600882530999,2225.600882530999,1.0395797204978123,41,205.00000000000023
C009-H300,Q2-021-G01,2,12.633884077623236,2749.622201141521,2954.622201141521,1.0360664170036245,41,205.0
C009-H300,Q2-022-G01,1,12.633884077623236,2789.3727454533678,3649.241880906149,4.3576111676111395,174,859.8691354527814
C009-H300,Q2-023-G01,1,12.633884077623236,6651.053944276595,6756.053944276595,2.008047268607882,21,105.0
C009-H300,Q2-023-G01,2,12.633884077623236,6766.053944276595,6816.053944276595,1.0230045394054628,10,50.0
C009-H300,Q2-023-G01,3,12.633884077623236,7309.022272765272,7474.022272765272,1.0360664170036245,33,165.0
C010-H100,Q2-002-G01,1,2.714352304233671,749.796787516276,1007.4962452934196,0.9850073201682505,52,257.6994577771436
C010-H100,Q2-002-G01,2,2.714352304233671,1311.4123903129507,1560.5091778292267,0.9850073201682505,50,249.09678751627598
C010-H100,Q2-003-G01,1,2.714352304233671,738.3506103515625,1136.7381147191898,2.2494390822075445,81,398.38750436762723
C010-H100,Q2-004-G01,1,2.714352304233671,859.6521899414063,921.9495635918905,3.221931061368366,13,62.297373650484246
C010-H100,Q2-004-G01,2,2.714352304233671,1383.6148010186484,1439.9469909600548,3.221931061368366,12,56.33218994140634
C010-H100,Q2-005-G01,1,2.714352304233671,2253.6871872834317,2322.6535125999103,0.5218217671673386,14,68.96632531647856
C010-H100,Q2-005-G01,2,2.714352304233671,2606.2681268577226,2674.2803054058995,0.5218217671673386,14,68.01217854817696
C010-H100,Q2-006-G01,1,2.714352304233671,2313.5763096218043,2368.5763096218043,9.767429034029831,11,55.0
C010-H100,Q2-006-G01,2,2.714352304233671,2453.5763096218043,2458.5763096218043,7.178676212866833,1,5.0
C010-H100,Q2-006-G01,3,2.714352304233671,3044.209949282858,3049.209949282858,7.209108962859403,1,5.0
C010-H100,Q2-006-G01,4,2.714352304233671,3134.209949282858,3189.209949282858,9.783808115375692,11,55.0
C010-H100,Q2-007-G01,1,2.714352304233671,746.1726928710938,816.1726928710938,9.749103931000263,14,70.0
C010-H100,Q2-007-G01,2,2.714352304233671,916.1726928710938,926.1726928710938,7.212022171613356,2,10.0
C010-H100,Q2-007-G01,3,2.714352304233671,1376.041828323875,1381.041828323875,5.824353790393417,1,5.0
C010-H100,Q2-007-G01,4,2.714352304233671,1431.041828323875,1436.041828323875,7.275783419272329,1,5.0
C010-H100,Q2-007-G01,5,2.714352304233671,1471.041828323875,1476.041828323875,8.323139559291349,1,5.0
C010-H100,Q2-007-G01,6,2.714352304233671,1541.041828323875,1606.041828323875,9.783808115375692,13,65.0
C010-H100,Q2-011-G01,1,2.714352304233671,4319.5196097147345,4925.829871874042,18.97131686156969,124,606.3102621593071
C010-H100,Q2-013-G01,1,2.714352304233671,4465.430301278538,4749.032511133426,4.650686176529177,57,283.6022098548883
C010-H100,Q2-013-G01,2,2.714352304233671,5162.361945337528,5436.025492700809,4.650686176529177,55,273.6635473632814
C010-H100,Q2-015-G01,1,2.714352304233671,4600.530620632572,4665.530620632572,2.6453934832902917,13,65.0
C010-H100,Q2-015-G01,2,2.714352304233671,5388.498949121249,5453.498949121249,2.65723082920924,13,65.0
C010-H100,Q2-016-G01,1,2.714352304233671,6255.441445068504,6474.75454169773,5.716788171540884,44,219.31309662922558
C010-H100,Q2-016-G01,2,2.714352304233671,6955.724124827612,7163.699791331518,5.716788171540884,42,207.9756665039058
C010-H100,Q2-018-G01,1,2.714352304233671,5311.153889455241,5366.153889455241,6.205767418939317,11,55.0
C010-H100,Q2-018-G01,2,2.714352304233671,5848.132214248026,5903.132214248026,6.195982066193949,11,55.0
C010-H100,Q2-019-G01,1,2.714352304233671,7073.518240789452,7133.518240789452,9.001043686423799,12,60.0
C010-H100,Q2-019-G01,2,2.714352304233671,7605.170847116662,7660.170847116662,9.047234963820358,11,55.0
C010-H100,Q2-020-G01,1,2.714352304233671,1990.600882530999,2075.600882530999,2.6001088365133285,17,85.00000000000023
C010-H100,Q2-020-G01,2,2.714352304233671,2809.622201141521,2894.622201141521,2.5968963508773015,17,85.0
C010-H100,Q2-021-G01,1,2.714352304233671,2020.600882530999,2105.600882530999,2.6001088365133285,17,85.00000000000023
C010-H100,Q2-021-G01,2,2.714352304233671,2869.622201141521,2954.622201141521,2.5968963508773015,17,85.0
C010-H100,Q2-022-G01,1,2.714352304233671,2789.3727454533678,2859.3727454533678,9.749103931000263,14,70.0
C010-H100,Q2-022-G01,2,2.714352304233671,2959.3727454533678,2969.3727454533678,7.212022171613356,2,10.0
C010-H100,Q2-022-G01,3,2.714352304233671,3419.241880906149,3424.241880906149,5.824353790393417,1,5.0
C010-H100,Q2-022-G01,4,2.714352304233671,3474.241880906149,3479.241880906149,7.275783419272329,1,5.0
C010-H100,Q2-022-G01,5,2.714352304233671,3514.241880906149,3519.241880906149,8.323139559291349,1,5.0
C010-H100,Q2-022-G01,6,2.714352304233671,3584.241880906149,3649.241880906149,9.783808115375692,13,65.0
C010-H100,Q2-023-G01,1,2.714352304233671,6651.053944276595,6716.053944276595,2.6453934832902917,13,65.0
C010-H100,Q2-023-G01,2,2.714352304233671,7409.022272765272,7474.022272765272,2.65723082920924,13,65.0
C010-H200,Q2-002-G01,1,12.705538850410207,749.796787516276,1017.4962452934196,0.9861448513422459,54,267.6994577771436
C010-H200,Q2-002-G01,2,12.705538850410207,1301.4123903129507,1560.5091778292267,0.9861490219317943,52,259.096787516276
C010-H200,Q2-003-G01,1,12.705538850410207,738.3506103515625,1136.7381147191898,2.2500025491560933,81,398.38750436762723
C010-H200,Q2-004-G01,1,12.705538850410207,859.6521899414063,941.9495635918905,3.2284480822279704,17,82.29737365048425
C010-H200,Q2-004-G01,2,12.705538850410207,1368.6148010186484,1439.9469909600548,3.2284480822279704,15,71.33218994140634
C010-H200,Q2-005-G01,1,12.705538850410207,2253.6871872834317,2327.6535125999103,0.5236702324795175,15,73.96632531647856
C010-H200,Q2-005-G01,2,12.705538850410207,2601.2681268577226,2674.2803054058995,0.5236702324795175,15,73.01217854817696
C010-H200,Q2-006-G01,1,12.705538850410207,2313.5763096218043,2562.6636785309047,4.337793569387287,50,249.0873689091004
C010-H200,Q2-006-G01,2,12.705538850410207,2942.5227178375453,3189.209949282858,4.337854468138417,50,246.6872314453126
C010-H200,Q2-007-G01,1,12.705538850410207,746.1726928710938,1048.781904007469,4.338176675755875,61,302.60921113637517
C010-H200,Q2-007-G01,2,12.705538850410207,1305.4691354527813,1606.041828323875,4.337658474343755,61,300.57269287109375
C010-H200,Q2-011-G01,1,12.705538850410207,4319.5196097147345,4925.829871874042,18.69042246308129,124,606.3102621593071
C010-H200,Q2-013-G01,1,12.705538850410207,4465.430301278538,4754.032511133426,4.648859497914614,58,288.6022098548883
C010-H200,Q2-013-G01,2,12.705538850410207,5157.361945337528,5436.025492700809,4.6490580499210665,56,278.6635473632814
C010-H200,Q2-015-G01,1,12.705538850410207,4600.530620632572,4690.530620632572,2.2661150943287396,18,90.0
C010-H200,Q2-015-G01,2,12.705538850410207,5363.498949121249,5453.498949121249,2.278615162215445,18,90.0
C010-H200,Q2-016-G01,1,12.705538850410207,6255.441445068504,6489.75454169773,5.713637452196906,47,234.31309662922558
C010-H200,Q2-016-G01,2,12.705538850410207,6940.724124827612,7163.699791331518,5.713894564079482,45,222.9756665039058
C010-H200,Q2-018-G01,1,12.705538850410207,5311.153889455241,5391.153889455241,5.7909081959638655,16,80.0
C010-H200,Q2-018-G01,2,12.705538850410207,5416.153889455241,5421.153889455241,5.183893610781368,1,5.0
C010-H200,Q2-018-G01,3,12.705538850410207,5793.132214248026,5798.132214248026,5.1705316476392795,1,5.0
C010-H200,Q2-018-G01,4,12.705538850410207,5823.132214248026,5903.132214248026,5.779072151605249,16,80.0
C010-H200,Q2-019-G01,1,12.705538850410207,7073.518240789452,7660.170847116662,7.392122706478489,120,586.6526063272104
C010-H200,Q2-020-G01,1,12.705538850410207,1990.600882530999,2105.600882530999,2.234319489551382,23,115.00000000000023
C010-H200,Q2-020-G01,2,12.705538850410207,2779.622201141521,2894.622201141521,2.230943917462028,23,115.0
C010-H200,Q2-021-G01,1,12.705538850410207,2020.600882530999,2135.600882530999,2.234319489551382,23,115.00000000000023
C010-H200,Q2-021-G01,2,12.705538850410207,2839.622201141521,2954.622201141521,2.230943917462028,23,115.0
C010-H200,Q2-022-G01,1,12.705538850410207,2789.3727454533678,3091.981956589743,4.338176675755875,61,302.60921113637505
C010-H200,Q2-022-G01,2,12.705538850410207,3348.6691880350554,3649.241880906149,4.337658474343755,61,300.57269287109375
C010-H200,Q2-023-G01,1,12.705538850410207,6651.053944276595,6741.053944276595,2.2661150943287396,18,90.0
C010-H200,Q2-023-G01,2,12.705538850410207,7384.022272765272,7474.022272765272,2.278615162215445,18,90.0
C010-H300,Q2-002-G01,1,12.692634534504776,749.796787516276,1027.4962452934196,0.9814910129538248,56,277.6994577771436
C010-H300,Q2-002-G01,2,12.692634534504776,1291.4123903129507,1560.5091778292267,0.9812266751587231,54,269.096787516276
C010-H300,Q2-003-G01,1,12.692634534504776,738.3506103515625,1136.7381147191898,2.2459338541244875,81,398.38750436762723
C010-H300,Q2-004-G01,1,12.692634534504776,859.6521899414063,961.9495635918905,3.22644274381679,21,102.29737365048425
C010-H300,Q2-004-G01,2,12.692634534504776,1353.6148010186484,1439.9469909600548,3.2266897018912744,18,86.33218994140634
C010-H300,Q2-005-G01,1,12.692634534504776,2253.6871872834317,2332.6535125999103,0.5217708358901376,16,78.96632531647856
C010-H300,Q2-005-G01,2,12.692634534504776,2601.2681268577226,2674.2803054058995,0.5220995162880371,15,73.01217854817696
C010-H300,Q2-006-G01,1,12.692634534504776,2313.5763096218043,3189.209949282858,4.317365308778534,177,875.6336396610536
C010-H300,Q2-007-G01,1,12.692634534504776,746.1726928710938,1606.041828323875,4.317365308778534,174,859.8691354527813
C010-H300,Q2-011-G01,1,12.692634534504776,4319.5196097147345,4925.829871874042,18.275478551183255,124,606.3102621593071
C010-H300,Q2-013-G01,1,12.692634534504776,4465.430301278538,4759.032511133426,4.6383187929824885,59,293.6022098548883
C010-H300,Q2-013-G01,2,12.692634534504776,5152.361945337528,5436.025492700809,4.638428807218133,57,283.6635473632814
C010-H300,Q2-015-G01,1,12.692634534504776,4600.530620632572,4705.530620632572,2.028941407517266,21,105.0
C010-H300,Q2-015-G01,2,12.692634534504776,4715.530620632572,4735.530620632572,1.5358178535935707,4,20.0
C010-H300,Q2-015-G01,3,12.692634534504776,4750.530620632572,4760.530620632572,1.1193296389751168,2,10.0
C010-H300,Q2-015-G01,4,12.692634534504776,5293.498949121249,5303.498949121249,1.1324813590227905,2,10.0
C010-H300,Q2-015-G01,5,12.692634534504776,5318.498949121249,5338.498949121249,1.5488970221424125,4,20.0
C010-H300,Q2-015-G01,6,12.692634534504776,5348.498949121249,5453.498949121249,2.0417159372387346,21,105.0
C010-H300,Q2-016-G01,1,12.692634534504776,6255.441445068504,6499.75454169773,5.695572385929665,49,244.31309662922558
C010-H300,Q2-016-G01,2,12.692634534504776,6935.724124827612,7163.699791331518,5.697537737075933,46,227.9756665039058
C010-H300,Q2-018-G01,1,12.692634534504776,5311.153889455241,5391.153889455241,5.800166745165811,16,80.0
C010-H300,Q2-018-G01,2,12.692634534504776,5406.153889455241,5466.77942697589,4.51559843737553,13,60.62553752064832
C010-H300,Q2-018-G01,3,12.692634534504776,5750.699129124328,5808.132214248026,4.51559843737553,12,57.43308512369822
C010-H300,Q2-018-G01,4,12.692634534504776,5823.132214248026,5903.132214248026,5.788305475568052,16,80.0
C010-H300,Q2-019-G01,1,12.692634534504776,7073.518240789452,7660.170847116662,7.364164092758941,120,586.6526063272104
C010-H300,Q2-020-G01,1,12.692634534504776,1990.600882530999,2120.600882530999,2.0451499164211384,26,130.00000000000023
C010-H300,Q2-020-G01,2,12.692634534504776,2135.600882530999,2155.600882530999,1.585583510865149,4,20.0
C010-H300,Q2-020-G01,3,12.692634534504776,2175.600882530999,2190.600882530999,1.1193296389751168,3,15.0
C010-H300,Q2-020-G01,4,12.692634534504776,2694.622201141521,2709.622201141521,1.1157921744106432,3,15.0
C010-H300,Q2-020-G01,5,12.692634534504776,2729.622201141521,2749.622201141521,1.5820697415160083,4,20.0
C010-H300,Q2-020-G01,6,12.692634534504776,2764.622201141521,2894.622201141521,2.0417159372387346,26,130.0
C010-H300,Q2-021-G01,1,12.692634534504776,2020.600882530999,2150.600882530999,2.0451499164211384,26,130.00000000000023
C010-H300,Q2-021-G01,2,12.692634534504776,2165.600882530999,2185.600882530999,1.585583510865149,4,20.0
C010-H300,Q2-021-G01,3,12.692634534504776,2205.600882530999,2220.600882530999,1.1193296389751168,3,15.0
C010-H300,Q2-021-G01,4,12.692634534504776,2754.622201141521,2769.622201141521,1.1157921744106432,3,15.0
C010-H300,Q2-021-G01,5,12.692634534504776,2789.622201141521,2809.622201141521,1.5820697415160083,4,20.0
C010-H300,Q2-021-G01,6,12.692634534504776,2824.622201141521,2954.622201141521,2.0417159372387346,26,130.0
C010-H300,Q2-022-G01,1,12.692634534504776,2789.3727454533678,3649.241880906149,4.317365308778534,174,859.8691354527814
C010-H300,Q2-023-G01,1,12.692634534504776,6651.053944276595,6756.053944276595,2.028941407517266,21,105.0
C010-H300,Q2-023-G01,2,12.692634534504776,6766.053944276595,6786.053944276595,1.5358178535935707,4,20.0
C010-H300,Q2-023-G01,3,12.692634534504776,6801.053944276595,6811.053944276595,1.1193296389751168,2,10.0
C010-H300,Q2-023-G01,4,12.692634534504776,7314.022272765272,7324.022272765272,1.1324813590227905,2,10.0
C010-H300,Q2-023-G01,5,12.692634534504776,7339.022272765272,7359.022272765272,1.5488970221424125,4,20.0
C010-H300,Q2-023-G01,6,12.692634534504776,7369.022272765272,7474.022272765272,2.0417159372387346,21,105.0
C011-H100,Q2-004-G01,1,0.33322155681435106,859.6521899414063,1439.9469909600548,7.562606827273271,118,580.2948010186485
C011-H100,Q2-015-G01,1,0.33322155681435106,4600.530620632572,4899.742581119948,7.276876076656265,60,299.211960487376
C011-H100,Q2-015-G01,2,0.33322155681435106,5169.064236393385,5453.498949121249,7.252385482702493,57,284.4347127278643
C011-H100,Q2-018-G01,1,0.33322155681435106,5311.153889455241,5903.132214248026,9.413265083926888,120,591.9783247927844
C011-H100,Q2-020-G01,1,0.33322155681435106,1990.600882530999,2345.8658331402185,7.276876076656265,72,355.26495060921957
C011-H100,Q2-020-G01,2,0.33322155681435106,2555.1874884136564,2894.622201141521,7.283458815839069,68,339.43471272786473
C011-H100,Q2-021-G01,1,0.33322155681435106,2020.600882530999,2375.8658331402185,7.276876076656265,72,355.26495060921957
C011-H100,Q2-021-G01,2,0.33322155681435106,2615.1874884136564,2954.622201141521,7.283458815839069,68,339.43471272786473
C011-H100,Q2-023-G01,1,0.33322155681435106,6651.053944276595,6950.265904763971,7.276876076656265,60,299.211960487376
C011-H100,Q2-023-G01,2,0.33322155681435106,7189.5875600374075,7474.022272765272,7.252385482702493,57,284.4347127278643
C011-H200,Q2-004-G01,1,0.32259613422459665,859.6521899414063,1439.9469909600548,7.551045384712182,118,580.2948010186485
C011-H200,Q2-006-G01,1,0.32259613422459665,2313.5763096218043,2443.5763096218043,0.023999699077847936,26,130.0
C011-H200,Q2-006-G01,2,0.32259613422459665,3059.209949282858,3189.209949282858,0.03359261090446353,26,130.0
C011-H200,Q2-007-G01,1,0.32259613422459665,746.1726928710938,911.1726928710938,0.002906133495116592,33,165.0
C011-H200,Q2-007-G01,2,0.32259613422459665,1446.041828323875,1606.041828323875,0.023080268953293626,32,160.0
C011-H200,Q2-013-G01,1,0.32259613422459665,4480.430301278538,4490.430301278538,6.475019075707209,2,10.0
C011-H200,Q2-013-G01,2,0.32259613422459665,5411.025492700809,5416.025492700809,6.592933754430575,1,5.0
C011-H200,Q2-015-G01,1,0.32259613422459665,4600.530620632572,4909.742581119948,7.273115591054179,62,309.211960487376
C011-H200,Q2-015-G01,2,0.32259613422459665,5159.064236393385,5453.498949121249,7.24864613432824,59,294.4347127278643
C011-H200,Q2-016-G01,1,0.32259613422459665,6255.441445068504,6305.441445068504,2.5607308733795975,10,50.0
C011-H200,Q2-016-G01,2,0.32259613422459665,7113.699791331518,7163.699791331518,2.567408698781165,10,50.0
C011-H200,Q2-018-G01,1,0.32259613422459665,5311.153889455241,5903.132214248026,9.4090434480091,120,591.9783247927844
C011-H200,Q2-019-G01,1,0.32259613422459665,7073.518240789452,7178.518240789452,0.03006832115721636,21,105.0
C011-H200,Q2-019-G01,2,0.32259613422459665,7555.170847116662,7660.170847116662,0.011574731011094741,21,105.0
C011-H200,Q2-020-G01,1,0.32259613422459665,1990.600882530999,2355.8658331402185,7.273115591054179,74,365.26495060921957
C011-H200,Q2-020-G01,2,0.32259613422459665,2545.1874884136564,2894.622201141521,7.279692628500399,70,349.43471272786473
C011-H200,Q2-021-G01,1,0.32259613422459665,2020.600882530999,2385.8658331402185,7.273115591054179,74,365.26495060921957
C011-H200,Q2-021-G01,2,0.32259613422459665,2605.1874884136564,2954.622201141521,7.279692628500399,70,349.43471272786473
C011-H200,Q2-022-G01,1,0.32259613422459665,2789.3727454533678,2954.3727454533678,0.002906133495116592,33,165.0
C011-H200,Q2-022-G01,2,0.32259613422459665,3489.241880906149,3649.241880906149,0.023080268953293626,32,160.0
C011-H200,Q2-023-G01,1,0.32259613422459665,6651.053944276595,6960.265904763971,7.273115591054179,62,309.211960487376
C011-H200,Q2-023-G01,2,0.32259613422459665,7179.5875600374075,7474.022272765272,7.24864613432824,59,294.4347127278643
C011-H300,Q2-004-G01,1,0.30962353470818016,859.6521899414063,1439.9469909600548,7.526995853872506,118,580.2948010186485
C011-H300,Q2-006-G01,1,0.30962353470818016,2313.5763096218043,2443.5763096218043,0.015511720041956778,26,130.0
C011-H300,Q2-006-G01,2,0.30962353470818016,3059.209949282858,3189.209949282858,0.025085880848166653,26,130.0
C011-H300,Q2-007-G01,1,0.30962353470818016,746.1726928710938,906.1726928710938,0.0364663028873764,32,160.0
C011-H300,Q2-007-G01,2,0.30962353470818016,1446.041828323875,1606.041828323875,0.014594084934145712,32,160.0
C011-H300,Q2-011-G01,1,0.30962353470818016,4319.5196097147345,4416.560072069354,4.3744293845996935,20,97.0404623546192
C011-H300,Q2-011-G01,2,0.30962353470818016,4838.265516405291,4925.829871874042,4.372411485886914,18,87.56435546875036
C011-H300,Q2-013-G01,1,0.30962353470818016,4465.430301278538,4555.430301278538,6.209385293869445,18,90.0
C011-H300,Q2-013-G01,2,0.30962353470818016,5351.025492700809,5436.025492700809,6.268703170789706,17,85.0
C011-H300,Q2-015-G01,1,0.30962353470818016,4600.530620632572,5453.498949121249,7.233211165085621,171,852.9683284886769
C011-H300,Q2-016-G01,1,0.30962353470818016,6255.441445068504,6499.75454169773,0.8865973698815708,49,244.31309662922558
C011-H300,Q2-016-G01,2,0.30962353470818016,6930.724124827612,7163.699791331518,0.8862823526426098,47,232.9756665039058
C011-H300,Q2-018-G01,1,0.30962353470818016,5311.153889455241,5903.132214248026,9.385605706759307,120,591.9783247927844
C011-H300,Q2-019-G01,1,0.30962353470818016,7073.518240789452,7178.518240789452,0.02116910622244461,21,105.0
C011-H300,Q2-019-G01,2,0.30962353470818016,7555.170847116662,7660.170847116662,0.0027132925370096928,21,105.0
C011-H300,Q2-020-G01,1,0.30962353470818016,1990.600882530999,2894.622201141521,7.2575935667636315,182,904.0213186105223
C011-H300,Q2-021-G01,1,0.30962353470818016,2020.600882530999,2954.622201141521,7.2575935667636315,188,934.0213186105223
C011-H300,Q2-022-G01,1,0.30962353470818016,2789.3727454533678,2949.3727454533678,0.0364663028873764,32,160.0
C011-H300,Q2-022-G01,2,0.30962353470818016,3489.241880906149,3649.241880906149,0.014594084934145712,32,160.0
C011-H300,Q2-023-G01,1,0.30962353470818016,6651.053944276595,7474.022272765272,7.233211165085621,165,822.9683284886769
C012-H100,Q2-002-G01,1,3.5375573814223458,749.796787516276,969.796787516276,0.03973783337306713,44,220.0
C012-H100,Q2-002-G01,2,3.5375573814223458,1345.5091778292267,1560.5091778292267,0.07900109864890226,43,215.0
C012-H100,Q2-003-G01,1,3.5375573814223458,738.3506103515625,1136.7381147191898,1.3921056524811206,81,398.38750436762723
C012-H100,Q2-004-G01,1,3.5375573814223458,859.6521899414063,926.9495635918905,5.259816437371214,14,67.29737365048425
C012-H100,Q2-004-G01,2,3.5375573814223458,1378.6148010186484,1439.9469909600548,5.259816437371214,13,61.33218994140634
C012-H100,Q2-005-G01,1,3.5375573814223458,2253.6871872834317,2308.6871872834317,0.06084568999190765,11,55.0
C012-H100,Q2-005-G01,2,3.5375573814223458,2619.2803054058995,2674.2803054058995,0.07691661550055073,11,55.0
C012-H100,Q2-006-G01,1,3.5375573814223458,2313.5763096218043,2518.5763096218043,3.191998974959347,41,205.0
C012-H100,Q2-006-G01,2,3.5375573814223458,2984.209949282858,3189.209949282858,3.2146777453325086,41,205.0
C012-H100,Q2-007-G01,1,3.5375573814223458,746.1726928710938,1001.1726928710938,3.2168505228068653,51,255.0
C012-H100,Q2-007-G01,2,3.5375573814223458,1351.041828323875,1606.041828323875,3.1650196980728396,51,255.0
C012-H100,Q2-011-G01,1,3.5375573814223458,4319.5196097147345,4925.829871874042,12.958410139604766,124,606.3102621593071
C012-H100,Q2-013-G01,1,3.5375573814223458,4465.430301278538,4754.032511133426,4.098611071578901,58,288.6022098548883
C012-H100,Q2-013-G01,2,3.5375573814223458,5157.361945337528,5436.025492700809,4.098675965470974,56,278.6635473632814
C012-H100,Q2-015-G01,1,3.5375573814223458,4600.530620632572,4675.530620632572,4.328085802504887,15,75.0
C012-H100,Q2-015-G01,2,3.5375573814223458,5378.498949121249,5453.498949121249,4.343802311651942,15,75.0
C012-H100,Q2-016-G01,1,3.5375573814223458,6255.441445068504,6469.75454169773,3.897191435663615,43,214.31309662922558
C012-H100,Q2-016-G01,2,3.5375573814223458,6955.724124827612,7163.699791331518,3.897191435663615,42,207.9756665039058
C012-H100,Q2-018-G01,1,3.5375573814223458,5311.153889455241,5371.153889455241,8.91288872284801,12,60.0
C012-H100,Q2-018-G01,2,3.5375573814223458,5848.132214248026,5903.132214248026,9.036373189893823,11,55.0
C012-H100,Q2-019-G01,1,3.5375573814223458,7073.518240789452,7183.518240789452,5.294921323041976,22,110.0
C012-H100,Q2-019-G01,2,3.5375573814223458,7193.518240789452,7195.264825998498,4.996906652809969,1,1.7465852090463159
C012-H100,Q2-019-G01,3,3.5375573814223458,7539.879282175256,7545.170847116662,4.9968758261741755,2,5.29156494140625
C012-H100,Q2-019-G01,4,3.5375573814223458,7555.170847116662,7660.170847116662,5.375392625002149,21,105.0
C012-H100,Q2-020-G01,1,3.5375573814223458,1990.600882530999,2080.600882530999,4.387770720215542,18,90.00000000000023
C012-H100,Q2-020-G01,2,3.5375573814223458,2804.622201141521,2894.622201141521,4.383567022049277,18,90.0
C012-H100,Q2-021-G01,1,3.5375573814223458,2020.600882530999,2110.600882530999,4.387770720215542,18,90.00000000000023
C012-H100,Q2-021-G01,2,3.5375573814223458,2864.622201141521,2954.622201141521,4.383567022049277,18,90.0
C012-H100,Q2-022-G01,1,3.5375573814223458,2789.3727454533678,3044.3727454533678,3.2168505228068653,51,255.0
C012-H100,Q2-022-G01,2,3.5375573814223458,3394.241880906149,3649.241880906149,3.1650196980728396,51,255.0
C012-H100,Q2-023-G01,1,3.5375573814223458,6651.053944276595,6726.053944276595,4.328085802504887,15,75.0
C012-H100,Q2-023-G01,2,3.5375573814223458,7399.022272765272,7474.022272765272,4.343802311651942,15,75.0
C012-H200,Q2-002-G01,1,13.524817640956798,749.796787516276,969.796787516276,0.04026506818411235,44,220.0
C012-H200,Q2-002-G01,2,13.524817640956798,1345.5091778292267,1560.5091778292267,0.07953312193714623,43,215.0
C012-H200,Q2-003-G01,1,13.524817640956798,738.3506103515625,1136.7381147191898,1.3907654722565894,81,398.38750436762723
C012-H200,Q2-004-G01,1,13.524817640956798,859.6521899414063,956.9495635918905,5.266579317958687,20,97.29737365048425
C012-H200,Q2-004-G01,2,13.524817640956798,1358.6148010186484,1439.9469909600548,5.266868062152653,17,81.33218994140634
C012-H200,Q2-005-G01,1,13.524817640956798,2253.6871872834317,2308.6871872834317,0.061566987885981916,11,55.0
C012-H200,Q2-005-G01,2,13.524817640956798,2619.2803054058995,2674.2803054058995,0.07764058770145255,11,55.0
C012-H200,Q2-006-G01,1,13.524817640956798,2313.5763096218043,2567.6636785309047,2.48025095612293,51,254.0873689091004
C012-H200,Q2-006-G01,2,13.524817640956798,2937.5227178375453,3189.209949282858,2.4801279431040086,51,251.6872314453126
C012-H200,Q2-007-G01,1,13.524817640956798,746.1726928710938,1053.781904007469,2.480427898220995,62,307.60921113637517
C012-H200,Q2-007-G01,2,13.524817640956798,1305.4691354527813,1606.041828323875,2.4808277872718634,61,300.57269287109375
C012-H200,Q2-011-G01,1,13.524817640956798,4319.5196097147345,4925.829871874042,12.868345180703358,124,606.3102621593071
C012-H200,Q2-013-G01,1,13.524817640956798,4465.430301278538,4759.032511133426,4.092939556533963,59,293.6022098548883
C012-H200,Q2-013-G01,2,13.524817640956798,5152.361945337528,5436.025492700809,4.093008923854512,57,283.6635473632814
C012-H200,Q2-015-G01,1,13.524817640956798,4600.530620632572,4710.530620632572,3.6178604627308175,22,110.0
C012-H200,Q2-015-G01,2,13.524817640956798,5343.498949121249,5453.498949121249,3.6343656852700974,22,110.0
C012-H200,Q2-016-G01,1,13.524817640956798,6255.441445068504,6489.75454169773,3.890345022163743,47,234.31309662922558
C012-H200,Q2-016-G01,2,13.524817640956798,6940.724124827612,7163.699791331518,3.8905721693057984,45,222.9756665039058
C012-H200,Q2-018-G01,1,13.524817640956798,5311.153889455241,5391.153889455241,8.331615447989009,16,80.0
C012-H200,Q2-018-G01,2,13.524817640956798,5436.153889455241,5446.153889455241,6.509577926483857,2,10.0
C012-H200,Q2-018-G01,3,13.524817640956798,5768.132214248026,5778.132214248026,6.4888322935340454,2,10.0
C012-H200,Q2-018-G01,4,13.524817640956798,5823.132214248026,5903.132214248026,8.311669588094418,16,80.0
C012-H200,Q2-019-G01,1,13.524817640956798,7073.518240789452,7660.170847116662,4.980774811533223,120,586.6526063272104
C012-H200,Q2-020-G01,1,13.524817640956798,1990.600882530999,2125.600882530999,3.65973297636954,27,135.00000000000023
C012-H200,Q2-020-G01,2,13.524817640956798,2759.622201141521,2894.622201141521,3.655297989624458,27,135.0
C012-H200,Q2-021-G01,1,13.524817640956798,2020.600882530999,2155.600882530999,3.65973297636954,27,135.00000000000023
C012-H200,Q2-021-G01,2,13.524817640956798,2819.622201141521,2954.622201141521,3.655297989624458,27,135.0
C012-H200,Q2-022-G01,1,13.524817640956798,2789.3727454533678,3096.981956589743,2.480427898220995,62,307.60921113637505
C012-H200,Q2-022-G01,2,13.524817640956798,3348.6691880350554,3649.241880906149,2.4808277872718634,61,300.57269287109375
C012-H200,Q2-023-G01,1,13.524817640956798,6651.053944276595,6761.053944276595,3.6178604627308175,22,110.0
C012-H200,Q2-023-G01,2,13.524817640956798,7364.022272765272,7474.022272765272,3.6343656852700974,22,110.0
C012-H300,Q2-002-G01,1,13.50715837326699,749.796787516276,969.796787516276,0.03856288204372049,44,220.0
C012-H300,Q2-002-G01,2,13.50715837326699,1345.5091778292267,1560.5091778292267,0.07781547823043411,43,215.0
C012-H300,Q2-003-G01,1,13.50715837326699,738.3506103515625,1136.7381147191898,1.3861502390844151,81,398.38750436762723
C012-H300,Q2-004-G01,1,13.50715837326699,859.6521899414063,971.9495635918905,5.254369560933426,23,112.29737365048425
C012-H300,Q2-004-G01,2,13.50715837326699,1343.6148010186484,1439.9469909600548,5.254251430916696,20,96.33218994140634
C012-H300,Q2-005-G01,1,13.50715837326699,2253.6871872834317,2308.6871872834317,0.06004786096804082,11,55.0
C012-H300,Q2-005-G01,2,13.50715837326699,2619.2803054058995,2674.2803054058995,0.07611582893983382,11,55.0
C012-H300,Q2-006-G01,1,13.50715837326699,2313.5763096218043,3189.209949282858,2.4649648408057203,177,875.6336396610536
C012-H300,Q2-007-G01,1,13.50715837326699,746.1726928710938,1606.041828323875,2.4649648408057203,174,859.8691354527813
C012-H300,Q2-011-G01,1,13.50715837326699,4319.5196097147345,4925.829871874042,12.738407727714986,124,606.3102621593071
C012-H300,Q2-013-G01,1,13.50715837326699,4465.430301278538,4764.032511133426,4.080429903540676,60,298.6022098548883
C012-H300,Q2-013-G01,2,13.50715837326699,5147.361945337528,5436.025492700809,4.0801891736969935,58,288.6635473632814
C012-H300,Q2-015-G01,1,13.50715837326699,4600.530620632572,4844.742581119948,1.257513594474915,49,244.21196048737602
C012-H300,Q2-015-G01,2,13.50715837326699,5214.064236393385,5453.498949121249,1.25758926102867,48,239.43471272786428
C012-H300,Q2-016-G01,1,13.50715837326699,6255.441445068504,6499.75454169773,3.8757468044137653,49,244.31309662922558
C012-H300,Q2-016-G01,2,13.50715837326699,6930.724124827612,7163.699791331518,3.875370062582789,47,232.9756665039058
C012-H300,Q2-018-G01,1,13.50715837326699,5311.153889455241,5401.153889455241,8.018041707276566,18,90.0
C012-H300,Q2-018-G01,2,13.50715837326699,5416.153889455241,5471.77942697589,6.329646070943937,12,55.62553752064832
C012-H300,Q2-018-G01,3,13.50715837326699,5745.699129124328,5798.132214248026,6.329574525441927,11,52.43308512369822
C012-H300,Q2-018-G01,4,13.50715837326699,5813.132214248026,5903.132214248026,7.99752157272826,18,90.0
C012-H300,Q2-019-G01,1,13.50715837326699,7073.518240789452,7660.170847116662,4.961797564103065,120,586.6526063272104
C012-H300,Q2-020-G01,1,13.50715837326699,1990.600882530999,2290.8658331402185,1.257513594474915,61,300.26495060921957
C012-H300,Q2-020-G01,2,13.50715837326699,2600.1874884136564,2894.622201141521,1.25758926102867,59,294.43471272786473
C012-H300,Q2-021-G01,1,13.50715837326699,2020.600882530999,2320.8658331402185,1.257513594474915,61,300.26495060921957
C012-H300,Q2-021-G01,2,13.50715837326699,2660.1874884136564,2954.622201141521,1.25758926102867,59,294.43471272786473
C012-H300,Q2-022-G01,1,13.50715837326699,2789.3727454533678,3649.241880906149,2.4649648408057203,174,859.8691354527814
C012-H300,Q2-023-G01,1,13.50715837326699,6651.053944276595,6895.265904763971,1.257513594474915,49,244.21196048737602
C012-H300,Q2-023-G01,2,13.50715837326699,7234.5875600374075,7474.022272765272,1.25758926102867,48,239.43471272786428
C013-H100,Q2-002-G01,1,3.6011336702028984,749.796787516276,969.796787516276,0.033251713315536335,44,220.0
C013-H100,Q2-002-G01,2,3.6011336702028984,1345.5091778292267,1560.5091778292267,0.07262040308638973,43,215.0
C013-H100,Q2-003-G01,1,3.6011336702028984,738.3506103515625,1136.7381147191898,1.406398293103905,81,398.38750436762723
C013-H100,Q2-004-G01,1,3.6011336702028984,859.6521899414063,921.9495635918905,5.298096033920189,13,62.297373650484246
C013-H100,Q2-004-G01,2,3.6011336702028984,1383.6148010186484,1439.9469909600548,5.298096033920189,12,56.33218994140634
C013-H100,Q2-005-G01,1,3.6011336702028984,2253.6871872834317,2332.6535125999103,0.018318654854383,16,78.96632531647856
C013-H100,Q2-005-G01,2,3.6011336702028984,2601.2681268577226,2674.2803054058995,0.018318654854383,15,73.01217854817696
C013-H100,Q2-006-G01,1,3.6011336702028984,2313.5763096218043,2518.5763096218043,3.158269254276007,41,205.0
C013-H100,Q2-006-G01,2,3.6011336702028984,2984.209949282858,3189.209949282858,3.180950893675572,41,205.0
C013-H100,Q2-007-G01,1,3.6011336702028984,746.1726928710938,1001.1726928710938,3.1831239826102404,51,255.0
C013-H100,Q2-007-G01,2,3.6011336702028984,1351.041828323875,1606.041828323875,3.131287464343174,51,255.0
C013-H100,Q2-011-G01,1,3.6011336702028984,4319.5196097147345,4925.829871874042,2.8029496842043784,124,606.3102621593071
C013-H100,Q2-013-G01,1,3.6011336702028984,4465.430301278538,4754.032511133426,4.032559712096955,58,288.6022098548883
C013-H100,Q2-013-G01,2,3.6011336702028984,5157.361945337528,5436.025492700809,4.032559712096955,56,278.6635473632814
C013-H100,Q2-015-G01,1,3.6011336702028984,4600.530620632572,4675.530620632572,4.35636260694146,15,75.0
C013-H100,Q2-015-G01,2,3.6011336702028984,5378.498949121249,5453.498949121249,4.372288479541766,15,75.0
C013-H100,Q2-016-G01,1,3.6011336702028984,6255.441445068504,6464.75454169773,3.836679630837409,42,209.31309662922558
C013-H100,Q2-016-G01,2,3.6011336702028984,6960.724124827612,7163.699791331518,3.836679630837409,41,202.9756665039058
C013-H100,Q2-018-G01,1,3.6011336702028984,5311.153889455241,5366.153889455241,9.075383647456405,11,55.0
C013-H100,Q2-018-G01,2,3.6011336702028984,5848.132214248026,5903.132214248026,9.057586321573666,11,55.0
C013-H100,Q2-019-G01,1,3.6011336702028984,7073.518240789452,7178.518240789452,5.399888663804745,21,105.0
C013-H100,Q2-019-G01,2,3.6011336702028984,7555.170847116662,7660.170847116662,5.35395853883611,21,105.0
C013-H100,Q2-020-G01,1,3.6011336702028984,1990.600882530999,2085.600882530999,4.33611626776441,19,95.00000000000023
C013-H100,Q2-020-G01,2,3.6011336702028984,2804.622201141521,2894.622201141521,4.412588918117464,18,90.0
C013-H100,Q2-021-G01,1,3.6011336702028984,2020.600882530999,2115.600882530999,4.33611626776441,19,95.00000000000023
C013-H100,Q2-021-G01,2,3.6011336702028984,2864.622201141521,2954.622201141521,4.412588918117464,18,90.0
C013-H100,Q2-022-G01,1,3.6011336702028984,2789.3727454533678,3044.3727454533678,3.1831239826102404,51,255.0
C013-H100,Q2-022-G01,2,3.6011336702028984,3394.241880906149,3649.241880906149,3.131287464343174,51,255.0
C013-H100,Q2-023-G01,1,3.6011336702028984,6651.053944276595,6726.053944276595,4.35636260694146,15,75.0
C013-H100,Q2-023-G01,2,3.6011336702028984,7399.022272765272,7474.022272765272,4.372288479541766,15,75.0
C013-H200,Q2-002-G01,1,13.588760177274338,749.796787516276,969.796787516276,0.03402246126634623,44,220.0
C013-H200,Q2-002-G01,2,13.588760177274338,1345.5091778292267,1560.5091778292267,0.07339817024077888,43,215.0
C013-H200,Q2-003-G01,1,13.588760177274338,738.3506103515625,1136.7381147191898,1.4055262386052618,81,398.38750436762723
C013-H200,Q2-004-G01,1,13.588760177274338,859.6521899414063,951.9495635918905,5.306286526006772,19,92.29737365048425
C013-H200,Q2-004-G01,2,13.588760177274338,1358.6148010186484,1439.9469909600548,5.306286526006772,17,81.33218994140634
C013-H200,Q2-005-G01,1,13.588760177274338,2253.6871872834317,2332.6535125999103,0.018923194314183434,16,78.96632531647856
C013-H200,Q2-005-G01,2,13.588760177274338,2596.2681268577226,2674.2803054058995,0.01887048272341474,16,78.01217854817696
C013-H200,Q2-006-G01,1,13.588760177274338,2313.5763096218043,2562.6636785309047,2.448030005456758,50,249.0873689091004
C013-H200,Q2-006-G01,2,13.588760177274338,2942.5227178375453,3189.209949282858,2.448078832477819,50,246.6872314453126
C013-H200,Q2-007-G01,1,13.588760177274338,746.1726928710938,1048.781904007469,2.4483381457527145,61,302.60921113637517
C013-H200,Q2-007-G01,2,13.588760177274338,1305.4691354527813,1606.041828323875,2.4479218884509066,61,300.57269287109375
C013-H200,Q2-011-G01,1,13.588760177274338,4319.5196097147345,4925.829871874042,12.720552950926916,124,606.3102621593071
C013-H200,Q2-013-G01,1,13.588760177274338,4465.430301278538,4759.032511133426,4.027650180290976,59,293.6022098548883
C013-H200,Q2-013-G01,2,13.588760177274338,5152.361945337528,5436.025492700809,4.027713358282,57,283.6635473632814
C013-H200,Q2-015-G01,1,13.588760177274338,4600.530620632572,4710.530620632572,3.638423074265077,22,110.0
C013-H200,Q2-015-G01,2,13.588760177274338,5343.498949121249,5453.498949121249,3.655097083351066,22,110.0
C013-H200,Q2-016-G01,1,13.588760177274338,6255.441445068504,6489.75454169773,3.8311575980225854,47,234.31309662922558
C013-H200,Q2-016-G01,2,13.588760177274338,6940.724124827612,7163.699791331518,3.831366671777019,45,222.9756665039058
C013-H200,Q2-018-G01,1,13.588760177274338,5311.153889455241,5386.153889455241,8.499341482764606,15,75.0
C013-H200,Q2-018-G01,2,13.588760177274338,5441.153889455241,5446.153889455241,6.49517692068811,1,5.0
C013-H200,Q2-018-G01,3,13.588760177274338,5768.132214248026,5773.132214248026,6.474286098505104,1,5.0
C013-H200,Q2-018-G01,4,13.588760177274338,5828.132214248026,5903.132214248026,8.479368113003815,15,75.0
C013-H200,Q2-019-G01,1,13.588760177274338,7073.518240789452,7660.170847116662,4.9580862723211965,120,586.6526063272104
C013-H200,Q2-020-G01,1,13.588760177274338,1990.600882530999,2125.600882530999,3.680725817039942,27,135.00000000000023
C013-H200,Q2-020-G01,2,13.588760177274338,2759.622201141521,2894.622201141521,3.676244943613895,27,135.0
C013-H200,Q2-021-G01,1,13.588760177274338,2020.600882530999,2155.600882530999,3.680725817039942,27,135.00000000000023
C013-H200,Q2-021-G01,2,13.588760177274338,2819.622201141521,2954.622201141521,3.676244943613895,27,135.0
C013-H200,Q2-022-G01,1,13.588760177274338,2789.3727454533678,3091.981956589743,2.4483381457527145,61,302.60921113637505
C013-H200,Q2-022-G01,2,13.588760177274338,3348.6691880350554,3649.241880906149,2.4479218884509066,61,300.57269287109375
C013-H200,Q2-023-G01,1,13.588760177274338,6651.053944276595,6761.053944276595,3.638423074265077,22,110.0
C013-H200,Q2-023-G01,2,13.588760177274338,7364.022272765272,7474.022272765272,3.655097083351066,22,110.0
C013-H300,Q2-002-G01,1,13.571391149188273,749.796787516276,969.796787516276,0.03256693779135844,44,220.0
C013-H300,Q2-002-G01,2,13.571391149188273,1345.5091778292267,1560.5091778292267,0.07192939236419704,43,215.0
C013-H300,Q2-003-G01,1,13.571391149188273,738.3506103515625,1136.7381147191898,1.4012299885853565,81,398.38750436762723
C013-H300,Q2-004-G01,1,13.571391149188273,859.6521899414063,971.9495635918905,5.2953897308362485,23,112.29737365048425
C013-H300,Q2-004-G01,2,13.571391149188273,1343.6148010186484,1439.9469909600548,5.2952772935501855,20,96.33218994140634
C013-H300,Q2-005-G01,1,13.571391149188273,2253.6871872834317,2337.6535125999103,0.016101267971777133,17,83.96632531647856
C013-H300,Q2-005-G01,2,13.571391149188273,2596.2681268577226,2674.2803054058995,0.016411128564072897,16,78.01217854817696
C013-H300,Q2-006-G01,1,13.571391149188273,2313.5763096218043,3189.209949282858,2.4328575178691096,177,875.6336396610536
C013-H300,Q2-007-G01,1,13.571391149188273,746.1726928710938,1606.041828323875,2.4328575178691096,174,859.8691354527813
C013-H300,Q2-011-G01,1,13.571391149188273,4319.5196097147345,4925.829871874042,12.599308676703345,124,606.3102621593071
C013-H300,Q2-013-G01,1,13.571391149188273,4465.430301278538,4764.032511133426,4.015999109842397,60,298.6022098548883
C013-H300,Q2-013-G01,2,13.571391149188273,5147.361945337528,5436.025492700809,4.015772062240615,58,288.6635473632814
C013-H300,Q2-015-G01,1,13.571391149188273,4600.530620632572,4834.742581119948,1.2624623378461166,47,234.21196048737602
C013-H300,Q2-015-G01,2,13.571391149188273,5219.064236393385,5453.498949121249,1.2624623378461166,47,234.43471272786428
C013-H300,Q2-016-G01,1,13.571391149188273,6255.441445068504,6499.75454169773,3.817457181783041,49,244.31309662922558
C013-H300,Q2-016-G01,2,13.571391149188273,6930.724124827612,7163.699791331518,3.817099701615959,47,232.9756665039058
C013-H300,Q2-018-G01,1,13.571391149188273,5311.153889455241,5401.153889455241,8.021097741838219,18,90.0
C013-H300,Q2-018-G01,2,13.571391149188273,5421.153889455241,5471.77942697589,6.315327700934603,11,50.62553752064832
C013-H300,Q2-018-G01,3,13.571391149188273,5745.699129124328,5798.132214248026,6.315327700934603,11,52.43308512369822
C013-H300,Q2-018-G01,4,13.571391149188273,5813.132214248026,5903.132214248026,8.000259526414183,18,90.0
C013-H300,Q2-019-G01,1,13.571391149188273,7073.518240789452,7660.170847116662,4.939963641445402,120,586.6526063272104
C013-H300,Q2-020-G01,1,13.571391149188273,1990.600882530999,2280.8658331402185,1.2624623378461166,59,290.26495060921957
C013-H300,Q2-020-G01,2,13.571391149188273,2605.1874884136564,2894.622201141521,1.2624623378461166,58,289.43471272786473
C013-H300,Q2-021-G01,1,13.571391149188273,2020.600882530999,2310.8658331402185,1.2624623378461166,59,290.26495060921957
C013-H300,Q2-021-G01,2,13.571391149188273,2665.1874884136564,2954.622201141521,1.2624623378461166,58,289.43471272786473
C013-H300,Q2-022-G01,1,13.571391149188273,2789.3727454533678,3649.241880906149,2.4328575178691096,174,859.8691354527814
C013-H300,Q2-023-G01,1,13.571391149188273,6651.053944276595,6885.265904763971,1.2624623378461166,47,234.21196048737602
C013-H300,Q2-023-G01,2,13.571391149188273,7239.5875600374075,7474.022272765272,1.2624623378461166,47,234.43471272786428
C014-H100,Q2-002-G01,1,4.070132202637581,749.796787516276,987.4962452934196,3.616074344149297,48,237.6994577771436
C014-H100,Q2-002-G01,2,4.070132202637581,1326.4123903129507,1560.5091778292267,3.616074344149297,47,234.09678751627598
C014-H100,Q2-003-G01,1,4.070132202637581,738.3506103515625,1136.7381147191898,6.725197597485987,81,398.38750436762723
C014-H100,Q2-004-G01,1,4.070132202637581,859.6521899414063,931.9495635918905,1.0578407798107605,15,72.29737365048425
C014-H100,Q2-004-G01,2,4.070132202637581,1378.6148010186484,1439.9469909600548,1.0578407798107605,13,61.33218994140634
C014-H100,Q2-005-G01,1,4.070132202637581,2253.6871872834317,2312.6535125999103,3.984432177677945,12,58.96632531647856
C014-H100,Q2-005-G01,2,4.070132202637581,2614.2803054058995,2674.2803054058995,3.984432177677945,12,60.0
C014-H100,Q2-006-G01,1,4.070132202637581,2313.5763096218043,2572.6636785309047,5.088035000441678,52,259.0873689091004
C014-H100,Q2-006-G01,2,4.070132202637581,2932.5227178375453,3189.209949282858,5.087885196012891,52,256.6872314453126
C014-H100,Q2-007-G01,1,4.070132202637581,746.1726928710938,1058.781904007469,5.088035000441678,63,312.60921113637517
C014-H100,Q2-007-G01,2,4.070132202637581,1300.4691354527813,1606.041828323875,5.08814278669243,62,305.57269287109375
C014-H100,Q2-008-G01,1,4.070132202637581,2742.246055039964,2812.246055039964,1.5337655436266857,14,70.0
C014-H100,Q2-008-G01,2,4.070132202637581,3283.2183179815956,3348.2183179815956,1.5982910674356674,13,65.0
C014-H100,Q2-011-G01,1,4.070132202637581,4319.5196097147345,4371.560072069354,8.315717792858365,11,52.040462354619194
C014-H100,Q2-011-G01,2,4.070132202637581,4873.265516405291,4925.829871874042,8.315717792858365,11,52.564355468750364
C014-H100,Q2-013-G01,1,4.070132202637581,4465.430301278538,4749.032511133426,1.2970276003302104,57,283.6022098548883
C014-H100,Q2-013-G01,2,4.070132202637581,5162.361945337528,5436.025492700809,1.2970276003302104,55,273.6635473632814
C014-H100,Q2-015-G01,1,4.070132202637581,4600.530620632572,4695.530620632572,0.035257558872530126,19,95.0
C014-H100,Q2-015-G01,2,4.070132202637581,5358.498949121249,5453.498949121249,0.04809196646040448,19,95.0
C014-H100,Q2-016-G01,1,4.070132202637581,6255.441445068504,6434.75454169773,3.646281804178045,36,179.31309662922558
C014-H100,Q2-016-G01,2,4.070132202637581,6983.699791331518,7163.699791331518,3.646281804178045,36,180.0
C014-H100,Q2-018-G01,1,4.070132202637581,5311.153889455241,5391.153889455241,2.2283667090226515,16,80.0
C014-H100,Q2-018-G01,2,4.070132202637581,5823.132214248026,5903.132214248026,2.216791527102828,16,80.0
C014-H100,Q2-019-G01,1,4.070132202637581,7073.518240789452,7660.170847116662,10.858348154530049,120,586.6526063272104
C014-H100,Q2-020-G01,1,4.070132202637581,1990.600882530999,2110.600882530999,0.018980857441547982,24,120.00000000000023
C014-H100,Q2-020-G01,2,4.070132202637581,2774.622201141521,2894.622201141521,0.015532257015280493,24,120.0
C014-H100,Q2-021-G01,1,4.070132202637581,2020.600882530999,2140.600882530999,0.018980857441547982,24,120.00000000000023
C014-H100,Q2-021-G01,2,4.070132202637581,2834.622201141521,2954.622201141521,0.015532257015280493,24,120.0
C014-H100,Q2-022-G01,1,4.070132202637581,2789.3727454533678,3101.981956589743,5.088035000441678,63,312.60921113637505
C014-H100,Q2-022-G01,2,4.070132202637581,3343.6691880350554,3649.241880906149,5.08814278669243,62,305.57269287109375
C014-H100,Q2-023-G01,1,4.070132202637581,6651.053944276595,6746.053944276595,0.035257558872530126,19,95.0
C014-H100,Q2-023-G01,2,4.070132202637581,7379.022272765272,7474.022272765272,0.04809196646040448,19,95.0
C014-H200,Q2-002-G01,1,4.05823616205285,749.796787516276,1002.4962452934196,3.6193645674062793,51,252.6994577771436
C014-H200,Q2-002-G01,2,4.05823616205285,1311.4123903129507,1560.5091778292267,3.61923307236718,50,249.09678751627598
C014-H200,Q2-003-G01,1,4.05823616205285,738.3506103515625,1136.7381147191898,6.727147809535424,81,398.38750436762723
C014-H200,Q2-004-G01,1,4.05823616205285,859.6521899414063,951.9495635918905,1.061870437725176,19,92.29737365048425
C014-H200,Q2-004-G01,2,4.05823616205285,1358.6148010186484,1439.9469909600548,1.061870437725176,17,81.33218994140634
C014-H200,Q2-005-G01,1,4.05823616205285,2253.6871872834317,2317.6535125999103,3.988675902563216,13,63.96632531647856
C014-H200,Q2-005-G01,2,4.05823616205285,2611.2681268577226,2674.2803054058995,3.988675902563216,13,63.01217854817696
C014-H200,Q2-006-G01,1,4.05823616205285,2313.5763096218043,2577.6636785309047,5.079987991547313,53,264.0873689091004
C014-H200,Q2-006-G01,2,4.05823616205285,2927.5227178375453,3189.209949282858,5.079218066188474,53,261.6872314453126
C014-H200,Q2-007-G01,1,4.05823616205285,746.1726928710938,1063.781904007469,5.079705214848346,64,317.60921113637517
C014-H200,Q2-007-G01,2,4.05823616205285,1295.4691354527813,1606.041828323875,5.079794134489845,63,310.57269287109375
C014-H200,Q2-008-G01,1,4.05823616205285,2742.246055039964,2843.5528476039913,0.9938801963460548,21,101.30679256402709
C014-H200,Q2-008-G01,2,4.05823616205285,3248.2183179815956,3273.2183179815956,0.9938801963460548,5,25.0
C014-H200,Q2-008-G01,3,4.05823616205285,3283.2183179815956,3348.2183179815956,1.605211066708108,13,65.0
C014-H200,Q2-011-G01,1,4.05823616205285,4319.5196097147345,4416.560072069354,8.291049560368393,20,97.0404623546192
C014-H200,Q2-011-G01,2,4.05823616205285,4843.265516405291,4925.829871874042,8.292678745029605,17,82.56435546875036
C014-H200,Q2-013-G01,1,4.05823616205285,4465.430301278538,4754.032511133426,1.2962965173173586,58,288.6022098548883
C014-H200,Q2-013-G01,2,4.05823616205285,5157.361945337528,5436.025492700809,1.2963857533544854,56,278.6635473632814
C014-H200,Q2-015-G01,1,4.05823616205285,4600.530620632572,4695.530620632572,0.039778447755011825,19,95.0
C014-H200,Q2-015-G01,2,4.05823616205285,5358.498949121249,5453.498949121249,0.05262624236438285,19,95.0
C014-H200,Q2-016-G01,1,4.05823616205285,6255.441445068504,6489.75454169773,3.644597055295236,47,234.31309662922558
C014-H200,Q2-016-G01,2,4.05823616205285,6940.724124827612,7163.699791331518,3.6447534108607016,45,222.9756665039058
C014-H200,Q2-018-G01,1,4.05823616205285,5311.153889455241,5401.153889455241,2.050724724060572,18,90.0
C014-H200,Q2-018-G01,2,4.05823616205285,5431.153889455241,5451.77942697589,1.1170620507231206,5,20.625537520648322
C014-H200,Q2-018-G01,3,4.05823616205285,5760.699129124328,5783.132214248026,1.1170620507231206,5,22.43308512369822
C014-H200,Q2-018-G01,4,4.05823616205285,5813.132214248026,5903.132214248026,2.039115775939152,18,90.0
C014-H200,Q2-019-G01,1,4.05823616205285,7073.518240789452,7660.170847116662,10.823779496701718,120,586.6526063272104
C014-H200,Q2-020-G01,1,4.05823616205285,1990.600882530999,2110.600882530999,0.02348482565402321,24,120.00000000000023
C014-H200,Q2-020-G01,2,4.05823616205285,2774.622201141521,2894.622201141521,0.020032648330186476,24,120.0
C014-H200,Q2-021-G01,1,4.05823616205285,2020.600882530999,2140.600882530999,0.02348482565402321,24,120.00000000000023
C014-H200,Q2-021-G01,2,4.05823616205285,2834.622201141521,2954.622201141521,0.020032648330186476,24,120.0
C014-H200,Q2-022-G01,1,4.05823616205285,2789.3727454533678,3106.981956589743,5.079705214848346,64,317.60921113637505
C014-H200,Q2-022-G01,2,4.05823616205285,3338.6691880350554,3649.241880906149,5.079794134489845,63,310.57269287109375
C014-H200,Q2-023-G01,1,4.05823616205285,6651.053944276595,6746.053944276595,0.039778447755011825,19,95.0
C014-H200,Q2-023-G01,2,4.05823616205285,7379.022272765272,7474.022272765272,0.05262624236438285,19,95.0
C014-H300,Q2-002-G01,1,14.04076738352569,749.796787516276,1017.4962452934196,3.6123393367657712,54,267.6994577771436
C014-H300,Q2-002-G01,2,14.04076738352569,1301.4123903129507,1560.5091778292267,3.612357342877374,52,259.096787516276
C014-H300,Q2-003-G01,1,14.04076738352569,738.3506103515625,1136.7381147191898,6.716012692629818,81,398.38750436762723
C014-H300,Q2-004-G01,1,14.04076738352569,859.6521899414063,966.9495635918905,1.060436982201125,22,107.29737365048425
C014-H300,Q2-004-G01,2,14.04076738352569,1348.6148010186484,1439.9469909600548,1.0605011397051811,19,91.33218994140634
C014-H300,Q2-005-G01,1,14.04076738352569,2253.6871872834317,2327.6535125999103,3.985477712420632,15,73.96632531647856
C014-H300,Q2-005-G01,2,14.04076738352569,2601.2681268577226,2674.2803054058995,3.985382909412465,15,73.01217854817696
C014-H300,Q2-006-G01,1,14.04076738352569,2313.5763096218043,2582.6636785309047,5.0633699148486215,54,269.0873689091004
C014-H300,Q2-006-G01,2,14.04076738352569,2927.5227178375453,3189.209949282858,5.063988962169162,53,261.6872314453126
C014-H300,Q2-007-G01,1,14.04076738352569,746.1726928710938,1068.781904007469,5.0624122931621685,65,322.60921113637517
C014-H300,Q2-007-G01,2,14.04076738352569,1290.4691354527813,1606.041828323875,5.062079198223316,64,315.57269287109375
C014-H300,Q2-008-G01,1,14.04076738352569,2742.246055039964,2848.5528476039913,0.9971202466449256,22,106.30679256402709
C014-H300,Q2-008-G01,2,14.04076738352569,3243.3703769008666,3348.2183179815956,0.9971202466449256,21,104.84794108072902
C014-H300,Q2-011-G01,1,14.04076738352569,4319.5196097147345,4925.829871874042,8.242700156891587,124,606.3102621593071
C014-H300,Q2-013-G01,1,14.04076738352569,4465.430301278538,4754.032511133426,1.2920892075366197,58,288.6022098548883
C014-H300,Q2-013-G01,2,14.04076738352569,5152.361945337528,5436.025492700809,1.2915553830588493,57,283.6635473632814
C014-H300,Q2-015-G01,1,14.04076738352569,4600.530620632572,4695.530620632572,0.042072759685382266,19,95.0
C014-H300,Q2-015-G01,2,14.04076738352569,5358.498949121249,5453.498949121249,0.054927353440419324,19,95.0
C014-H300,Q2-016-G01,1,14.04076738352569,6255.441445068504,6499.75454169773,3.6335244329281835,49,244.31309662922558
C014-H300,Q2-016-G01,2,14.04076738352569,6930.724124827612,7163.699791331518,3.633223504670511,47,232.9756665039058
C014-H300,Q2-018-G01,1,14.04076738352569,5311.153889455241,5406.153889455241,1.9618515997758408,19,95.0
C014-H300,Q2-018-G01,2,14.04076738352569,5426.153889455241,5466.77942697589,1.1202882810359824,9,40.62553752064832
C014-H300,Q2-018-G01,3,14.04076738352569,5750.699129124328,5793.132214248026,1.1202882810359824,9,42.43308512369822
C014-H300,Q2-018-G01,4,14.04076738352569,5808.132214248026,5903.132214248026,1.9502339931507748,19,95.0
C014-H300,Q2-019-G01,1,14.04076738352569,7073.518240789452,7660.170847116662,10.763068027812594,120,586.6526063272104
C014-H300,Q2-020-G01,1,14.04076738352569,1990.600882530999,2110.600882530999,0.025770543776204136,24,120.00000000000023
C014-H300,Q2-020-G01,2,14.04076738352569,2774.622201141521,2894.622201141521,0.022316549794865637,24,120.0
C014-H300,Q2-021-G01,1,14.04076738352569,2020.600882530999,2140.600882530999,0.025770543776204136,24,120.00000000000023
C014-H300,Q2-021-G01,2,14.04076738352569,2834.622201141521,2954.622201141521,0.022316549794865637,24,120.0
C014-H300,Q2-022-G01,1,14.04076738352569,2789.3727454533678,3111.981956589743,5.0624122931621685,65,322.60921113637505
C014-H300,Q2-022-G01,2,14.04076738352569,3333.6691880350554,3649.241880906149,5.062079198223316,64,315.57269287109375
C014-H300,Q2-023-G01,1,14.04076738352569,6651.053944276595,6746.053944276595,0.042072759685382266,19,95.0
C014-H300,Q2-023-G01,2,14.04076738352569,7379.022272765272,7474.022272765272,0.054927353440419324,19,95.0
C015-H100,Q2-002-G01,1,4.133916866816861,749.796787516276,987.4962452934196,3.592545555492336,48,237.6994577771436
C015-H100,Q2-002-G01,2,4.133916866816861,1326.4123903129507,1560.5091778292267,3.592545555492336,47,234.09678751627598
C015-H100,Q2-003-G01,1,4.133916866816861,738.3506103515625,1136.7381147191898,6.760117899789577,81,398.38750436762723
C015-H100,Q2-004-G01,1,4.133916866816861,859.6521899414063,936.9495635918905,1.068646338464177,16,77.29737365048425
C015-H100,Q2-004-G01,2,4.133916866816861,1373.6148010186484,1439.9469909600548,1.068646338464177,14,66.33218994140634
C015-H100,Q2-005-G01,1,4.133916866816861,2253.6871872834317,2317.6535125999103,4.024956137697615,13,63.96632531647856
C015-H100,Q2-005-G01,2,4.133916866816861,2611.2681268577226,2674.2803054058995,4.024956137697615,13,63.01217854817696
C015-H100,Q2-006-G01,1,4.133916866816861,2313.5763096218043,2572.6636785309047,5.017885408160026,52,259.0873689091004
C015-H100,Q2-006-G01,2,4.133916866816861,2932.5227178375453,3189.209949282858,5.0177607691421855,52,256.6872314453126
C015-H100,Q2-007-G01,1,4.133916866816861,746.1726928710938,1058.781904007469,5.017885408160026,63,312.60921113637517
C015-H100,Q2-007-G01,2,4.133916866816861,1300.4691354527813,1606.041828323875,5.01797375371936,62,305.57269287109375
C015-H100,Q2-008-G01,1,4.133916866816861,2742.246055039964,2812.246055039964,1.5714288407570507,14,70.0
C015-H100,Q2-008-G01,2,4.133916866816861,3283.2183179815956,3348.2183179815956,1.6364837362600468,13,65.0
C015-H100,Q2-011-G01,1,4.133916866816861,4319.5196097147345,4371.560072069354,8.239422805641595,11,52.040462354619194
C015-H100,Q2-011-G01,2,4.133916866816861,4878.265516405291,4925.829871874042,8.239422805641595,10,47.564355468750364
C015-H100,Q2-013-G01,1,4.133916866816861,4465.430301278538,4655.430301278538,2.9838842928147358,38,190.0
C015-H100,Q2-013-G01,2,4.133916866816861,4705.430301278538,4734.032511133426,1.2580962563121432,6,28.602209854888315
C015-H100,Q2-013-G01,3,4.133916866816861,5172.361945337528,5201.025492700809,1.2580962563121432,6,28.663547363281396
C015-H100,Q2-013-G01,4,4.133916866816861,5246.025492700809,5436.025492700809,2.89357928280009,38,190.0
C015-H100,Q2-015-G01,1,4.133916866816861,4600.530620632572,4695.530620632572,0.04188218864948112,19,95.0
C015-H100,Q2-015-G01,2,4.133916866816861,5358.498949121249,5453.498949121249,0.05477564459127393,19,95.0
C015-H100,Q2-016-G01,1,4.133916866816861,6255.441445068504,6385.441445068504,5.199703361035077,26,130.0
C015-H100,Q2-016-G01,2,4.133916866816861,6415.441445068504,6430.441445068504,3.713447722586068,3,15.0
C015-H100,Q2-016-G01,3,4.133916866816861,6988.699791331518,7003.699791331518,3.734489971835842,3,15.0
C015-H100,Q2-016-G01,4,4.133916866816861,7033.699791331518,7163.699791331518,5.224242420134885,26,130.0
C015-H100,Q2-018-G01,1,4.133916866816861,5311.153889455241,5391.153889455241,2.224901946993043,16,80.0
C015-H100,Q2-018-G01,2,4.133916866816861,5823.132214248026,5903.132214248026,2.2132558620668448,16,80.0
C015-H100,Q2-019-G01,1,4.133916866816861,7073.518240789452,7660.170847116662,10.731651572650975,120,586.6526063272104
C015-H100,Q2-020-G01,1,4.133916866816861,1990.600882530999,2110.600882530999,0.025530990075310456,24,120.00000000000023
C015-H100,Q2-020-G01,2,4.133916866816861,2774.622201141521,2894.622201141521,0.02206666124128276,24,120.0
C015-H100,Q2-021-G01,1,4.133916866816861,2020.600882530999,2140.600882530999,0.025530990075310456,24,120.00000000000023
C015-H100,Q2-021-G01,2,4.133916866816861,2834.622201141521,2954.622201141521,0.02206666124128276,24,120.0
C015-H100,Q2-022-G01,1,4.133916866816861,2789.3727454533678,3101.981956589743,5.017885408160026,63,312.60921113637505
C015-H100,Q2-022-G01,2,4.133916866816861,3343.6691880350554,3649.241880906149,5.01797375371936,62,305.57269287109375
C015-H100,Q2-023-G01,1,4.133916866816861,6651.053944276595,6746.053944276595,0.04188218864948112,19,95.0
C015-H100,Q2-023-G01,2,4.133916866816861,7379.022272765272,7474.022272765272,0.05477564459127393,19,95.0
C015-H200,Q2-002-G01,1,4.122284189127058,749.796787516276,1007.4962452934196,3.596209449403858,52,257.6994577771436
C015-H200,Q2-002-G01,2,4.122284189127058,1311.4123903129507,1560.5091778292267,3.5962991138695486,50,249.09678751627598
C015-H200,Q2-003-G01,1,4.122284189127058,738.3506103515625,1136.7381147191898,6.763221553062252,81,398.38750436762723
C015-H200,Q2-004-G01,1,4.122284189127058,859.6521899414063,951.9495635918905,1.0729036405259222,19,92.29737365048425
C015-H200,Q2-004-G01,2,4.122284189127058,1358.6148010186484,1439.9469909600548,1.0729036405259222,17,81.33218994140634
C015-H200,Q2-005-G01,1,4.122284189127058,2253.6871872834317,2322.6535125999103,4.029669525332778,14,68.96632531647856
C015-H200,Q2-005-G01,2,4.122284189127058,2606.2681268577226,2674.2803054058995,4.029669525332778,14,68.01217854817696
C015-H200,Q2-006-G01,1,4.122284189127058,2313.5763096218043,2577.6636785309047,5.010559870022703,53,264.0873689091004
C015-H200,Q2-006-G01,2,4.122284189127058,2927.5227178375453,3189.209949282858,5.009838345731097,53,261.6872314453126
C015-H200,Q2-007-G01,1,4.122284189127058,746.1726928710938,1063.781904007469,5.0102950472802945,64,317.60921113637517
C015-H200,Q2-007-G01,2,4.122284189127058,1295.4691354527813,1606.041828323875,5.010378344153253,63,310.57269287109375
C015-H200,Q2-008-G01,1,4.122284189127058,2742.246055039964,2812.246055039964,1.5785506055107419,14,70.0
C015-H200,Q2-008-G01,2,4.122284189127058,2822.246055039964,2842.246055039964,1.0505034323349633,4,20.0
C015-H200,Q2-008-G01,3,4.122284189127058,3253.2183179815956,3268.2183179815956,1.115268493644649,3,15.0
C015-H200,Q2-008-G01,4,4.122284189127058,3283.2183179815956,3348.2183179815956,1.6437130736016883,13,65.0
C015-H200,Q2-011-G01,1,4.122284189127058,4319.5196097147345,4411.560072069354,8.219926824948033,19,92.0404623546192
C015-H200,Q2-011-G01,2,4.122284189127058,4843.265516405291,4925.829871874042,8.218970528693944,17,82.56435546875036
C015-H200,Q2-013-G01,1,4.122284189127058,4465.430301278538,4754.032511133426,1.2577122830181082,58,288.6022098548883
C015-H200,Q2-013-G01,2,4.122284189127058,5157.361945337528,5436.025492700809,1.2577931430266176,56,278.6635473632814
C015-H200,Q2-015-G01,1,4.122284189127058,4600.530620632572,4695.530620632572,0.04658178548609726,19,95.0
C015-H200,Q2-015-G01,2,4.122284189127058,5358.498949121249,5453.498949121249,0.0594892220392893,19,95.0
C015-H200,Q2-016-G01,1,4.122284189127058,6255.441445068504,6484.75454169773,3.5820778214217057,46,229.31309662922558
C015-H200,Q2-016-G01,2,4.122284189127058,6945.724124827612,7163.699791331518,3.5823340830893073,44,217.9756665039058
C015-H200,Q2-018-G01,1,4.122284189127058,5311.153889455241,5401.153889455241,2.0464383798352657,18,90.0
C015-H200,Q2-018-G01,2,4.122284189127058,5431.153889455241,5451.77942697589,1.1085735521938602,5,20.625537520648322
C015-H200,Q2-018-G01,3,4.122284189127058,5760.699129124328,5783.132214248026,1.1085735521938602,5,22.43308512369822
C015-H200,Q2-018-G01,4,4.122284189127058,5813.132214248026,5903.132214248026,2.0347639725861626,18,90.0
C015-H200,Q2-019-G01,1,4.122284189127058,7073.518240789452,7660.170847116662,10.700069572351197,120,586.6526063272104
C015-H200,Q2-020-G01,1,4.122284189127058,1990.600882530999,2110.600882530999,0.030212916661753297,24,120.00000000000023
C015-H200,Q2-020-G01,2,4.122284189127058,2774.622201141521,2894.622201141521,0.026744852573855837,24,120.0
C015-H200,Q2-021-G01,1,4.122284189127058,2020.600882530999,2140.600882530999,0.030212916661753297,24,120.00000000000023
C015-H200,Q2-021-G01,2,4.122284189127058,2834.622201141521,2954.622201141521,0.026744852573855837,24,120.0
C015-H200,Q2-022-G01,1,4.122284189127058,2789.3727454533678,3106.981956589743,5.0102950472802945,64,317.60921113637505
C015-H200,Q2-022-G01,2,4.122284189127058,3338.6691880350554,3649.241880906149,5.010378344153253,63,310.57269287109375
C015-H200,Q2-023-G01,1,4.122284189127058,6651.053944276595,6746.053944276595,0.04658178548609726,19,95.0
C015-H200,Q2-023-G01,2,4.122284189127058,7379.022272765272,7474.022272765272,0.0594892220392893,19,95.0
C015-H300,Q2-002-G01,1,14.104993787762368,749.796787516276,1022.4962452934196,3.5888879336336146,55,272.6994577771436
C015-H300,Q2-002-G01,2,14.104993787762368,1296.4123903129507,1560.5091778292267,3.5886852730586867,53,264.096787516276
C015-H300,Q2-003-G01,1,14.104993787762368,738.3506103515625,1136.7381147191898,6.752798355050572,81,398.38750436762723
C015-H300,Q2-004-G01,1,14.104993787762368,859.6521899414063,966.9495635918905,1.0719668971755993,22,107.29737365048425
C015-H300,Q2-004-G01,2,14.104993787762368,1348.6148010186484,1439.9469909600548,1.0720275929746919,19,91.33218994140634
C015-H300,Q2-005-G01,1,14.104993787762368,2253.6871872834317,2327.6535125999103,4.027031702614266,15,73.96632531647856
C015-H300,Q2-005-G01,2,14.104993787762368,2601.2681268577226,2674.2803054058995,4.026942589295004,15,73.01217854817696
C015-H300,Q2-006-G01,1,14.104993787762368,2313.5763096218043,2582.6636785309047,4.994795354426401,54,269.0873689091004
C015-H300,Q2-006-G01,2,14.104993787762368,2927.5227178375453,3189.209949282858,4.995387081403578,53,261.6872314453126
C015-H300,Q2-007-G01,1,14.104993787762368,746.1726928710938,1068.781904007469,4.99387957032863,65,322.60921113637517
C015-H300,Q2-007-G01,2,14.104993787762368,1290.4691354527813,1606.041828323875,4.993560911295958,64,315.57269287109375
C015-H300,Q2-008-G01,1,14.104993787762368,2742.246055039964,2848.5528476039913,1.0310916894990214,22,106.30679256402709
C015-H300,Q2-008-G01,2,14.104993787762368,3243.3703769008666,3348.2183179815956,1.0310916894990214,21,104.84794108072902
C015-H300,Q2-011-G01,1,14.104993787762368,4319.5196097147345,4925.829871874042,8.171361986986454,124,606.3102621593071
C015-H300,Q2-013-G01,1,14.104993787762368,4465.430301278538,4754.032511133426,1.2537690232120298,58,288.6022098548883
C015-H300,Q2-013-G01,2,14.104993787762368,5157.361945337528,5436.025492700809,1.2539483288990283,56,278.6635473632814
C015-H300,Q2-015-G01,1,14.104993787762368,4600.530620632572,4695.530620632572,0.04905159604589926,19,95.0
C015-H300,Q2-015-G01,2,14.104993787762368,5358.498949121249,5453.498949121249,0.06196638600815163,19,95.0
C015-H300,Q2-016-G01,1,14.104993787762368,6255.441445068504,6499.75454169773,3.57108449206504,49,244.31309662922558
C015-H300,Q2-016-G01,2,14.104993787762368,6930.724124827612,7163.699791331518,3.5707972933821566,47,232.9756665039058
C015-H300,Q2-018-G01,1,14.104993787762368,5311.153889455241,5406.153889455241,1.9573150093203822,19,95.0
C015-H300,Q2-018-G01,2,14.104993787762368,5426.153889455241,5461.77942697589,1.1120130497754843,8,35.62553752064832
C015-H300,Q2-018-G01,3,14.104993787762368,5755.699129124328,5788.132214248026,1.1120130497754843,7,32.43308512369822
C015-H300,Q2-018-G01,4,14.104993787762368,5808.132214248026,5903.132214248026,1.9456341817717941,19,95.0
C015-H300,Q2-019-G01,1,14.104993787762368,7073.518240789452,7660.170847116662,10.643022093515214,120,586.6526063272104
C015-H300,Q2-020-G01,1,14.104993787762368,1990.600882530999,2110.600882530999,0.03267343321775229,24,120.00000000000023
C015-H300,Q2-020-G01,2,14.104993787762368,2774.622201141521,2894.622201141521,0.029203404509516417,24,120.0
C015-H300,Q2-021-G01,1,14.104993787762368,2020.600882530999,2140.600882530999,0.03267343321775229,24,120.00000000000023
C015-H300,Q2-021-G01,2,14.104993787762368,2834.622201141521,2954.622201141521,0.029203404509516417,24,120.0
C015-H300,Q2-022-G01,1,14.104993787762368,2789.3727454533678,3111.981956589743,4.99387957032863,65,322.60921113637505
C015-H300,Q2-022-G01,2,14.104993787762368,3333.6691880350554,3649.241880906149,4.993560911295958,64,315.57269287109375
C015-H300,Q2-023-G01,1,14.104993787762368,6651.053944276595,6746.053944276595,0.04905159604589926,19,95.0
C015-H300,Q2-023-G01,2,14.104993787762368,7379.022272765272,7474.022272765272,0.06196638600815163,19,95.0
C016-H100,Q2-002-G01,1,4.154837051259733,749.796787516276,997.4962452934196,3.769818561819193,50,247.6994577771436
C016-H100,Q2-002-G01,2,4.154837051259733,1316.4123903129507,1560.5091778292267,3.769818561819193,49,244.09678751627598
C016-H100,Q2-003-G01,1,4.154837051259733,738.3506103515625,1136.7381147191898,7.160135850506123,81,398.38750436762723
C016-H100,Q2-004-G01,1,4.154837051259733,859.6521899414063,946.9495635918905,0.9195067138881541,18,87.29737365048425
C016-H100,Q2-004-G01,2,4.154837051259733,1363.6148010186484,1439.9469909600548,0.9195067138881541,16,76.33218994140634
C016-H100,Q2-005-G01,1,4.154837051259733,2253.6871872834317,2312.6535125999103,4.3134158830176546,12,58.96632531647856
C016-H100,Q2-005-G01,2,4.154837051259733,2611.2681268577226,2674.2803054058995,4.3134158830176546,13,63.01217854817696
C016-H100,Q2-006-G01,1,4.154837051259733,2313.5763096218043,2577.6636785309047,4.977341938270683,53,264.0873689091004
C016-H100,Q2-006-G01,2,4.154837051259733,2932.5227178375453,3189.209949282858,4.977678541773344,52,256.6872314453126
C016-H100,Q2-007-G01,1,4.154837051259733,746.1726928710938,1058.781904007469,4.977909460911121,63,312.60921113637517
C016-H100,Q2-007-G01,2,4.154837051259733,1295.4691354527813,1606.041828323875,4.977237445198199,63,310.57269287109375
C016-H100,Q2-008-G01,1,4.154837051259733,2742.246055039964,2812.246055039964,1.7777216201334056,14,70.0
C016-H100,Q2-008-G01,2,4.154837051259733,2827.246055039964,2832.246055039964,1.4201924032041973,1,5.0
C016-H100,Q2-008-G01,3,4.154837051259733,3258.2183179815956,3263.2183179815956,1.396870536709585,1,5.0
C016-H100,Q2-008-G01,4,4.154837051259733,3283.2183179815956,3348.2183179815956,1.843762238984425,13,65.0
C016-H100,Q2-011-G01,1,4.154837051259733,4319.5196097147345,4386.560072069354,7.801997786568265,14,67.0404623546192
C016-H100,Q2-011-G01,2,4.154837051259733,4868.265516405291,4925.829871874042,7.8025373688613655,12,57.564355468750364
C016-H100,Q2-013-G01,1,4.154837051259733,4465.430301278538,4749.032511133426,1.0702428217422124,57,283.6022098548883
C016-H100,Q2-013-G01,2,4.154837051259733,5162.361945337528,5436.025492700809,1.0702428217422124,55,273.6635473632814
C016-H100,Q2-015-G01,1,4.154837051259733,4600.530620632572,4685.530620632572,0.06511377771271043,17,85.0
C016-H100,Q2-015-G01,2,4.154837051259733,5368.498949121249,5453.498949121249,0.07802197729087368,17,85.0
C016-H100,Q2-016-G01,1,4.154837051259733,6255.441445068504,6449.75454169773,3.4136933872121773,39,194.31309662922558
C016-H100,Q2-016-G01,2,4.154837051259733,6970.724124827612,7163.699791331518,3.4136933872121773,39,192.9756665039058
C016-H100,Q2-018-G01,1,4.154837051259733,5311.153889455241,5396.153889455241,1.9290858129479886,17,85.0
C016-H100,Q2-018-G01,2,4.154837051259733,5446.153889455241,5451.153889455241,0.9251899953607108,1,5.0
C016-H100,Q2-018-G01,3,4.154837051259733,5818.132214248026,5903.132214248026,1.9175734219530227,17,85.0
C016-H100,Q2-019-G01,1,4.154837051259733,7073.518240789452,7660.170847116662,10.712240155111118,120,586.6526063272104
C016-H100,Q2-020-G01,1,4.154837051259733,1990.600882530999,2100.600882530999,0.016038064054583856,22,110.00000000000023
C016-H100,Q2-020-G01,2,4.154837051259733,2784.622201141521,2894.622201141521,0.012574616910498548,22,110.0
C016-H100,Q2-021-G01,1,4.154837051259733,2020.600882530999,2130.600882530999,0.016038064054583856,22,110.00000000000023
C016-H100,Q2-021-G01,2,4.154837051259733,2844.622201141521,2954.622201141521,0.012574616910498548,22,110.0
C016-H100,Q2-022-G01,1,4.154837051259733,2789.3727454533678,3101.981956589743,4.977909460911121,63,312.60921113637505
C016-H100,Q2-022-G01,2,4.154837051259733,3338.6691880350554,3649.241880906149,4.977237445198199,63,310.57269287109375
C016-H100,Q2-023-G01,1,4.154837051259733,6651.053944276595,6736.053944276595,0.06511377771271043,17,85.0
C016-H100,Q2-023-G01,2,4.154837051259733,7389.022272765272,7474.022272765272,0.07802197729087368,17,85.0
C016-H200,Q2-002-G01,1,4.141047329336544,749.796787516276,1017.4962452934196,3.7693712864752484,54,267.6994577771436
C016-H200,Q2-002-G01,2,4.141047329336544,1301.4123903129507,1560.5091778292267,3.7693821172102417,52,259.096787516276
C016-H200,Q2-003-G01,1,4.141047329336544,738.3506103515625,1136.7381147191898,7.157601052023153,81,398.38750436762723
C016-H200,Q2-004-G01,1,4.141047329336544,859.6521899414063,961.9495635918905,0.922619038127138,21,102.29737365048425
C016-H200,Q2-004-G01,2,4.141047329336544,1353.6148010186484,1439.9469909600548,0.922619038127138,18,86.33218994140634
C016-H200,Q2-005-G01,1,4.141047329336544,2253.6871872834317,2322.6535125999103,4.316045801812976,14,68.96632531647856
C016-H200,Q2-005-G01,2,4.141047329336544,2606.2681268577226,2674.2803054058995,4.3160611862949025,14,68.01217854817696
C016-H200,Q2-006-G01,1,4.141047329336544,2313.5763096218043,2582.6636785309047,4.966526222042347,54,269.0873689091004
C016-H200,Q2-006-G01,2,4.141047329336544,2927.5227178375453,3189.209949282858,4.966969939063958,53,261.6872314453126
C016-H200,Q2-007-G01,1,4.141047329336544,746.1726928710938,1063.781904007469,4.967529323261857,64,317.60921113637517
C016-H200,Q2-007-G01,2,4.141047329336544,1295.4691354527813,1606.041828323875,4.967631670858211,63,310.57269287109375
C016-H200,Q2-008-G01,1,4.141047329336544,2742.246055039964,2843.5528476039913,1.224204251717481,21,101.30679256402709
C016-H200,Q2-008-G01,2,4.141047329336544,3248.2183179815956,3273.2183179815956,1.224204251717481,5,25.0
C016-H200,Q2-008-G01,3,4.141047329336544,3283.2183179815956,3348.2183179815956,1.8501056999192542,13,65.0
C016-H200,Q2-011-G01,1,4.141047329336544,4319.5196097147345,4421.560072069354,7.771211434792832,21,102.0404623546192
C016-H200,Q2-011-G01,2,4.141047329336544,4838.265516405291,4925.829871874042,7.772254144605512,18,87.56435546875036
C016-H200,Q2-013-G01,1,4.141047329336544,4465.430301278538,4754.032511133426,1.0683219755538573,58,288.6022098548883
C016-H200,Q2-013-G01,2,4.141047329336544,5157.361945337528,5436.025492700809,1.0684339743537095,56,278.6635473632814
C016-H200,Q2-015-G01,1,4.141047329336544,4600.530620632572,4685.530620632572,0.06901607110566488,17,85.0
C016-H200,Q2-015-G01,2,4.141047329336544,5363.498949121249,5453.498949121249,8.249731953924311e-05,18,90.0
C016-H200,Q2-016-G01,1,4.141047329336544,6255.441445068504,6494.75454169773,3.4084023055622765,48,239.31309662922558
C016-H200,Q2-016-G01,2,4.141047329336544,6935.724124827612,7163.699791331518,3.408407007368325,46,227.9756665039058
C016-H200,Q2-018-G01,1,4.141047329336544,5311.153889455241,5406.153889455241,1.7511993433426483,19,95.0
C016-H200,Q2-018-G01,2,4.141047329336544,5431.153889455241,5461.77942697589,0.91895870921023,7,30.625537520648322
C016-H200,Q2-018-G01,3,4.141047329336544,5755.699129124328,5783.132214248026,0.91895870921023,6,27.43308512369822
C016-H200,Q2-018-G01,4,4.141047329336544,5813.132214248026,5903.132214248026,1.8317608500722997,18,90.0
C016-H200,Q2-019-G01,1,4.141047329336544,7073.518240789452,7660.170847116662,10.671340200727485,120,586.6526063272104
C016-H200,Q2-020-G01,1,4.141047329336544,1990.600882530999,2100.600882530999,0.019896489865999456,22,110.00000000000023
C016-H200,Q2-020-G01,2,4.141047329336544,2784.622201141521,2894.622201141521,0.016429965533916402,22,110.0
C016-H200,Q2-021-G01,1,4.141047329336544,2020.600882530999,2130.600882530999,0.019896489865999456,22,110.00000000000023
C016-H200,Q2-021-G01,2,4.141047329336544,2844.622201141521,2954.622201141521,0.016429965533916402,22,110.0
C016-H200,Q2-022-G01,1,4.141047329336544,2789.3727454533678,3106.981956589743,4.967529323261857,64,317.60921113637505
C016-H200,Q2-022-G01,2,4.141047329336544,3338.6691880350554,3649.241880906149,4.967631670858211,63,310.57269287109375
C016-H200,Q2-023-G01,1,4.141047329336544,6651.053944276595,6736.053944276595,0.06901607110566488,17,85.0
C016-H200,Q2-023-G01,2,4.141047329336544,7384.022272765272,7474.022272765272,8.249731953924311e-05,18,90.0
C016-H300,Q2-002-G01,1,14.121590659078237,749.796787516276,1032.4962452934196,3.757302181135259,57,282.6994577771436
C016-H300,Q2-002-G01,2,14.121590659078237,1291.4123903129507,1560.5091778292267,3.7582406097558305,54,269.096787516276
C016-H300,Q2-003-G01,1,14.121590659078237,738.3506103515625,1136.7381147191898,7.1419944549886765,81,398.38750436762723
C016-H300,Q2-004-G01,1,14.121590659078237,859.6521899414063,971.9495635918905,0.9189458252798346,23,112.29737365048425
C016-H300,Q2-004-G01,2,14.121590659078237,1343.6148010186484,1439.9469909600548,0.9189058218428556,20,96.33218994140634
C016-H300,Q2-005-G01,1,14.121590659078237,2253.6871872834317,2327.6535125999103,4.3104439544116815,15,73.96632531647856
C016-H300,Q2-005-G01,2,14.121590659078237,2601.2681268577226,2674.2803054058995,4.310315274961937,15,73.01217854817696
C016-H300,Q2-006-G01,1,14.121590659078237,2313.5763096218043,2587.6636785309047,4.947377921525586,55,274.0873689091004
C016-H300,Q2-006-G01,2,14.121590659078237,2922.5227178375453,3189.209949282858,4.947543209868044,54,266.6872314453126
C016-H300,Q2-007-G01,1,14.121590659078237,746.1726928710938,1068.781904007469,4.948427687073945,65,322.60921113637517
C016-H300,Q2-007-G01,2,14.121590659078237,1290.4691354527813,1606.041828323875,4.948068888698202,64,315.57269287109375
C016-H300,Q2-008-G01,1,14.121590659078237,2742.246055039964,2848.5528476039913,1.2267725138060968,22,106.30679256402709
C016-H300,Q2-008-G01,2,14.121590659078237,3243.3703769008666,3348.2183179815956,1.2267725138060968,21,104.84794108072902
C016-H300,Q2-011-G01,1,14.121590659078237,4319.5196097147345,4925.829871874042,7.726143492817428,124,606.3102621593071
C016-H300,Q2-013-G01,1,14.121590659078237,4465.430301278538,4754.032511133426,1.0635126974727314,58,288.6022098548883
C016-H300,Q2-013-G01,2,14.121590659078237,5157.361945337528,5436.025492700809,1.063718869242436,56,278.6635473632814
C016-H300,Q2-015-G01,1,14.121590659078237,4600.530620632572,4685.530620632572,0.07067583822053791,17,85.0
C016-H300,Q2-015-G01,2,14.121590659078237,5363.498949121249,5453.498949121249,0.001716122771952655,18,90.0
C016-H300,Q2-016-G01,1,14.121590659078237,6255.441445068504,6499.75454169773,3.3969841117036594,49,244.31309662922558
C016-H300,Q2-016-G01,2,14.121590659078237,6930.724124827612,7163.699791331518,3.3966650347681195,47,232.9756665039058
C016-H300,Q2-018-G01,1,14.121590659078237,5311.153889455241,5406.153889455241,1.7539751673511574,19,95.0
C016-H300,Q2-018-G01,2,14.121590659078237,5426.153889455241,5471.77942697589,0.9212503347658156,10,45.62553752064832
C016-H300,Q2-018-G01,3,14.121590659078237,5745.699129124328,5788.132214248026,0.9212503347658156,9,42.43308512369822
C016-H300,Q2-018-G01,4,14.121590659078237,5808.132214248026,5903.132214248026,1.7424528927976866,19,95.0
C016-H300,Q2-019-G01,1,14.121590659078237,7073.518240789452,7660.170847116662,10.605350903250184,120,586.6526063272104
C016-H300,Q2-020-G01,1,14.121590659078237,1990.600882530999,2100.600882530999,0.021537586913154882,22,110.00000000000023
C016-H300,Q2-020-G01,2,14.121590659078237,2784.622201141521,2894.622201141521,0.01806975293821722,22,110.0
C016-H300,Q2-021-G01,1,14.121590659078237,2020.600882530999,2130.600882530999,0.021537586913154882,22,110.00000000000023
C016-H300,Q2-021-G01,2,14.121590659078237,2844.622201141521,2954.622201141521,0.01806975293821722,22,110.0
C016-H300,Q2-022-G01,1,14.121590659078237,2789.3727454533678,3111.981956589743,4.948427687073945,65,322.60921113637505
C016-H300,Q2-022-G01,2,14.121590659078237,3333.6691880350554,3649.241880906149,4.948068888698202,64,315.57269287109375
C016-H300,Q2-023-G01,1,14.121590659078237,6651.053944276595,6736.053944276595,0.07067583822053791,17,85.0
C016-H300,Q2-023-G01,2,14.121590659078237,7384.022272765272,7474.022272765272,0.001716122771952655,18,90.0
C017-H100,Q2-002-G01,1,4.129271779967155,749.796787516276,997.4962452934196,3.825760176478113,50,247.6994577771436
C017-H100,Q2-002-G01,2,4.129271779967155,1316.4123903129507,1560.5091778292267,3.825760176478113,49,244.09678751627598
C017-H100,Q2-003-G01,1,4.129271779967155,738.3506103515625,1136.7381147191898,7.243214164307673,81,398.38750436762723
C017-H100,Q2-004-G01,1,4.129271779967155,859.6521899414063,941.9495635918905,0.8764322280421908,17,82.29737365048425
C017-H100,Q2-004-G01,2,4.129271779967155,1368.6148010186484,1439.9469909600548,0.8764322280421908,15,71.33218994140634
C017-H100,Q2-005-G01,1,4.129271779967155,2253.6871872834317,2312.6535125999103,4.3642884060006395,12,58.96632531647856
C017-H100,Q2-005-G01,2,4.129271779967155,2614.2803054058995,2674.2803054058995,4.3642884060006395,12,60.0
C017-H100,Q2-006-G01,1,4.129271779967155,2313.5763096218043,2577.6636785309047,5.001992614161992,53,264.0873689091004
C017-H100,Q2-006-G01,2,4.129271779967155,2932.5227178375453,3189.209949282858,5.002296988310121,52,256.6872314453126
C017-H100,Q2-007-G01,1,4.129271779967155,746.1726928710938,1058.781904007469,5.002504308948147,63,312.60921113637517
C017-H100,Q2-007-G01,2,4.129271779967155,1295.4691354527813,1606.041828323875,5.0018976715212204,63,310.57269287109375
C017-H100,Q2-008-G01,1,4.129271779967155,2742.246055039964,2812.246055039964,1.8085707512000795,14,70.0
C017-H100,Q2-008-G01,2,4.129271779967155,2827.246055039964,2832.246055039964,1.4512244468158855,1,5.0
C017-H100,Q2-008-G01,3,4.129271779967155,3258.2183179815956,3263.2183179815956,1.4279066851009077,1,5.0
C017-H100,Q2-008-G01,4,4.129271779967155,3283.2183179815956,3348.2183179815956,1.8745504374751647,13,65.0
C017-H100,Q2-011-G01,1,4.129271779967155,4319.5196097147345,4376.560072069354,7.732600830906591,12,57.040462354619194
C017-H100,Q2-011-G01,2,4.129271779967155,4873.265516405291,4925.829871874042,7.732632905130231,11,52.564355468750364
C017-H100,Q2-013-G01,1,4.129271779967155,4465.430301278538,4749.032511133426,1.0422839906238437,57,283.6022098548883
C017-H100,Q2-013-G01,2,4.129271779967155,5162.361945337528,5436.025492700809,1.0422839906238437,55,273.6635473632814
C017-H100,Q2-015-G01,1,4.129271779967155,4600.530620632572,4685.530620632572,0.025606154864675545,17,85.0
C017-H100,Q2-015-G01,2,4.129271779967155,5368.498949121249,5453.498949121249,0.03846289613376541,17,85.0
C017-H100,Q2-016-G01,1,4.129271779967155,6255.441445068504,6449.75454169773,3.401430669560625,39,194.31309662922558
C017-H100,Q2-016-G01,2,4.129271779967155,6970.724124827612,7163.699791331518,3.401430669560625,39,192.9756665039058
C017-H100,Q2-018-G01,1,4.129271779967155,5311.153889455241,5396.153889455241,1.8794809658376153,17,85.0
C017-H100,Q2-018-G01,2,4.129271779967155,5818.132214248026,5903.132214248026,1.868039635946829,17,85.0
C017-H100,Q2-019-G01,1,4.129271779967155,7073.518240789452,7660.170847116662,10.771698008739904,120,586.6526063272104
C017-H100,Q2-020-G01,1,4.129271779967155,1990.600882530999,2095.600882530999,0.041922187026713686,21,105.00000000000023
C017-H100,Q2-020-G01,2,4.129271779967155,2789.622201141521,2894.622201141521,0.03846289613376541,21,105.0
C017-H100,Q2-021-G01,1,4.129271779967155,2020.600882530999,2125.600882530999,0.041922187026713686,21,105.00000000000023
C017-H100,Q2-021-G01,2,4.129271779967155,2849.622201141521,2954.622201141521,0.03846289613376541,21,105.0
C017-H100,Q2-022-G01,1,4.129271779967155,2789.3727454533678,3101.981956589743,5.002504308948147,63,312.60921113637505
C017-H100,Q2-022-G01,2,4.129271779967155,3338.6691880350554,3649.241880906149,5.0018976715212204,63,310.57269287109375
C017-H100,Q2-023-G01,1,4.129271779967155,6651.053944276595,6736.053944276595,0.025606154864675545,17,85.0
C017-H100,Q2-023-G01,2,4.129271779967155,7389.022272765272,7474.022272765272,0.03846289613376541,17,85.0
C017-H200,Q2-002-G01,1,4.11604438137762,749.796787516276,1012.4962452934196,3.8267086849882332,53,262.6994577771436
C017-H200,Q2-002-G01,2,4.11604438137762,1306.4123903129507,1560.5091778292267,3.8268184641475926,51,254.09678751627598
C017-H200,Q2-003-G01,1,4.11604438137762,738.3506103515625,1136.7381147191898,7.242025316097397,81,398.38750436762723
C017-H200,Q2-004-G01,1,4.11604438137762,859.6521899414063,961.9495635918905,0.8797423806826714,21,102.29737365048425
C017-H200,Q2-004-G01,2,4.11604438137762,1353.6148010186484,1439.9469909600548,0.8797423806826714,18,86.33218994140634
C017-H200,Q2-005-G01,1,4.11604438137762,2253.6871872834317,2322.6535125999103,4.367587094462806,14,68.96632531647856
C017-H200,Q2-005-G01,2,4.11604438137762,2606.2681268577226,2674.2803054058995,4.367597746467837,14,68.01217854817696
C017-H200,Q2-006-G01,1,4.11604438137762,2313.5763096218043,2582.6636785309047,4.9917633961510575,54,269.0873689091004
C017-H200,Q2-006-G01,2,4.11604438137762,2927.5227178375453,3189.209949282858,4.992190362813801,53,261.6872314453126
C017-H200,Q2-007-G01,1,4.11604438137762,746.1726928710938,1063.781904007469,4.9927281499104765,64,317.60921113637517
C017-H200,Q2-007-G01,2,4.11604438137762,1295.4691354527813,1606.041828323875,4.992826485483334,63,310.57269287109375
C017-H200,Q2-008-G01,1,4.11604438137762,2742.246055039964,2843.5528476039913,1.255532344944342,21,101.30679256402709
C017-H200,Q2-008-G01,2,4.11604438137762,3248.2183179815956,3273.2183179815956,1.255532344944342,5,25.0
C017-H200,Q2-008-G01,3,4.11604438137762,3283.2183179815956,3348.2183179815956,1.8812268925890123,13,65.0
C017-H200,Q2-011-G01,1,4.11604438137762,4319.5196097147345,4416.560072069354,7.706019879501028,20,97.0404623546192
C017-H200,Q2-011-G01,2,4.11604438137762,4838.265516405291,4925.829871874042,7.70429801182074,18,87.56435546875036
C017-H200,Q2-013-G01,1,4.11604438137762,4465.430301278538,4754.032511133426,1.0407312431143794,58,288.6022098548883
C017-H200,Q2-013-G01,2,4.11604438137762,5157.361945337528,5436.025492700809,1.0408346075007273,56,278.6635473632814
C017-H200,Q2-015-G01,1,4.11604438137762,4600.530620632572,4685.530620632572,0.029661019976401803,17,85.0
C017-H200,Q2-015-G01,2,4.11604438137762,5368.498949121249,5453.498949121249,0.042529788579187766,17,85.0
C017-H200,Q2-016-G01,1,4.11604438137762,6255.441445068504,6494.75454169773,3.397052158002836,48,239.31309662922558
C017-H200,Q2-016-G01,2,4.11604438137762,6935.724124827612,7163.699791331518,3.3970565992926396,46,227.9756665039058
C017-H200,Q2-018-G01,1,4.11604438137762,5311.153889455241,5406.153889455241,1.7029347027963126,19,95.0
C017-H200,Q2-018-G01,2,4.11604438137762,5431.153889455241,5456.77942697589,0.8756171071628955,6,25.625537520648322
C017-H200,Q2-018-G01,3,4.11604438137762,5755.699129124328,5783.132214248026,0.8756171071628955,6,27.43308512369822
C017-H200,Q2-018-G01,4,4.11604438137762,5813.132214248026,5903.132214248026,1.7830057307572105,18,90.0
C017-H200,Q2-019-G01,1,4.11604438137762,7073.518240789452,7660.170847116662,10.732445772875366,120,586.6526063272104
C017-H200,Q2-020-G01,1,4.11604438137762,1990.600882530999,2095.600882530999,0.04599232168823164,21,105.00000000000023
C017-H200,Q2-020-G01,2,4.11604438137762,2789.622201141521,2894.622201141521,0.042529788579187766,21,105.0
C017-H200,Q2-021-G01,1,4.11604438137762,2020.600882530999,2125.600882530999,0.04599232168823164,21,105.00000000000023
C017-H200,Q2-021-G01,2,4.11604438137762,2849.622201141521,2954.622201141521,0.042529788579187766,21,105.0
C017-H200,Q2-022-G01,1,4.11604438137762,2789.3727454533678,3106.981956589743,4.9927281499104765,64,317.60921113637505
C017-H200,Q2-022-G01,2,4.11604438137762,3338.6691880350554,3649.241880906149,4.992826485483334,63,310.57269287109375
C017-H200,Q2-023-G01,1,4.11604438137762,6651.053944276595,6736.053944276595,0.029661019976401803,17,85.0
C017-H200,Q2-023-G01,2,4.11604438137762,7389.022272765272,7474.022272765272,0.042529788579187766,17,85.0
C017-H300,Q2-002-G01,1,14.097178583179002,749.796787516276,1032.4962452934196,3.8145415663311155,57,282.6994577771436
C017-H300,Q2-002-G01,2,14.097178583179002,1291.4123903129507,1560.5091778292267,3.8154578039326736,54,269.096787516276
C017-H300,Q2-003-G01,1,14.097178583179002,738.3506103515625,1136.7381147191898,7.227098503480903,81,398.38750436762723
C017-H300,Q2-004-G01,1,14.097178583179002,859.6521899414063,971.9495635918905,0.8766533621076462,23,112.29737365048425
C017-H300,Q2-004-G01,2,14.097178583179002,1343.6148010186484,1439.9469909600548,0.8766156431197771,20,96.33218994140634
C017-H300,Q2-005-G01,1,14.097178583179002,2253.6871872834317,2327.6535125999103,4.362491739461973,15,73.96632531647856
C017-H300,Q2-005-G01,2,14.097178583179002,2601.2681268577226,2674.2803054058995,4.362369339443205,15,73.01217854817696
C017-H300,Q2-006-G01,1,14.097178583179002,2313.5763096218043,2587.6636785309047,4.973148961435982,55,274.0873689091004
C017-H300,Q2-006-G01,2,14.097178583179002,2922.5227178375453,3189.209949282858,4.9733106465905905,54,266.6872314453126
C017-H300,Q2-007-G01,1,14.097178583179002,746.1726928710938,1068.781904007469,4.974175638413314,65,322.60921113637517
C017-H300,Q2-007-G01,2,14.097178583179002,1290.4691354527813,1606.041828323875,4.973824786454713,64,315.57269287109375
C017-H300,Q2-008-G01,1,14.097178583179002,2742.246055039964,2848.5528476039913,1.2583685811564749,22,106.30679256402709
C017-H300,Q2-008-G01,2,14.097178583179002,3243.3703769008666,3348.2183179815956,1.2583685811564749,21,104.84794108072902
C017-H300,Q2-011-G01,1,14.097178583179002,4319.5196097147345,4925.829871874042,7.660260653122577,124,606.3102621593071
C017-H300,Q2-013-G01,1,14.097178583179002,4465.430301278538,4754.032511133426,1.0361893435467238,58,288.6022098548883
C017-H300,Q2-013-G01,2,14.097178583179002,5157.361945337528,5436.025492700809,1.0363863052234308,56,278.6635473632814
C017-H300,Q2-015-G01,1,14.097178583179002,4600.530620632572,4685.530620632572,0.03149381649338068,17,85.0
C017-H300,Q2-015-G01,2,14.097178583179002,5368.498949121249,5453.498949121249,0.04436802514055671,17,85.0
C017-H300,Q2-016-G01,1,14.097178583179002,6255.441445068504,6499.75454169773,3.3861114513301516,49,244.31309662922558
C017-H300,Q2-016-G01,2,14.097178583179002,6930.724124827612,7163.699791331518,3.3858030999192295,47,232.9756665039058
C017-H300,Q2-018-G01,1,14.097178583179002,5311.153889455241,5406.153889455241,1.705956285537198,19,95.0
C017-H300,Q2-018-G01,2,14.097178583179002,5426.153889455241,5471.77942697589,0.8781144405417791,10,45.62553752064832
C017-H300,Q2-018-G01,3,14.097178583179002,5750.699129124328,5788.132214248026,0.8781144405417791,8,37.43308512369822
C017-H300,Q2-018-G01,4,14.097178583179002,5808.132214248026,5903.132214248026,1.6945033607765083,19,95.0
C017-H300,Q2-019-G01,1,14.097178583179002,7073.518240789452,7660.170847116662,10.667704764634266,120,586.6526063272104
C017-H300,Q2-020-G01,1,14.097178583179002,1990.600882530999,2095.600882530999,0.04783202472961534,21,105.00000000000023
C017-H300,Q2-020-G01,2,14.097178583179002,2789.622201141521,2894.622201141521,0.04436802514055671,21,105.0
C017-H300,Q2-021-G01,1,14.097178583179002,2020.600882530999,2125.600882530999,0.04783202472961534,21,105.00000000000023
C017-H300,Q2-021-G01,2,14.097178583179002,2849.622201141521,2954.622201141521,0.04436802514055671,21,105.0
C017-H300,Q2-022-G01,1,14.097178583179002,2789.3727454533678,3111.981956589743,4.974175638413314,65,322.60921113637505
C017-H300,Q2-022-G01,2,14.097178583179002,3333.6691880350554,3649.241880906149,4.973824786454713,64,315.57269287109375
C017-H300,Q2-023-G01,1,14.097178583179002,6651.053944276595,6736.053944276595,0.03149381649338068,17,85.0
C017-H300,Q2-023-G01,2,14.097178583179002,7389.022272765272,7474.022272765272,0.04436802514055671,17,85.0
C019-H100,Q2-002-G01,1,4.056059739737194,749.796787516276,824.796787516276,0.03763291386842127,15,75.0
C019-H100,Q2-002-G01,2,4.056059739737194,1490.5091778292267,1560.5091778292267,0.07505521433442652,14,70.0
C019-H100,Q2-003-G01,1,4.056059739737194,738.3506103515625,758.3506103515625,0.06044428540968738,4,20.0
C019-H100,Q2-003-G01,2,4.056059739737194,1111.7381147191898,1136.7381147191898,0.006595395494258582,5,25.0
C019-H100,Q2-004-G01,1,4.056059739737194,859.6521899414063,1439.9469909600548,12.605392992379947,118,580.2948010186485
C019-H100,Q2-006-G01,1,4.056059739737194,2313.5763096218043,2513.5763096218043,0.03352301301084992,40,200.0
C019-H100,Q2-006-G01,2,4.056059739737194,2989.209949282858,3189.209949282858,0.04926444272918218,40,200.0
C019-H100,Q2-007-G01,1,4.056059739737194,746.1726928710938,996.1726928710938,0.03352301301084992,50,250.0
C019-H100,Q2-007-G01,2,4.056059739737194,1361.041828323875,1606.041828323875,0.0665303541923663,49,245.0
C019-H100,Q2-011-G01,1,4.056059739737194,4319.5196097147345,4411.560072069354,5.600001406745747,19,92.0404623546192
C019-H100,Q2-011-G01,2,4.056059739737194,4843.265516405291,4925.829871874042,5.599259267916139,17,82.56435546875036
C019-H100,Q2-013-G01,1,4.056059739737194,4465.430301278538,4625.430301278538,4.891771937380113,32,160.0
C019-H100,Q2-013-G01,2,4.056059739737194,5276.025492700809,5436.025492700809,4.7794791200066555,32,160.0
C019-H100,Q2-015-G01,1,4.056059739737194,4600.530620632572,4839.742581119948,4.306416962726004,48,239.21196048737602
C019-H100,Q2-015-G01,2,4.056059739737194,5219.064236393385,5453.498949121249,4.306416962726004,47,234.43471272786428
C019-H100,Q2-016-G01,1,4.056059739737194,6255.441445068504,6489.75454169773,0.6986003343986908,47,234.31309662922558
C019-H100,Q2-016-G01,2,4.056059739737194,6940.724124827612,7163.699791331518,0.6987209602332314,45,222.9756665039058
C019-H100,Q2-018-G01,1,4.056059739737194,5311.153889455241,5441.153889455241,0.2114499170866111,26,130.0
C019-H100,Q2-018-G01,2,4.056059739737194,5773.132214248026,5903.132214248026,0.16949581009498615,26,130.0
C019-H100,Q2-019-G01,1,4.056059739737194,7073.518240789452,7220.264825998498,1.2195008818955415,30,146.74658520904632
C019-H100,Q2-019-G01,2,4.056059739737194,7519.879282175256,7660.170847116662,1.219452224013196,29,140.29156494140625
C019-H100,Q2-020-G01,1,4.056059739737194,1990.600882530999,2285.8658331402185,4.306416962726004,60,295.26495060921957
C019-H100,Q2-020-G01,2,4.056059739737194,2605.1874884136564,2894.622201141521,4.306416962726004,58,289.43471272786473
C019-H100,Q2-021-G01,1,4.056059739737194,2020.600882530999,2315.8658331402185,4.306416962726004,60,295.26495060921957
C019-H100,Q2-021-G01,2,4.056059739737194,2665.1874884136564,2954.622201141521,4.306416962726004,58,289.43471272786473
C019-H100,Q2-022-G01,1,4.056059739737194,2789.3727454533678,3039.3727454533678,0.03352301301084992,50,250.0
C019-H100,Q2-022-G01,2,4.056059739737194,3404.241880906149,3649.241880906149,0.0665303541923663,49,245.0
C019-H100,Q2-023-G01,1,4.056059739737194,6651.053944276595,6890.265904763971,4.306416962726004,48,239.21196048737602
C019-H100,Q2-023-G01,2,4.056059739737194,7239.5875600374075,7474.022272765272,4.306416962726004,47,234.43471272786428
C019-H200,Q2-002-G01,1,4.03512271818532,749.796787516276,824.796787516276,0.03553952620194423,15,75.0
C019-H200,Q2-002-G01,2,4.03512271818532,1490.5091778292267,1560.5091778292267,0.07294371482184658,14,70.0
C019-H200,Q2-003-G01,1,4.03512271818532,738.3506103515625,758.3506103515625,0.057571074735676575,4,20.0
C019-H200,Q2-003-G01,2,4.03512271818532,1111.7381147191898,1136.7381147191898,0.003757578716161447,5,25.0
C019-H200,Q2-004-G01,1,4.03512271818532,859.6521899414063,1439.9469909600548,12.536488378532809,118,580.2948010186485
C019-H200,Q2-006-G01,1,4.03512271818532,2313.5763096218043,2513.5763096218043,0.028853915338615366,40,200.0
C019-H200,Q2-006-G01,2,4.03512271818532,2989.209949282858,3189.209949282858,0.04457839989005663,40,200.0
C019-H200,Q2-007-G01,1,4.03512271818532,746.1726928710938,996.1726928710938,0.028853915338615366,50,250.0
C019-H200,Q2-007-G01,2,4.03512271818532,1361.041828323875,1606.041828323875,0.06182565443877763,49,245.0
C019-H200,Q2-011-G01,1,4.03512271818532,4319.5196097147345,4925.829871874042,5.5655038830664125,124,606.3102621593071
C019-H200,Q2-013-G01,1,4.03512271818532,4465.430301278538,4769.032511133426,2.009972565548935,61,303.6022098548883
C019-H200,Q2-013-G01,2,4.03512271818532,5147.361945337528,5436.025492700809,2.0107902903404664,58,288.6635473632814
C019-H200,Q2-015-G01,1,4.03512271818532,4600.530620632572,4884.742581119948,4.301321223060313,57,284.211960487376
C019-H200,Q2-015-G01,2,4.03512271818532,5179.064236393385,5453.498949121249,4.301481003838575,55,274.4347127278643
C019-H200,Q2-016-G01,1,4.03512271818532,6255.441445068504,6499.75454169773,0.6910463970533272,49,244.31309662922558
C019-H200,Q2-016-G01,2,4.03512271818532,6935.724124827612,7163.699791331518,0.691822491215845,46,227.9756665039058
C019-H200,Q2-018-G01,1,4.03512271818532,5311.153889455241,5903.132214248026,9.525697807865711,120,591.9783247927844
C019-H200,Q2-019-G01,1,4.03512271818532,7073.518240789452,7660.170847116662,1.2100893203763405,120,586.6526063272104
C019-H200,Q2-020-G01,1,4.03512271818532,1990.600882530999,2330.8658331402185,4.301321223060313,69,340.26495060921957
C019-H200,Q2-020-G01,2,4.03512271818532,2565.1874884136564,2894.622201141521,4.301481003838575,66,329.43471272786473
C019-H200,Q2-021-G01,1,4.03512271818532,2020.600882530999,2360.8658331402185,4.301321223060313,69,340.26495060921957
C019-H200,Q2-021-G01,2,4.03512271818532,2625.1874884136564,2954.622201141521,4.301481003838575,66,329.43471272786473
C019-H200,Q2-022-G01,1,4.03512271818532,2789.3727454533678,3039.3727454533678,0.028853915338615366,50,250.0
C019-H200,Q2-022-G01,2,4.03512271818532,3404.241880906149,3649.241880906149,0.06182565443877763,49,245.0
C019-H200,Q2-023-G01,1,4.03512271818532,6651.053944276595,6935.265904763971,4.301321223060313,57,284.211960487376
C019-H200,Q2-023-G01,2,4.03512271818532,7199.5875600374075,7474.022272765272,4.301481003838575,55,274.4347127278643
C019-H300,Q2-002-G01,1,4.008722147722551,749.796787516276,824.796787516276,0.031221428713436694,15,75.0
C019-H300,Q2-002-G01,2,4.008722147722551,1490.5091778292267,1560.5091778292267,0.06858828525503213,14,70.0
C019-H300,Q2-003-G01,1,4.008722147722551,738.3506103515625,758.3506103515625,0.05246312962725597,4,20.0
C019-H300,Q2-003-G01,2,4.008722147722551,1116.7381147191898,1136.7381147191898,0.08062881106729947,4,20.0
C019-H300,Q2-004-G01,1,4.008722147722551,859.6521899414063,1439.9469909600548,12.429830616507886,118,580.2948010186485
C019-H300,Q2-006-G01,1,4.008722147722551,2313.5763096218043,2513.5763096218043,0.021968851651593013,40,200.0
C019-H300,Q2-006-G01,2,4.008722147722551,2989.209949282858,3189.209949282858,0.03766838215109658,40,200.0
C019-H300,Q2-007-G01,1,4.008722147722551,746.1726928710938,996.1726928710938,0.021968851651593013,50,250.0
C019-H300,Q2-007-G01,2,4.008722147722551,1361.041828323875,1606.041828323875,0.054888162146312425,49,245.0
C019-H300,Q2-011-G01,1,4.008722147722551,4319.5196097147345,4925.829871874042,5.5317315636936115,124,606.3102621593071
C019-H300,Q2-013-G01,1,4.008722147722551,4465.430301278538,4769.032511133426,1.9982846396556653,61,303.6022098548883
C019-H300,Q2-013-G01,2,4.008722147722551,5142.361945337528,5436.025492700809,1.9977234374176476,59,293.6635473632814
C019-H300,Q2-015-G01,1,4.008722147722551,4600.530620632572,4904.742581119948,4.280471783150105,61,304.211960487376
C019-H300,Q2-015-G01,2,4.008722147722551,5164.064236393385,5453.498949121249,4.2816844223128925,58,289.4347127278643
C019-H300,Q2-016-G01,1,4.008722147722551,6255.441445068504,6499.75454169773,0.6819172490862684,49,244.31309662922558
C019-H300,Q2-016-G01,2,4.008722147722551,6930.724124827612,7163.699791331518,0.6816625225153672,47,232.9756665039058
C019-H300,Q2-018-G01,1,4.008722147722551,5311.153889455241,5903.132214248026,9.496767479797484,120,591.9783247927844
C019-H300,Q2-019-G01,1,4.008722147722551,7073.518240789452,7660.170847116662,1.198689159384429,120,586.6526063272104
C019-H300,Q2-020-G01,1,4.008722147722551,1990.600882530999,2350.8658331402185,4.280471783150105,73,360.26495060921957
C019-H300,Q2-020-G01,2,4.008722147722551,2550.1874884136564,2894.622201141521,4.2816844223128925,69,344.43471272786473
C019-H300,Q2-021-G01,1,4.008722147722551,2020.600882530999,2380.8658331402185,4.280471783150105,73,360.26495060921957
C019-H300,Q2-021-G01,2,4.008722147722551,2610.1874884136564,2954.622201141521,4.2816844223128925,69,344.43471272786473
C019-H300,Q2-022-G01,1,4.008722147722551,2789.3727454533678,3039.3727454533678,0.021968851651593013,50,250.0
C019-H300,Q2-022-G01,2,4.008722147722551,3404.241880906149,3649.241880906149,0.054888162146312425,49,245.0
C019-H300,Q2-023-G01,1,4.008722147722551,6651.053944276595,6955.265904763971,4.280471783150105,61,304.211960487376
C019-H300,Q2-023-G01,2,4.008722147722551,7184.5875600374075,7474.022272765272,4.2816844223128925,58,289.4347127278643
C020-H100,Q2-002-G01,1,4.0974046488940985,749.796787516276,824.796787516276,0.07720361876454263,15,75.0
C020-H100,Q2-002-G01,2,4.0974046488940985,1485.5091778292267,1560.5091778292267,0.033151480537654265,15,75.0
C020-H100,Q2-003-G01,1,4.0974046488940985,738.3506103515625,763.3506103515625,0.017638751151054066,5,25.0
C020-H100,Q2-003-G01,2,4.0974046488940985,1111.7381147191898,1136.7381147191898,0.045869606533841534,5,25.0
C020-H100,Q2-004-G01,1,4.0974046488940985,859.6521899414063,1439.9469909600548,12.455413491977964,118,580.2948010186485
C020-H100,Q2-006-G01,1,4.0974046488940985,2313.5763096218043,2513.5763096218043,0.06666992319048859,40,200.0
C020-H100,Q2-006-G01,2,4.0974046488940985,2989.209949282858,3189.209949282858,0.08249859494389966,40,200.0
C020-H100,Q2-007-G01,1,4.0974046488940985,746.1726928710938,996.1726928710938,0.06666992319048859,50,250.0
C020-H100,Q2-007-G01,2,4.0974046488940985,1356.041828323875,1606.041828323875,0.03052532026930521,50,250.0
C020-H100,Q2-011-G01,1,4.0974046488940985,4319.5196097147345,4411.560072069354,5.653007794396672,19,92.0404623546192
C020-H100,Q2-011-G01,2,4.0974046488940985,4843.265516405291,4925.829871874042,5.652258293663024,17,82.56435546875036
C020-H100,Q2-013-G01,1,4.0974046488940985,4465.430301278538,4650.430301278538,4.147821713852693,37,185.0
C020-H100,Q2-013-G01,2,4.0974046488940985,5256.025492700809,5436.025492700809,4.1893539508863,36,180.0
C020-H100,Q2-015-G01,1,4.0974046488940985,4600.530620632572,4839.742581119948,4.242606017969763,48,239.21196048737602
C020-H100,Q2-015-G01,2,4.0974046488940985,5219.064236393385,5453.498949121249,4.242606017969763,47,234.43471272786428
C020-H100,Q2-016-G01,1,4.0974046488940985,6255.441445068504,6489.75454169773,0.7231743632001724,47,234.31309662922558
C020-H100,Q2-016-G01,2,4.0974046488940985,6940.724124827612,7163.699791331518,0.7232953050304332,45,222.9756665039058
C020-H100,Q2-018-G01,1,4.0974046488940985,5311.153889455241,5441.153889455241,0.12797443319503543,26,130.0
C020-H100,Q2-018-G01,2,4.0974046488940985,5773.132214248026,5903.132214248026,0.0864202509195735,26,130.0
C020-H100,Q2-019-G01,1,4.0974046488940985,7073.518240789452,7220.264825998498,1.2609695679452955,30,146.74658520904632
C020-H100,Q2-019-G01,2,4.0974046488940985,7519.879282175256,7660.170847116662,1.2609205619399688,29,140.29156494140625
C020-H100,Q2-020-G01,1,4.0974046488940985,1990.600882530999,2285.8658331402185,4.242606017969763,60,295.26495060921957
C020-H100,Q2-020-G01,2,4.0974046488940985,2605.1874884136564,2894.622201141521,4.242606017969763,58,289.43471272786473
C020-H100,Q2-021-G01,1,4.0974046488940985,2020.600882530999,2315.8658331402185,4.242606017969763,60,295.26495060921957
C020-H100,Q2-021-G01,2,4.0974046488940985,2665.1874884136564,2954.622201141521,4.242606017969763,58,289.43471272786473
C020-H100,Q2-022-G01,1,4.0974046488940985,2789.3727454533678,3039.3727454533678,0.06666992319048859,50,250.0
C020-H100,Q2-022-G01,2,4.0974046488940985,3399.241880906149,3649.241880906149,0.03052532026930521,50,250.0
C020-H100,Q2-023-G01,1,4.0974046488940985,6651.053944276595,6890.265904763971,4.242606017969763,48,239.21196048737602
C020-H100,Q2-023-G01,2,4.0974046488940985,7239.5875600374075,7474.022272765272,4.242606017969763,47,234.43471272786428
C020-H200,Q2-002-G01,1,4.076298983523486,749.796787516276,824.796787516276,0.07510346926152067,15,75.0
C020-H200,Q2-002-G01,2,4.076298983523486,1485.5091778292267,1560.5091778292267,0.031072520900352174,15,75.0
C020-H200,Q2-003-G01,1,4.076298983523486,738.3506103515625,763.3506103515625,0.014805935132031323,5,25.0
C020-H200,Q2-003-G01,2,4.076298983523486,1111.7381147191898,1136.7381147191898,0.04301832217544188,5,25.0
C020-H200,Q2-004-G01,1,4.076298983523486,859.6521899414063,1439.9469909600548,12.389041139650843,118,580.2948010186485
C020-H200,Q2-006-G01,1,4.076298983523486,2313.5763096218043,2513.5763096218043,0.061977429465372325,40,200.0
C020-H200,Q2-006-G01,2,4.076298983523486,2989.209949282858,3189.209949282858,0.07778897663295936,40,200.0
C020-H200,Q2-007-G01,1,4.076298983523486,746.1726928710938,996.1726928710938,0.061977429465372325,50,250.0
C020-H200,Q2-007-G01,2,4.076298983523486,1356.041828323875,1606.041828323875,0.02587169740966999,50,250.0
C020-H200,Q2-011-G01,1,4.076298983523486,4319.5196097147345,4925.829871874042,5.618151149229817,124,606.3102621593071
C020-H200,Q2-013-G01,1,4.076298983523486,4465.430301278538,4769.032511133426,2.0171114550472993,61,303.6022098548883
C020-H200,Q2-013-G01,2,4.076298983523486,5147.361945337528,5436.025492700809,2.0179289081313527,58,288.6635473632814
C020-H200,Q2-015-G01,1,4.076298983523486,4600.530620632572,4879.742581119948,4.2387824535087475,56,279.211960487376
C020-H200,Q2-015-G01,2,4.076298983523486,5184.064236393385,5453.498949121249,4.239136953167446,54,269.4347127278643
C020-H200,Q2-016-G01,1,4.076298983523486,6255.441445068504,6499.75454169773,0.7155948360902755,49,244.31309662922558
C020-H200,Q2-016-G01,2,4.076298983523486,6935.724124827612,7163.699791331518,0.7163738845175089,46,227.9756665039058
C020-H200,Q2-018-G01,1,4.076298983523486,5311.153889455241,5903.132214248026,9.44873069252003,120,591.9783247927844
C020-H200,Q2-019-G01,1,4.076298983523486,7073.518240789452,7660.170847116662,1.2514862086021878,120,586.6526063272104
C020-H200,Q2-020-G01,1,4.076298983523486,1990.600882530999,2325.8658331402185,4.2387824535087475,68,335.26495060921957
C020-H200,Q2-020-G01,2,4.076298983523486,2570.1874884136564,2894.622201141521,4.239136953167431,65,324.43471272786473
C020-H200,Q2-021-G01,1,4.076298983523486,2020.600882530999,2355.8658331402185,4.2387824535087475,68,335.26495060921957
C020-H200,Q2-021-G01,2,4.076298983523486,2630.1874884136564,2954.622201141521,4.239136953167431,65,324.43471272786473
C020-H200,Q2-022-G01,1,4.076298983523486,2789.3727454533678,3039.3727454533678,0.061977429465372325,50,250.0
C020-H200,Q2-022-G01,2,4.076298983523486,3399.241880906149,3649.241880906149,0.02587169740966999,50,250.0
C020-H200,Q2-023-G01,1,4.076298983523486,6651.053944276595,6930.265904763971,4.2387824535087475,56,279.211960487376
C020-H200,Q2-023-G01,2,4.076298983523486,7204.5875600374075,7474.022272765272,4.239136953167446,54,269.4347127278643
C020-H300,Q2-002-G01,1,4.04967863600011,749.796787516276,824.796787516276,0.07075825643283906,15,75.0
C020-H300,Q2-002-G01,2,4.04967863600011,1485.5091778292267,1560.5091778292267,0.026771117747756534,15,75.0
C020-H300,Q2-003-G01,1,4.04967863600011,738.3506103515625,763.3506103515625,0.009760221640448208,5,25.0
C020-H300,Q2-003-G01,2,4.04967863600011,1111.7381147191898,1136.7381147191898,0.03793974353625629,5,25.0
C020-H300,Q2-004-G01,1,4.04967863600011,859.6521899414063,1439.9469909600548,12.286108009555676,118,580.2948010186485
C020-H300,Q2-006-G01,1,4.04967863600011,2313.5763096218043,2513.5763096218043,0.05505203236864986,40,200.0
C020-H300,Q2-006-G01,2,4.04967863600011,2989.209949282858,3189.209949282858,0.07083834019189794,40,200.0
C020-H300,Q2-007-G01,1,4.04967863600011,746.1726928710938,996.1726928710938,0.05505203236864986,50,250.0
C020-H300,Q2-007-G01,2,4.04967863600011,1356.041828323875,1606.041828323875,0.01900359167257193,50,250.0
C020-H300,Q2-011-G01,1,4.04967863600011,4319.5196097147345,4925.829871874042,5.584012618427707,124,606.3102621593071
C020-H300,Q2-013-G01,1,4.04967863600011,4465.430301278538,4769.032511133426,2.005423658110061,61,303.6022098548883
C020-H300,Q2-013-G01,2,4.04967863600011,5142.361945337528,5436.025492700809,2.0048623365213842,59,293.6635473632814
C020-H300,Q2-015-G01,1,4.04967863600011,4600.530620632572,4899.742581119948,4.219372917628348,60,299.211960487376
C020-H300,Q2-015-G01,2,4.04967863600011,5164.064236393385,5453.498949121249,4.218359761047864,58,289.4347127278643
C020-H300,Q2-016-G01,1,4.04967863600011,6255.441445068504,6499.75454169773,0.7064283281337396,49,244.31309662922558
C020-H300,Q2-016-G01,2,4.04967863600011,6930.724124827612,7163.699791331518,0.7061725094999929,47,232.9756665039058
C020-H300,Q2-018-G01,1,4.04967863600011,5311.153889455241,5903.132214248026,9.420413501428143,120,591.9783247927844
C020-H300,Q2-019-G01,1,4.04967863600011,7073.518240789452,7660.170847116662,1.2399932140641,120,586.6526063272104
C020-H300,Q2-020-G01,1,4.04967863600011,1990.600882530999,2345.8658331402185,4.219372917628348,72,355.26495060921957
C020-H300,Q2-020-G01,2,4.04967863600011,2550.1874884136564,2894.622201141521,4.218359761047864,69,344.43471272786473
C020-H300,Q2-021-G01,1,4.04967863600011,2020.600882530999,2375.8658331402185,4.219372917628348,72,355.26495060921957
C020-H300,Q2-021-G01,2,4.04967863600011,2610.1874884136564,2954.622201141521,4.218359761047864,69,344.43471272786473
C020-H300,Q2-022-G01,1,4.04967863600011,2789.3727454533678,3039.3727454533678,0.05505203236864986,50,250.0
C020-H300,Q2-022-G01,2,4.04967863600011,3399.241880906149,3649.241880906149,0.01900359167257193,50,250.0
C020-H300,Q2-023-G01,1,4.04967863600011,6651.053944276595,6950.265904763971,4.219372917628348,60,299.211960487376
C020-H300,Q2-023-G01,2,4.04967863600011,7184.5875600374075,7474.022272765272,4.218359761047864,58,289.4347127278643
C021-H100,Q2-002-G01,1,6.28243228542064,749.796787516276,982.4962452934196,2.483813713614694,47,232.6994577771436
C021-H100,Q2-002-G01,2,6.28243228542064,1330.5091778292267,1560.5091778292267,2.483813713614694,46,230.0
C021-H100,Q2-003-G01,1,6.28243228542064,738.3506103515625,1136.7381147191898,6.683479956337919,81,398.38750436762723
C021-H100,Q2-004-G01,1,6.28243228542064,859.6521899414063,926.9495635918905,1.6443010251110906,14,67.29737365048425
C021-H100,Q2-004-G01,2,6.28243228542064,1378.6148010186484,1439.9469909600548,1.6443010251110906,13,61.33218994140634
C021-H100,Q2-005-G01,1,6.28243228542064,2253.6871872834317,2322.6535125999103,4.552996736642967,14,68.96632531647856
C021-H100,Q2-005-G01,2,6.28243228542064,2606.2681268577226,2674.2803054058995,4.552996736642967,14,68.01217854817696
C021-H100,Q2-006-G01,1,6.28243228542064,2313.5763096218043,2567.6636785309047,3.1265693126697016,51,254.0873689091004
C021-H100,Q2-006-G01,2,6.28243228542064,2937.5227178375453,3189.209949282858,3.1265693126697016,51,251.6872314453126
C021-H100,Q2-007-G01,1,6.28243228542064,746.1726928710938,1053.781904007469,3.1265693126697016,62,307.60921113637517
C021-H100,Q2-007-G01,2,6.28243228542064,1300.4691354527813,1606.041828323875,3.1265693126697016,62,305.57269287109375
C021-H100,Q2-008-G01,1,6.28243228542064,2742.246055039964,2812.246055039964,2.291877957917521,14,70.0
C021-H100,Q2-008-G01,2,6.28243228542064,3283.2183179815956,3348.2183179815956,2.3723977095725672,13,65.0
C021-H100,Q2-011-G01,1,6.28243228542064,4319.5196097147345,4386.560072069354,6.583687098285694,14,67.0404623546192
C021-H100,Q2-011-G01,2,6.28243228542064,4863.265516405291,4925.829871874042,6.583687098285694,13,62.564355468750364
C021-H100,Q2-013-G01,1,6.28243228542064,4465.430301278538,4744.032511133426,0.41366370478233705,56,278.6022098548883
C021-H100,Q2-013-G01,2,6.28243228542064,5162.361945337528,5436.025492700809,0.41366370478233705,55,273.6635473632814
C021-H100,Q2-015-G01,1,6.28243228542064,4600.530620632572,4720.530620632572,0.015123866496182359,24,120.0
C021-H100,Q2-015-G01,2,6.28243228542064,5333.498949121249,5453.498949121249,0.029457803003083427,24,120.0
C021-H100,Q2-016-G01,1,6.28243228542064,6255.441445068504,6380.441445068504,3.5886821743076354,25,125.0
C021-H100,Q2-016-G01,2,6.28243228542064,7038.699791331518,7163.699791331518,3.6096433597298017,25,125.0
C021-H100,Q2-018-G01,1,6.28243228542064,5311.153889455241,5386.153889455241,2.5270200952550965,15,75.0
C021-H100,Q2-018-G01,2,6.28243228542064,5828.132214248026,5903.132214248026,2.513047662719714,15,75.0
C021-H100,Q2-019-G01,1,6.28243228542064,7073.518240789452,7220.264825998498,7.4310909681056785,30,146.74658520904632
C021-H100,Q2-019-G01,2,6.28243228542064,7519.879282175256,7660.170847116662,7.4310909681056785,29,140.29156494140625
C021-H100,Q2-020-G01,1,6.28243228542064,1990.600882530999,2140.600882530999,0.015123866496182359,30,150.00000000000023
C021-H100,Q2-020-G01,2,6.28243228542064,2744.622201141521,2894.622201141521,0.011271221160740197,30,150.0
C021-H100,Q2-021-G01,1,6.28243228542064,2020.600882530999,2170.600882530999,0.015123866496182359,30,150.00000000000023
C021-H100,Q2-021-G01,2,6.28243228542064,2804.622201141521,2954.622201141521,0.011271221160740197,30,150.0
C021-H100,Q2-022-G01,1,6.28243228542064,2789.3727454533678,3096.981956589743,3.1265693126697016,62,307.60921113637505
C021-H100,Q2-022-G01,2,6.28243228542064,3343.6691880350554,3649.241880906149,3.1265693126697016,62,305.57269287109375
C021-H100,Q2-023-G01,1,6.28243228542064,6651.053944276595,6771.053944276595,0.015123866496182359,24,120.0
C021-H100,Q2-023-G01,2,6.28243228542064,7354.022272765272,7474.022272765272,0.029457803003083427,24,120.0
C021-H200,Q2-002-G01,1,6.26792355705318,749.796787516276,992.4962452934196,2.488691437436259,49,242.6994577771436
C021-H200,Q2-002-G01,2,6.26792355705318,1321.4123903129507,1560.5091778292267,2.488691437436259,48,239.09678751627598
C021-H200,Q2-003-G01,1,6.26792355705318,738.3506103515625,1136.7381147191898,6.6927766195207,81,398.38750436762723
C021-H200,Q2-004-G01,1,6.26792355705318,859.6521899414063,946.9495635918905,1.6507350311051567,18,87.29737365048425
C021-H200,Q2-004-G01,2,6.26792355705318,1363.6148010186484,1439.9469909600548,1.6507350311051567,16,76.33218994140634
C021-H200,Q2-005-G01,1,6.26792355705318,2253.6871872834317,2332.6535125999103,4.561393898753991,16,78.96632531647856
C021-H200,Q2-005-G01,2,6.26792355705318,2601.2681268577226,2674.2803054058995,4.561393898753991,15,73.01217854817696
C021-H200,Q2-006-G01,1,6.26792355705318,2313.5763096218043,2577.6636785309047,3.12502155434467,53,264.0873689091004
C021-H200,Q2-006-G01,2,6.26792355705318,2932.5227178375453,3189.209949282858,3.1252797463989594,52,256.6872314453126
C021-H200,Q2-007-G01,1,6.26792355705318,746.1726928710938,1058.781904007469,3.1254585456150465,63,312.60921113637517
C021-H200,Q2-007-G01,2,6.26792355705318,1295.4691354527813,1606.041828323875,3.1249419135543093,63,310.57269287109375
C021-H200,Q2-008-G01,1,6.26792355705318,2742.246055039964,2817.246055039964,2.1933895067013225,15,75.0
C021-H200,Q2-008-G01,2,6.26792355705318,3278.2183179815956,3348.2183179815956,2.273636201117597,14,70.0
C021-H200,Q2-011-G01,1,6.26792355705318,4319.5196097147345,4925.829871874042,6.573959454658052,124,606.3102621593071
C021-H200,Q2-013-G01,1,6.26792355705318,4465.430301278538,4754.032511133426,0.41512273361153973,58,288.6022098548883
C021-H200,Q2-013-G01,2,6.26792355705318,5157.361945337528,5436.025492700809,0.4151497848977783,56,278.6635473632814
C021-H200,Q2-015-G01,1,6.26792355705318,4600.530620632572,4720.530620632572,0.020875405430999194,24,120.0
C021-H200,Q2-015-G01,2,6.26792355705318,5333.498949121249,5453.498949121249,0.03522836895389503,24,120.0
C021-H200,Q2-016-G01,1,6.26792355705318,6255.441445068504,6449.75454169773,2.069905641164624,39,194.31309662922558
C021-H200,Q2-016-G01,2,6.26792355705318,6975.724124827612,7163.699791331518,2.069905641164624,38,187.9756665039058
C021-H200,Q2-018-G01,1,6.26792355705318,5311.153889455241,5406.153889455241,2.0951841481181503,19,95.0
C021-H200,Q2-018-G01,2,6.26792355705318,5808.132214248026,5903.132214248026,2.081528255140327,19,95.0
C021-H200,Q2-019-G01,1,6.26792355705318,7073.518240789452,7660.170847116662,7.422930813977715,120,586.6526063272104
C021-H200,Q2-020-G01,1,6.26792355705318,1990.600882530999,2140.600882530999,0.020875405430999194,30,150.00000000000023
C021-H200,Q2-020-G01,2,6.26792355705318,2744.622201141521,2894.622201141521,0.017017656767123412,30,150.0
C021-H200,Q2-021-G01,1,6.26792355705318,2020.600882530999,2170.600882530999,0.020875405430999194,30,150.00000000000023
C021-H200,Q2-021-G01,2,6.26792355705318,2804.622201141521,2954.622201141521,0.017017656767123412,30,150.0
C021-H200,Q2-022-G01,1,6.26792355705318,2789.3727454533678,3101.981956589743,3.1254585456150465,63,312.60921113637505
C021-H200,Q2-022-G01,2,6.26792355705318,3338.6691880350554,3649.241880906149,3.1249419135543093,63,310.57269287109375
C021-H200,Q2-023-G01,1,6.26792355705318,6651.053944276595,6771.053944276595,0.020875405430999194,24,120.0
C021-H200,Q2-023-G01,2,6.26792355705318,7354.022272765272,7474.022272765272,0.03522836895389503,24,120.0
C021-H300,Q2-002-G01,1,16.244149542658562,749.796787516276,1007.4962452934196,2.488265054435658,52,257.6994577771436
C021-H300,Q2-002-G01,2,16.244149542658562,1311.4123903129507,1560.5091778292267,2.4884392518890905,50,249.09678751627598
C021-H300,Q2-003-G01,1,16.244149542658562,738.3506103515625,1136.7381147191898,6.6883682768123265,81,398.38750436762723
C021-H300,Q2-004-G01,1,16.244149542658562,859.6521899414063,966.9495635918905,1.6532840676949832,22,107.29737365048425
C021-H300,Q2-004-G01,2,16.244149542658562,1348.6148010186484,1439.9469909600548,1.6533271753118584,19,91.33218994140634
C021-H300,Q2-005-G01,1,16.244149542658562,2253.6871872834317,2337.6535125999103,4.561583693079484,17,83.96632531647856
C021-H300,Q2-005-G01,2,16.244149542658562,2596.2681268577226,2674.2803054058995,4.561985484907609,16,78.01217854817696
C021-H300,Q2-006-G01,1,16.244149542658562,2313.5763096218043,2577.6636785309047,3.118162102819028,53,264.0873689091004
C021-H300,Q2-006-G01,2,16.244149542658562,2927.5227178375453,3189.209949282858,3.117539317751252,53,261.6872314453126
C021-H300,Q2-007-G01,1,16.244149542658562,746.1726928710938,1063.781904007469,3.1179327233595444,64,317.60921113637517
C021-H300,Q2-007-G01,2,16.244149542658562,1295.4691354527813,1606.041828323875,3.1180047689774852,63,310.57269287109375
C021-H300,Q2-008-G01,1,16.244149542658562,2742.246055039964,2817.246055039964,2.1997275563767857,15,75.0
C021-H300,Q2-008-G01,2,16.244149542658562,2827.246055039964,2848.5528476039913,1.6379567411515978,5,21.30679256402709
C021-H300,Q2-008-G01,3,16.244149542658562,3243.3703769008666,3263.2183179815956,1.6379567411515978,4,19.847941080729015
C021-H300,Q2-008-G01,4,16.244149542658562,3278.2183179815956,3348.2183179815956,2.2800925385638635,14,70.0
C021-H300,Q2-011-G01,1,16.244149542658562,4319.5196097147345,4925.829871874042,6.553177379201742,124,606.3102621593071
C021-H300,Q2-013-G01,1,16.244149542658562,4465.430301278538,4754.032511133426,0.41305757514186325,58,288.6022098548883
C021-H300,Q2-013-G01,2,16.244149542658562,5157.361945337528,5436.025492700809,0.4131657924170895,56,278.6635473632814
C021-H300,Q2-015-G01,1,16.244149542658562,4600.530620632572,4720.530620632572,0.024412340825705314,24,120.0
C021-H300,Q2-015-G01,2,16.244149542658562,5333.498949121249,5453.498949121249,0.03877701765995312,24,120.0
C021-H300,Q2-016-G01,1,16.244149542658562,6255.441445068504,6484.75454169773,2.0660433291564573,46,229.31309662922558
C021-H300,Q2-016-G01,2,16.244149542658562,6945.724124827612,7163.699791331518,2.0663163876023845,44,217.9756665039058
C021-H300,Q2-018-G01,1,16.244149542658562,5311.153889455241,5416.153889455241,1.8840358912126618,21,105.0
C021-H300,Q2-018-G01,2,16.244149542658562,5803.132214248026,5903.132214248026,1.9786840572563449,20,100.0
C021-H300,Q2-019-G01,1,16.244149542658562,7073.518240789452,7660.170847116662,7.401923934423365,120,586.6526063272104
C021-H300,Q2-020-G01,1,16.244149542658562,1990.600882530999,2140.600882530999,0.024412340825705314,30,150.00000000000023
C021-H300,Q2-020-G01,2,16.244149542658562,2744.622201141521,2894.622201141521,0.020551450491780088,30,150.0
C021-H300,Q2-021-G01,1,16.244149542658562,2020.600882530999,2170.600882530999,0.024412340825705314,30,150.00000000000023
C021-H300,Q2-021-G01,2,16.244149542658562,2804.622201141521,2954.622201141521,0.020551450491780088,30,150.0
C021-H300,Q2-022-G01,1,16.244149542658562,2789.3727454533678,3106.981956589743,3.1179327233595444,64,317.60921113637505
C021-H300,Q2-022-G01,2,16.244149542658562,3338.6691880350554,3649.241880906149,3.1180047689774852,63,310.57269287109375
C021-H300,Q2-023-G01,1,16.244149542658562,6651.053944276595,6771.053944276595,0.024412340825705314,24,120.0
C021-H300,Q2-023-G01,2,16.244149542658562,7354.022272765272,7474.022272765272,0.03877701765995312,24,120.0
C022-H100,Q2-002-G01,1,4.039152259580462,749.796787516276,987.4962452934196,5.17084717231667,48,237.6994577771436
C022-H100,Q2-002-G01,2,4.039152259580462,1326.4123903129507,1560.5091778292267,5.17084717231667,47,234.09678751627598
C022-H100,Q2-003-G01,1,4.039152259580462,738.3506103515625,1136.7381147191898,13.580018548801988,81,398.38750436762723
C022-H100,Q2-005-G01,1,4.039152259580462,2253.6871872834317,2308.6871872834317,8.758728001357241,11,55.0
C022-H100,Q2-005-G01,2,4.039152259580462,2619.2803054058995,2674.2803054058995,8.791487235577776,11,55.0
C022-H100,Q2-006-G01,1,4.039152259580462,2313.5763096218043,2562.6636785309047,3.5990871179018455,50,249.0873689091004
C022-H100,Q2-006-G01,2,4.039152259580462,2942.5227178375453,3189.209949282858,3.599099828711047,50,246.6872314453126
C022-H100,Q2-007-G01,1,4.039152259580462,746.1726928710938,1048.781904007469,3.599163061968582,61,302.60921113637517
C022-H100,Q2-007-G01,2,4.039152259580462,1305.4691354527813,1606.041828323875,3.5990581025119184,61,300.57269287109375
C022-H100,Q2-008-G01,1,4.039152259580462,2742.246055039964,2807.246055039964,4.715688673473878,13,65.0
C022-H100,Q2-008-G01,2,4.039152259580462,3283.2183179815956,3348.2183179815956,4.687394399563928,13,65.0
C022-H100,Q2-011-G01,1,4.039152259580462,4319.5196097147345,4359.5196097147345,3.962948416961595,8,40.0
C022-H100,Q2-011-G01,2,4.039152259580462,4885.829871874042,4925.829871874042,3.9188503070657674,8,40.0
C022-H100,Q2-013-G01,1,4.039152259580462,4465.430301278538,4670.430301278538,0.046718671409479384,41,205.0
C022-H100,Q2-013-G01,2,4.039152259580462,5236.025492700809,5436.025492700809,0.0712035294888409,40,200.0
C022-H100,Q2-016-G01,1,4.039152259580462,6255.441445068504,6474.75454169773,1.2908980504551266,44,219.31309662922558
C022-H100,Q2-016-G01,2,4.039152259580462,6950.724124827612,7163.699791331518,1.2908980504551266,43,212.9756665039058
C022-H100,Q2-018-G01,1,4.039152259580462,5311.153889455241,5386.153889455241,0.01765324360663101,15,75.0
C022-H100,Q2-018-G01,2,4.039152259580462,5828.132214248026,5903.132214248026,0.007538812016164798,15,75.0
C022-H100,Q2-019-G01,1,4.039152259580462,7073.518240789452,7195.264825998498,7.9061303575057025,25,121.74658520904632
C022-H100,Q2-019-G01,2,4.039152259580462,7539.879282175256,7660.170847116662,7.906109605028604,25,120.29156494140625
C022-H100,Q2-022-G01,1,4.039152259580462,2789.3727454533678,3091.981956589743,3.599163061968582,61,302.60921113637505
C022-H100,Q2-022-G01,2,4.039152259580462,3348.6691880350554,3649.241880906149,3.5990581025119184,61,300.57269287109375
C022-H200,Q2-002-G01,1,4.02707208663773,749.796787516276,1007.4962452934196,5.174639747636945,52,257.6994577771436
C022-H200,Q2-002-G01,2,4.02707208663773,1311.4123903129507,1560.5091778292267,5.174816086155062,50,249.09678751627598
C022-H200,Q2-003-G01,1,4.02707208663773,738.3506103515625,1136.7381147191898,13.58605586657005,81,398.38750436762723
C022-H200,Q2-005-G01,1,4.02707208663773,2253.6871872834317,2312.6535125999103,8.643281044413314,12,58.96632531647856
C022-H200,Q2-005-G01,2,4.02707208663773,2611.2681268577226,2674.2803054058995,8.643281044413314,13,63.01217854817696
C022-H200,Q2-006-G01,1,4.02707208663773,2313.5763096218043,2567.6636785309047,3.594218679773917,51,254.0873689091004
C022-H200,Q2-006-G01,2,4.02707208663773,2937.5227178375453,3189.209949282858,3.5940941785662375,51,251.6872314453126
C022-H200,Q2-007-G01,1,4.02707208663773,746.1726928710938,1053.781904007469,3.594397184556911,62,307.60921113637517
C022-H200,Q2-007-G01,2,4.02707208663773,1300.4691354527813,1606.041828323875,3.593723384216972,62,305.57269287109375
C022-H200,Q2-008-G01,1,4.02707208663773,2742.246055039964,2807.246055039964,4.729570365807916,13,65.0
C022-H200,Q2-008-G01,2,4.02707208663773,2822.246055039964,2827.246055039964,4.289224850452044,1,5.0
C022-H200,Q2-008-G01,3,4.02707208663773,2842.246055039964,2843.5528476039913,3.924084598220759,1,1.3067925640270914
C022-H200,Q2-008-G01,4,4.02707208663773,3263.2183179815956,3273.2183179815956,4.260103600336947,2,10.0
C022-H200,Q2-008-G01,5,4.02707208663773,3283.2183179815956,3348.2183179815956,4.701185803392079,13,65.0
C022-H200,Q2-011-G01,1,4.02707208663773,4319.5196097147345,4381.560072069354,3.8069307229024787,13,62.040462354619194
C022-H200,Q2-011-G01,2,4.02707208663773,4868.265516405291,4925.829871874042,3.806842331281672,12,57.564355468750364
C022-H200,Q2-013-G01,1,4.02707208663773,4465.430301278538,4670.430301278538,0.04680405018777378,41,205.0
C022-H200,Q2-013-G01,2,4.02707208663773,5236.025492700809,5436.025492700809,0.07128939098383569,40,200.0
C022-H200,Q2-016-G01,1,4.02707208663773,6255.441445068504,6494.75454169773,1.2892302465401855,48,239.31309662922558
C022-H200,Q2-016-G01,2,4.02707208663773,6935.724124827612,7163.699791331518,1.289232696363456,46,227.9756665039058
C022-H200,Q2-018-G01,1,4.02707208663773,5311.153889455241,5386.153889455241,0.022270981157120673,15,75.0
C022-H200,Q2-018-G01,2,4.02707208663773,5828.132214248026,5903.132214248026,0.012145801974867254,15,75.0
C022-H200,Q2-019-G01,1,4.02707208663773,7073.518240789452,7660.170847116662,7.883451141051353,120,586.6526063272104
C022-H200,Q2-022-G01,1,4.02707208663773,2789.3727454533678,3096.981956589743,3.594397184556911,62,307.60921113637505
C022-H200,Q2-022-G01,2,4.02707208663773,3343.6691880350554,3649.241880906149,3.593723384216972,62,305.57269287109375
C022-H300,Q2-002-G01,1,14.009460474972741,749.796787516276,1027.4962452934196,5.1611175980365545,56,277.6994577771436
C022-H300,Q2-002-G01,2,14.009460474972741,1296.4123903129507,1560.5091778292267,5.162554155013723,53,264.096787516276
C022-H300,Q2-003-G01,1,14.009460474972741,738.3506103515625,1136.7381147191898,13.529900977231918,81,398.38750436762723
C022-H300,Q2-005-G01,1,14.009460474972741,2253.6871872834317,2327.6535125999103,8.632880688253778,15,73.96632531647856
C022-H300,Q2-005-G01,2,14.009460474972741,2601.2681268577226,2674.2803054058995,8.632592362067754,15,73.01217854817696
C022-H300,Q2-006-G01,1,14.009460474972741,2313.5763096218043,2572.6636785309047,3.583251159744904,52,259.0873689091004
C022-H300,Q2-006-G01,2,14.009460474972741,2932.5227178375453,3189.209949282858,3.582709716207958,52,256.6872314453126
C022-H300,Q2-007-G01,1,14.009460474972741,746.1726928710938,1058.781904007469,3.583251159744904,63,312.60921113637517
C022-H300,Q2-007-G01,2,14.009460474972741,1300.4691354527813,1606.041828323875,3.583666277098885,62,305.57269287109375
C022-H300,Q2-008-G01,1,14.009460474972741,2742.246055039964,2853.5528476039913,3.9301859224276114,23,111.30679256402709
C022-H300,Q2-008-G01,2,14.009460474972741,3243.3703769008666,3348.2183179815956,3.9301859224276114,21,104.84794108072902
C022-H300,Q2-011-G01,1,14.009460474972741,4319.5196097147345,4401.560072069354,3.793032546141063,17,82.0404623546192
C022-H300,Q2-011-G01,2,14.009460474972741,4853.265516405291,4925.829871874042,3.7931805186861425,15,72.56435546875036
C022-H300,Q2-013-G01,1,14.009460474972741,4465.430301278538,4670.430301278538,0.04465681431004498,41,205.0
C022-H300,Q2-013-G01,2,14.009460474972741,5236.025492700809,5436.025492700809,0.06913001790704243,40,200.0
C022-H300,Q2-016-G01,1,14.009460474972741,6255.441445068504,6499.75454169773,1.2830054089303786,49,244.31309662922558
C022-H300,Q2-016-G01,2,14.009460474972741,6935.724124827612,7163.699791331518,1.2837236345432785,46,227.9756665039058
C022-H300,Q2-018-G01,1,14.009460474972741,5311.153889455241,5386.153889455241,0.024671270682858903,15,75.0
C022-H300,Q2-018-G01,2,14.009460474972741,5828.132214248026,5903.132214248026,0.014540500421759361,15,75.0
C022-H300,Q2-019-G01,1,14.009460474972741,7073.518240789452,7660.170847116662,7.851848335861646,120,586.6526063272104
C022-H300,Q2-022-G01,1,14.009460474972741,2789.3727454533678,3101.981956589743,3.583251159744904,63,312.60921113637505
C022-H300,Q2-022-G01,2,14.009460474972741,3343.6691880350554,3649.241880906149,3.583666277098885,62,305.57269287109375
C023-H100,Q2-002-G01,1,4.131269717503088,749.796787516276,987.4962452934196,5.066852084783704,48,237.6994577771436
C023-H100,Q2-002-G01,2,4.131269717503088,1326.4123903129507,1560.5091778292267,5.066852084783704,47,234.09678751627598
C023-H100,Q2-003-G01,1,4.131269717503088,738.3506103515625,1136.7381147191898,13.426070088638951,81,398.38750436762723
C023-H100,Q2-005-G01,1,4.131269717503088,2253.6871872834317,2308.6871872834317,8.754606545710246,11,55.0
C023-H100,Q2-005-G01,2,4.131269717503088,2619.2803054058995,2674.2803054058995,8.788249485889608,11,55.0
C023-H100,Q2-006-G01,1,4.131269717503088,2313.5763096218043,2562.6636785309047,3.5348278922004965,50,249.0873689091004
C023-H100,Q2-006-G01,2,4.131269717503088,2942.5227178375453,3189.209949282858,3.5348425306343643,50,246.6872314453126
C023-H100,Q2-007-G01,1,4.131269717503088,746.1726928710938,1048.781904007469,3.5349162410367683,61,302.60921113637517
C023-H100,Q2-007-G01,2,4.131269717503088,1305.4691354527813,1606.041828323875,3.534794657336562,61,300.57269287109375
C023-H100,Q2-008-G01,1,4.131269717503088,2742.246055039964,2807.246055039964,4.739789747615234,13,65.0
C023-H100,Q2-008-G01,2,4.131269717503088,3283.2183179815956,3348.2183179815956,4.711001073703372,13,65.0
C023-H100,Q2-011-G01,1,4.131269717503088,4319.5196097147345,4366.560072069354,3.8152817971046176,10,47.040462354619194
C023-H100,Q2-011-G01,2,4.131269717503088,4880.829871874042,4925.829871874042,3.8152817971046176,9,45.0
C023-H100,Q2-013-G01,1,4.131269717503088,4465.430301278538,4670.430301278538,0.04569659927545899,41,205.0
C023-H100,Q2-013-G01,2,4.131269717503088,5236.025492700809,5436.025492700809,0.07028589595086032,40,200.0
C023-H100,Q2-016-G01,1,4.131269717503088,6255.441445068504,6474.75454169773,1.2631944696445316,44,219.31309662922558
C023-H100,Q2-016-G01,2,4.131269717503088,6950.724124827612,7163.699791331518,1.2631944696445316,43,212.9756665039058
C023-H100,Q2-018-G01,1,4.131269717503088,5311.153889455241,5386.153889455241,0.04932501992669813,15,75.0
C023-H100,Q2-018-G01,2,4.131269717503088,5828.132214248026,5903.132214248026,0.03912713243286703,15,75.0
C023-H100,Q2-019-G01,1,4.131269717503088,7073.518240789452,7195.264825998498,7.8199451449245885,25,121.74658520904632
C023-H100,Q2-019-G01,2,4.131269717503088,7539.879282175256,7660.170847116662,7.8199195134590695,25,120.29156494140625
C023-H100,Q2-022-G01,1,4.131269717503088,2789.3727454533678,3091.981956589743,3.5349162410367683,61,302.60921113637505
C023-H100,Q2-022-G01,2,4.131269717503088,3348.6691880350554,3649.241880906149,3.534794657336562,61,300.57269287109375
C023-H200,Q2-002-G01,1,4.1186216308774135,749.796787516276,1007.4962452934196,5.069929136416405,52,257.6994577771436
C023-H200,Q2-002-G01,2,4.1186216308774135,1311.4123903129507,1560.5091778292267,5.070121334529929,50,249.09678751627598
C023-H200,Q2-003-G01,1,4.1186216308774135,738.3506103515625,1136.7381147191898,13.428173907792228,81,398.38750436762723
C023-H200,Q2-005-G01,1,4.1186216308774135,2253.6871872834317,2317.6535125999103,8.635001324532766,13,63.96632531647856
C023-H200,Q2-005-G01,2,4.1186216308774135,2611.2681268577226,2674.2803054058995,8.635001324532766,13,63.01217854817696
C023-H200,Q2-006-G01,1,4.1186216308774135,2313.5763096218043,2567.6636785309047,3.5297338187010467,51,254.0873689091004
C023-H200,Q2-006-G01,2,4.1186216308774135,2937.5227178375453,3189.209949282858,3.5296065123440457,51,251.6872314453126
C023-H200,Q2-007-G01,1,4.1186216308774135,746.1726928710938,1053.781904007469,3.5299164448622236,62,307.60921113637517
C023-H200,Q2-007-G01,2,4.1186216308774135,1300.4691354527813,1606.041828323875,3.529227680415076,62,305.57269287109375
C023-H200,Q2-008-G01,1,4.1186216308774135,2742.246055039964,2807.246055039964,4.753390817905284,13,65.0
C023-H200,Q2-008-G01,2,4.1186216308774135,2822.246055039964,2832.246055039964,4.192878912304593,2,10.0
C023-H200,Q2-008-G01,3,4.1186216308774135,2842.246055039964,2843.5528476039913,3.936013013344933,1,1.3067925640270914
C023-H200,Q2-008-G01,4,4.1186216308774135,3263.2183179815956,3273.2183179815956,4.276496320801641,2,10.0
C023-H200,Q2-008-G01,5,4.1186216308774135,3283.2183179815956,3348.2183179815956,4.724512142953685,13,65.0
C023-H200,Q2-011-G01,1,4.1186216308774135,4319.5196097147345,4381.560072069354,3.8112911099816955,13,62.040462354619194
C023-H200,Q2-011-G01,2,4.1186216308774135,4868.265516405291,4925.829871874042,3.8111985638760757,12,57.564355468750364
C023-H200,Q2-013-G01,1,4.1186216308774135,4465.430301278538,4670.430301278538,0.04566087192186785,41,205.0
C023-H200,Q2-013-G01,2,4.1186216308774135,5236.025492700809,5436.025492700809,0.07024996573984765,40,200.0
C023-H200,Q2-016-G01,1,4.1186216308774135,6255.441445068504,6494.75454169773,1.2611848323687695,48,239.31309662922558
C023-H200,Q2-016-G01,2,4.1186216308774135,6935.724124827612,7163.699791331518,1.261187363873546,46,227.9756665039058
C023-H200,Q2-018-G01,1,4.1186216308774135,5311.153889455241,5386.153889455241,0.053855259704391756,15,75.0
C023-H200,Q2-018-G01,2,4.1186216308774135,5828.132214248026,5903.132214248026,0.04364674147537073,15,75.0
C023-H200,Q2-019-G01,1,4.1186216308774135,7073.518240789452,7660.170847116662,7.796532729091268,120,586.6526063272104
C023-H200,Q2-022-G01,1,4.1186216308774135,2789.3727454533678,3096.981956589743,3.5299164448622236,62,307.60921113637505
C023-H200,Q2-022-G01,2,4.1186216308774135,3343.6691880350554,3649.241880906149,3.529227680415076,62,305.57269287109375
C023-H300,Q2-002-G01,1,14.100327586802408,749.796787516276,1027.4962452934196,5.056152843824492,56,277.6994577771436
C023-H300,Q2-002-G01,2,14.100327586802408,1296.4123903129507,1560.5091778292267,5.057594291624525,53,264.096787516276
C023-H300,Q2-003-G01,1,14.100327586802408,738.3506103515625,1136.7381147191898,13.371406434225918,81,398.38750436762723
C023-H300,Q2-005-G01,1,14.100327586802408,2253.6871872834317,2332.6535125999103,8.62086147752322,16,78.96632531647856
C023-H300,Q2-005-G01,2,14.100327586802408,2596.2681268577226,2674.2803054058995,8.619981730011446,16,78.01217854817696
C023-H300,Q2-006-G01,1,14.100327586802408,2313.5763096218043,2577.6636785309047,3.5173255516219655,53,264.0873689091004
C023-H300,Q2-006-G01,2,14.100327586802408,2932.5227178375453,3189.209949282858,3.51808659176983,52,256.6872314453126
C023-H300,Q2-007-G01,1,14.100327586802408,746.1726928710938,1058.781904007469,3.51863140092982,63,312.60921113637517
C023-H300,Q2-007-G01,2,14.100327586802408,1300.4691354527813,1606.041828323875,3.519049229168388,62,305.57269287109375
C023-H300,Q2-008-G01,1,14.100327586802408,2742.246055039964,2853.5528476039913,3.9418341552131153,23,111.30679256402709
C023-H300,Q2-008-G01,2,14.100327586802408,3243.3703769008666,3348.2183179815956,3.9418341552131153,21,104.84794108072902
C023-H300,Q2-011-G01,1,14.100327586802408,4319.5196097147345,4401.560072069354,3.79697686335831,17,82.0404623546192
C023-H300,Q2-011-G01,2,14.100327586802408,4853.265516405291,4925.829871874042,3.7971280986462546,15,72.56435546875036
C023-H300,Q2-013-G01,1,14.100327586802408,4465.430301278538,4670.430301278538,0.043393178208759764,41,205.0
C023-H300,Q2-013-G01,2,14.100327586802408,5236.025492700809,5436.025492700809,0.06796939965360593,40,200.0
C023-H300,Q2-016-G01,1,14.100327586802408,6255.441445068504,6499.75454169773,1.2548240781230504,49,244.31309662922558
C023-H300,Q2-016-G01,2,14.100327586802408,6935.724124827612,7163.699791331518,1.255553753605767,46,227.9756665039058
C023-H300,Q2-018-G01,1,14.100327586802408,5311.153889455241,5386.153889455241,0.05615169506639006,15,75.0
C023-H300,Q2-018-G01,2,14.100327586802408,5828.132214248026,5903.132214248026,0.04593778375748059,15,75.0
C023-H300,Q2-019-G01,1,14.100327586802408,7073.518240789452,7660.170847116662,7.764837685964039,120,586.6526063272104
C023-H300,Q2-022-G01,1,14.100327586802408,2789.3727454533678,3101.981956589743,3.51863140092982,63,312.60921113637505
C023-H300,Q2-022-G01,2,14.100327586802408,3343.6691880350554,3649.241880906149,3.519049229168388,62,305.57269287109375
C024-H100,Q2-002-G01,1,7.01532533246602,749.796787516276,934.796787516276,0.03404155443828927,37,185.0
C024-H100,Q2-002-G01,2,7.01532533246602,1380.5091778292267,1560.5091778292267,0.07771381860996485,36,180.0
C024-H100,Q2-003-G01,1,7.01532533246602,738.3506103515625,1136.7381147191898,1.582483671261926,81,398.38750436762723
C024-H100,Q2-004-G01,1,7.01532533246602,859.6521899414063,889.6521899414063,7.307561034114343,6,30.0
C024-H100,Q2-004-G01,2,7.01532533246602,1409.9469909600548,1439.9469909600548,7.221206473079377,6,30.0
C024-H100,Q2-005-G01,1,7.01532533246602,2253.6871872834317,2327.6535125999103,0.5811009400157872,15,73.96632531647856
C024-H100,Q2-005-G01,2,7.01532533246602,2601.2681268577226,2674.2803054058995,0.5811009400157872,15,73.01217854817696
C024-H100,Q2-006-G01,1,7.01532533246602,2313.5763096218043,2453.5763096218043,2.9097024190747334,28,140.0
C024-H100,Q2-006-G01,2,7.01532533246602,3049.209949282858,3189.209949282858,2.93352199592708,28,140.0
C024-H100,Q2-007-G01,1,7.01532533246602,746.1726928710938,921.1726928710938,2.9097024190747334,35,175.0
C024-H100,Q2-007-G01,2,7.01532533246602,1431.041828323875,1606.041828323875,2.8554081467370906,35,175.0
C024-H100,Q2-008-G01,1,7.01532533246602,2742.246055039964,2782.246055039964,0.0012911945696316707,8,40.0
C024-H100,Q2-008-G01,2,7.01532533246602,3313.2183179815956,3348.2183179815956,0.07179658544059464,7,35.0
C024-H100,Q2-011-G01,1,7.01532533246602,4319.5196097147345,4339.5196097147345,8.21662225942461,4,20.0
C024-H100,Q2-011-G01,2,7.01532533246602,4905.829871874042,4925.829871874042,8.116410399845506,4,20.0
C024-H100,Q2-013-G01,1,7.01532533246602,4465.430301278538,4545.430301278538,7.616956254326411,16,80.0
C024-H100,Q2-013-G01,2,7.01532533246602,5361.025492700809,5436.025492700809,7.685948726844302,15,75.0
C024-H100,Q2-015-G01,1,7.01532533246602,4600.530620632572,4700.530620632572,4.662291642903028,20,100.0
C024-H100,Q2-015-G01,2,7.01532533246602,5353.498949121249,5453.498949121249,4.686872963417656,20,100.0
C024-H100,Q2-016-G01,1,7.01532533246602,6255.441445068504,6439.75454169773,1.2745713405934964,37,184.31309662922558
C024-H100,Q2-016-G01,2,7.01532533246602,6980.724124827612,7163.699791331518,1.2745713405934964,37,182.9756665039058
C024-H100,Q2-018-G01,1,7.01532533246602,5311.153889455241,5366.153889455241,8.800687163123243,11,55.0
C024-H100,Q2-018-G01,2,7.01532533246602,5853.132214248026,5903.132214248026,9.0314418796127,10,50.0
C024-H100,Q2-019-G01,1,7.01532533246602,7073.518240789452,7215.264825998498,3.223313149558294,29,141.74658520904632
C024-H100,Q2-019-G01,2,7.01532533246602,7524.879282175256,7660.170847116662,3.223332815869483,28,135.29156494140625
C024-H100,Q2-020-G01,1,7.01532533246602,1990.600882530999,2115.600882530999,4.662291642903028,25,125.00000000000023
C024-H100,Q2-020-G01,2,7.01532533246602,2769.622201141521,2894.622201141521,4.655688249063417,25,125.0
C024-H100,Q2-021-G01,1,7.01532533246602,2020.600882530999,2145.600882530999,4.662291642903028,25,125.00000000000023
C024-H100,Q2-021-G01,2,7.01532533246602,2829.622201141521,2954.622201141521,4.655688249063417,25,125.0
C024-H100,Q2-022-G01,1,7.01532533246602,2789.3727454533678,2964.3727454533678,2.9097024190747334,35,175.0
C024-H100,Q2-022-G01,2,7.01532533246602,3474.241880906149,3649.241880906149,2.8554081467370906,35,175.0
C024-H100,Q2-023-G01,1,7.01532533246602,6651.053944276595,6751.053944276595,4.662291642903028,20,100.0
C024-H100,Q2-023-G01,2,7.01532533246602,7374.022272765272,7474.022272765272,4.686872963417656,20,100.0
C024-H200,Q2-002-G01,1,6.995332778827333,749.796787516276,934.796787516276,0.03624749984064124,37,185.0
C024-H200,Q2-002-G01,2,6.995332778827333,1380.5091778292267,1560.5091778292267,0.07994206443098051,36,180.0
C024-H200,Q2-003-G01,1,6.995332778827333,738.3506103515625,1136.7381147191898,1.5844661965512046,81,398.38750436762723
C024-H200,Q2-004-G01,1,6.995332778827333,859.6521899414063,951.9495635918905,6.867934765961465,19,92.29737365048425
C024-H200,Q2-004-G01,2,6.995332778827333,1363.6148010186484,1439.9469909600548,6.867934765961465,16,76.33218994140634
C024-H200,Q2-005-G01,1,6.995332778827333,2253.6871872834317,2327.6535125999103,0.5838190656103706,15,73.96632531647856
C024-H200,Q2-005-G01,2,6.995332778827333,2601.2681268577226,2674.2803054058995,0.5838190656103706,15,73.01217854817696
C024-H200,Q2-006-G01,1,6.995332778827333,2313.5763096218043,2562.6636785309047,0.6975275606656766,50,249.0873689091004
C024-H200,Q2-006-G01,2,6.995332778827333,2942.5227178375453,3189.209949282858,0.6975471213029039,50,246.6872314453126
C024-H200,Q2-007-G01,1,6.995332778827333,746.1726928710938,1048.781904007469,0.6976499071472091,61,302.60921113637517
C024-H200,Q2-007-G01,2,6.995332778827333,1310.4691354527813,1606.041828323875,0.6978382988533838,60,295.57269287109375
C024-H200,Q2-008-G01,1,6.995332778827333,2742.246055039964,2782.246055039964,0.006764080741092471,8,40.0
C024-H200,Q2-008-G01,2,6.995332778827333,3313.2183179815956,3348.2183179815956,0.07735910351611608,7,35.0
C024-H200,Q2-011-G01,1,6.995332778827333,4319.5196097147345,4416.560072069354,6.9504861088483665,20,97.0404623546192
C024-H200,Q2-011-G01,2,6.995332778827333,4838.265516405291,4925.829871874042,6.949399620106831,18,87.56435546875036
C024-H200,Q2-013-G01,1,6.995332778827333,4465.430301278538,4739.032511133426,1.3926835933977344,55,273.6022098548883
C024-H200,Q2-013-G01,2,6.995332778827333,5172.361945337528,5436.025492700809,1.3927663160342547,53,263.6635473632814
C024-H200,Q2-015-G01,1,6.995332778827333,4600.530620632572,4824.742581119948,1.3459523400606201,45,224.21196048737602
C024-H200,Q2-015-G01,2,6.995332778827333,5228.498949121249,5453.498949121249,1.3459523400606201,45,225.0
C024-H200,Q2-016-G01,1,6.995332778827333,6255.441445068504,6484.75454169773,1.2757682345374235,46,229.31309662922558
C024-H200,Q2-016-G01,2,6.995332778827333,6940.724124827612,7163.699791331518,1.2755840995965002,45,222.9756665039058
C024-H200,Q2-018-G01,1,6.995332778827333,5311.153889455241,5371.153889455241,8.581466437184133,12,60.0
C024-H200,Q2-018-G01,2,6.995332778827333,5843.132214248026,5903.132214248026,8.549349404022834,12,60.0
C024-H200,Q2-019-G01,1,6.995332778827333,7073.518240789452,7660.170847116662,3.2183735673200857,120,586.6526063272104
C024-H200,Q2-020-G01,1,6.995332778827333,1990.600882530999,2270.8658331402185,1.3459523400606201,57,280.26495060921957
C024-H200,Q2-020-G01,2,6.995332778827333,2614.622201141521,2894.622201141521,1.3459523400606201,56,280.0
C024-H200,Q2-021-G01,1,6.995332778827333,2020.600882530999,2300.8658331402185,1.3459523400606201,57,280.26495060921957
C024-H200,Q2-021-G01,2,6.995332778827333,2674.622201141521,2954.622201141521,1.3459523400606201,56,280.0
C024-H200,Q2-022-G01,1,6.995332778827333,2789.3727454533678,3091.981956589743,0.6976499071472091,61,302.60921113637505
C024-H200,Q2-022-G01,2,6.995332778827333,3353.6691880350554,3649.241880906149,0.6978382988533838,60,295.57269287109375
C024-H200,Q2-023-G01,1,6.995332778827333,6651.053944276595,6875.265904763971,1.3459523400606201,45,224.21196048737602
C024-H200,Q2-023-G01,2,6.995332778827333,7249.022272765272,7474.022272765272,1.3459523400606201,45,225.0
C024-H300,Q2-002-G01,1,16.96443595661013,749.796787516276,934.796787516276,0.03622628082732149,37,185.0
C024-H300,Q2-002-G01,2,16.96443595661013,1380.5091778292267,1560.5091778292267,0.07992063085517032,36,180.0
C024-H300,Q2-003-G01,1,16.96443595661013,738.3506103515625,1136.7381147191898,1.5820377395494063,81,398.38750436762723
C024-H300,Q2-004-G01,1,16.96443595661013,859.6521899414063,976.9495635918905,6.867609232751789,24,117.29737365048425
C024-H300,Q2-004-G01,2,16.96443595661013,1343.6148010186484,1439.9469909600548,6.868807177202484,20,96.33218994140634
C024-H300,Q2-005-G01,1,16.96443595661013,2253.6871872834317,2332.6535125999103,0.5831593084867279,16,78.96632531647856
C024-H300,Q2-005-G01,2,16.96443595661013,2596.2681268577226,2674.2803054058995,0.5830630050413959,16,78.01217854817696
C024-H300,Q2-006-G01,1,16.96443595661013,2313.5763096218043,2582.6636785309047,0.6914731009564008,54,269.0873689091004
C024-H300,Q2-006-G01,2,16.96443595661013,2927.5227178375453,3189.209949282858,0.6916730547817735,53,261.6872314453126
C024-H300,Q2-007-G01,1,16.96443595661013,746.1726928710938,1068.781904007469,0.6911631262335334,65,322.60921113637517
C024-H300,Q2-007-G01,2,16.96443595661013,1290.4691354527813,1606.041828323875,0.6910551242922622,64,315.57269287109375
C024-H300,Q2-008-G01,1,16.96443595661013,2742.246055039964,2782.246055039964,0.010028991270473853,8,40.0
C024-H300,Q2-008-G01,2,16.96443595661013,3313.2183179815956,3348.2183179815956,0.08067753964255076,7,35.0
C024-H300,Q2-011-G01,1,16.96443595661013,4319.5196097147345,4925.829871874042,6.919333623485215,124,606.3102621593071
C024-H300,Q2-013-G01,1,16.96443595661013,4465.430301278538,4754.032511133426,1.388906217592691,58,288.6022098548883
C024-H300,Q2-013-G01,2,16.96443595661013,5152.361945337528,5436.025492700809,1.388446387807278,57,283.6635473632814
C024-H300,Q2-015-G01,1,16.96443595661013,4600.530620632572,4849.742581119948,1.3499828865978998,50,249.21196048737602
C024-H300,Q2-015-G01,2,16.96443595661013,5209.064236393385,5453.498949121249,1.3499828865978998,49,244.43471272786428
C024-H300,Q2-016-G01,1,16.96443595661013,6255.441445068504,6489.75454169773,1.2713759702325547,47,234.31309662922558
C024-H300,Q2-016-G01,2,16.96443595661013,6940.724124827612,7163.699791331518,1.2715189017161492,45,222.9756665039058
C024-H300,Q2-018-G01,1,16.96443595661013,5311.153889455241,5431.153889455241,5.9010288964684605,24,120.0
C024-H300,Q2-018-G01,2,16.96443595661013,5783.132214248026,5903.132214248026,5.876450320984901,24,120.0
C024-H300,Q2-019-G01,1,16.96443595661013,7073.518240789452,7660.170847116662,3.209203452903182,120,586.6526063272104
C024-H300,Q2-020-G01,1,16.96443595661013,1990.600882530999,2295.8658331402185,1.3499828865978998,62,305.26495060921957
C024-H300,Q2-020-G01,2,16.96443595661013,2595.1874884136564,2894.622201141521,1.3499828865978998,60,299.43471272786473
C024-H300,Q2-021-G01,1,16.96443595661013,2020.600882530999,2325.8658331402185,1.3499828865978998,62,305.26495060921957
C024-H300,Q2-021-G01,2,16.96443595661013,2655.1874884136564,2954.622201141521,1.3499828865978998,60,299.43471272786473
C024-H300,Q2-022-G01,1,16.96443595661013,2789.3727454533678,3111.981956589743,0.6911631262335334,65,322.60921113637505
C024-H300,Q2-022-G01,2,16.96443595661013,3333.6691880350554,3649.241880906149,0.6910551242922622,64,315.57269287109375
C024-H300,Q2-023-G01,1,16.96443595661013,6651.053944276595,6900.265904763971,1.3499828865978998,50,249.21196048737602
C024-H300,Q2-023-G01,2,16.96443595661013,7229.5875600374075,7474.022272765272,1.3499828865978998,49,244.43471272786428
C025-H100,Q2-002-G01,1,2.2510525848996963,749.796787516276,1017.4962452934196,6.776293986653599,54,267.6994577771436
C025-H100,Q2-002-G01,2,2.2510525848996963,1301.4123903129507,1560.5091778292267,6.776312670745483,52,259.096787516276
C025-H100,Q2-003-G01,1,2.2510525848996963,738.3506103515625,1136.7381147191898,16.326597587773847,81,398.38750436762723
C025-H100,Q2-005-G01,1,2.2510525848996963,2253.6871872834317,2674.2803054058995,3.1899299114259776,85,420.5931181224678
C025-H100,Q2-006-G01,1,2.2510525848996963,2313.5763096218043,2567.6636785309047,2.7835184697327975,51,254.0873689091004
C025-H100,Q2-006-G01,2,2.2510525848996963,2937.5227178375453,3189.209949282858,2.783407453199615,51,251.6872314453126
C025-H100,Q2-007-G01,1,2.2510525848996963,746.1726928710938,1053.781904007469,2.783677805291177,62,307.60921113637517
C025-H100,Q2-007-G01,2,2.2510525848996963,1305.4691354527813,1606.041828323875,2.7840362920947967,61,300.57269287109375
C025-H100,Q2-008-G01,1,2.2510525848996963,2742.246055039964,2802.246055039964,6.731337035853926,12,60.0
C025-H100,Q2-008-G01,2,2.2510525848996963,2827.246055039964,2868.5528476039913,6.049244648181002,9,41.30679256402709
C025-H100,Q2-008-G01,3,2.2510525848996963,3228.3703769008666,3268.2183179815956,6.049244648181002,8,39.847941080729015
C025-H100,Q2-008-G01,4,2.2510525848996963,3293.2183179815956,3348.2183179815956,6.778167203122678,11,55.0
C025-H100,Q2-011-G01,1,2.2510525848996963,4319.5196097147345,4386.560072069354,1.6064143440702594,14,67.0404623546192
C025-H100,Q2-011-G01,2,2.2510525848996963,4868.265516405291,4925.829871874042,1.6067817134381386,12,57.564355468750364
C025-H100,Q2-013-G01,1,2.2510525848996963,4465.430301278538,4570.430301278538,0.02803737849136212,21,105.0
C025-H100,Q2-013-G01,2,2.2510525848996963,5336.025492700809,5436.025492700809,0.04774803350591128,20,100.0
C025-H100,Q2-016-G01,1,2.2510525848996963,6255.441445068504,6499.75454169773,0.095957739277722,49,244.31309662922558
C025-H100,Q2-016-G01,2,2.2510525848996963,6930.724124827612,7163.699791331518,0.09587101454125957,47,232.9756665039058
C025-H100,Q2-019-G01,1,2.2510525848996963,7073.518240789452,7220.264825998498,5.790083694570242,30,146.74658520904632
C025-H100,Q2-019-G01,2,2.2510525848996963,7519.879282175256,7660.170847116662,5.7899727814454565,29,140.29156494140625
C025-H100,Q2-022-G01,1,2.2510525848996963,2789.3727454533678,3096.981956589743,2.783677805291177,62,307.60921113637505
C025-H100,Q2-022-G01,2,2.2510525848996963,3348.6691880350554,3649.241880906149,2.7840362920947967,61,300.57269287109375
C025-H200,Q2-002-G01,1,12.238948138932017,749.796787516276,1560.5091778292267,6.748697123880106,163,810.7123903129507
C025-H200,Q2-003-G01,1,12.238948138932017,738.3506103515625,1136.7381147191898,16.24981992766655,81,398.38750436762723
C025-H200,Q2-005-G01,1,12.238948138932017,2253.6871872834317,2674.2803054058995,3.133725282110518,85,420.5931181224678
C025-H200,Q2-006-G01,1,12.238948138932017,2313.5763096218043,2572.6636785309047,2.7739236407020655,52,259.0873689091004
C025-H200,Q2-006-G01,2,12.238948138932017,2932.5227178375453,3189.209949282858,2.7734553498915204,52,256.6872314453126
C025-H200,Q2-007-G01,1,12.238948138932017,746.1726928710938,1058.781904007469,2.7739236407020655,63,312.60921113637517
C025-H200,Q2-007-G01,2,12.238948138932017,1300.4691354527813,1606.041828323875,2.7742828841222007,62,305.57269287109375
C025-H200,Q2-008-G01,1,12.238948138932017,2742.246055039964,2883.5528476039913,6.058247077655068,29,141.3067925640271
C025-H200,Q2-008-G01,2,12.238948138932017,3213.3703769008666,3348.2183179815956,6.058137811805693,27,134.84794108072902
C025-H200,Q2-011-G01,1,12.238948138932017,4319.5196097147345,4396.560072069354,1.5988212535689712,16,77.0404623546192
C025-H200,Q2-011-G01,2,12.238948138932017,4853.265516405291,4925.829871874042,1.5980746093070621,15,72.56435546875036
C025-H200,Q2-013-G01,1,12.238948138932017,4465.430301278538,4570.430301278538,0.025661408880836234,21,105.0
C025-H200,Q2-013-G01,2,12.238948138932017,5336.025492700809,5436.025492700809,0.04536125890962239,20,100.0
C025-H200,Q2-016-G01,1,12.238948138932017,6255.441445068504,6504.75454169773,0.0907136773070647,50,249.31309662922558
C025-H200,Q2-016-G01,2,12.238948138932017,6930.724124827612,7163.699791331518,0.09116129291928132,47,232.9756665039058
C025-H200,Q2-019-G01,1,12.238948138932017,7073.518240789452,7660.170847116662,5.767575366726263,120,586.6526063272104
C025-H200,Q2-022-G01,1,12.238948138932017,2789.3727454533678,3101.981956589743,2.7739236407020655,63,312.60921113637505
C025-H200,Q2-022-G01,2,12.238948138932017,3343.6691880350554,3649.241880906149,2.7742828841222007,62,305.57269287109375
C025-H300,Q2-002-G01,1,12.22318976733844,749.796787516276,1560.5091778292267,6.718016101647507,163,810.7123903129507
C025-H300,Q2-003-G01,1,12.22318976733844,738.3506103515625,1136.7381147191898,16.083774333781648,81,398.38750436762723
C025-H300,Q2-005-G01,1,12.22318976733844,2253.6871872834317,2674.2803054058995,3.0335882570542765,85,420.5931181224678
C025-H300,Q2-006-G01,1,12.22318976733844,2313.5763096218043,2582.6636785309047,2.7577239411016876,54,269.0873689091004
C025-H300,Q2-006-G01,2,12.22318976733844,2927.5227178375453,3189.209949282858,2.7582460429542834,53,261.6872314453126
C025-H300,Q2-007-G01,1,12.22318976733844,746.1726928710938,1063.781904007469,2.7589105689223885,64,317.60921113637517
C025-H300,Q2-007-G01,2,12.22318976733844,1295.4691354527813,1606.041828323875,2.759032950657712,63,310.57269287109375
C025-H300,Q2-008-G01,1,12.22318976733844,2742.246055039964,2898.5528476039913,6.043948860749907,32,156.3067925640271
C025-H300,Q2-008-G01,2,12.22318976733844,3203.3703769008666,3348.2183179815956,6.0444345698326885,29,144.84794108072902
C025-H300,Q2-011-G01,1,12.22318976733844,4319.5196097147345,4411.560072069354,1.5854355726518463,19,92.0404623546192
C025-H300,Q2-011-G01,2,12.22318976733844,4843.265516405291,4925.829871874042,1.5849501903862517,17,82.56435546875036
C025-H300,Q2-013-G01,1,12.22318976733844,4465.430301278538,4570.430301278538,0.02106621972912137,21,105.0
C025-H300,Q2-013-G01,2,12.22318976733844,5336.025492700809,5436.025492700809,0.04074518946515582,20,100.0
C025-H300,Q2-016-G01,1,12.22318976733844,6255.441445068504,6504.75454169773,0.08358644554328976,50,249.31309662922558
C025-H300,Q2-016-G01,2,12.22318976733844,6925.724124827612,7163.699791331518,0.08317636221131863,48,237.9756665039058
C025-H300,Q2-019-G01,1,12.22318976733844,7073.518240789452,7660.170847116662,5.738954571075041,120,586.6526063272104
C025-H300,Q2-022-G01,1,12.22318976733844,2789.3727454533678,3106.981956589743,2.7589105689223885,64,317.60921113637505
C025-H300,Q2-022-G01,2,12.22318976733844,3338.6691880350554,3649.241880906149,2.759032950657712,63,310.57269287109375
C026-H100,Q2-004-G01,1,2.8289409727403836,859.6521899414063,1439.9469909600548,20.019444429989804,118,580.2948010186485
C026-H100,Q2-015-G01,1,2.8289409727403836,4600.530620632572,5453.498949121249,7.1505490736656725,171,852.9683284886769
C026-H100,Q2-018-G01,1,2.8289409727403836,5311.153889455241,5486.77942697589,8.949909439319953,36,175.62553752064832
C026-H100,Q2-018-G01,2,2.8289409727403836,5735.699129124328,5903.132214248026,8.949909439319953,34,167.43308512369822
C026-H100,Q2-020-G01,1,2.8289409727403836,1990.600882530999,2894.622201141521,7.1505490736656725,182,904.0213186105223
C026-H100,Q2-021-G01,1,2.8289409727403836,2020.600882530999,2954.622201141521,7.1505490736656725,188,934.0213186105223
C026-H100,Q2-023-G01,1,2.8289409727403836,6651.053944276595,7474.022272765272,7.1505490736656725,165,822.9683284886769
C026-H200,Q2-004-G01,1,2.815548368062281,859.6521899414063,1439.9469909600548,20.103714453108452,118,580.2948010186485
C026-H200,Q2-006-G01,1,2.815548368062281,2313.5763096218043,2388.5763096218043,0.0017141234967823493,15,75.0
C026-H200,Q2-006-G01,2,2.815548368062281,3114.209949282858,3189.209949282858,0.014983409651705415,15,75.0
C026-H200,Q2-007-G01,1,2.815548368062281,746.1726928710938,836.1726928710938,0.04532895816862492,18,90.0
C026-H200,Q2-007-G01,2,2.815548368062281,1516.041828323875,1606.041828323875,0.014983409651705415,18,90.0
C026-H200,Q2-011-G01,1,2.815548368062281,4319.5196097147345,4344.5196097147345,2.8750602041990163,5,25.0
C026-H200,Q2-011-G01,2,2.815548368062281,4900.829871874042,4925.829871874042,2.8427740918506714,5,25.0
C026-H200,Q2-013-G01,1,2.815548368062281,4465.430301278538,4490.430301278538,4.98281622195023,5,25.0
C026-H200,Q2-013-G01,2,2.815548368062281,5416.025492700809,5436.025492700809,5.0026272375218355,4,20.0
C026-H200,Q2-015-G01,1,2.815548368062281,4600.530620632572,5453.498949121249,7.145337897464046,171,852.9683284886769
C026-H200,Q2-016-G01,1,2.815548368062281,6255.441445068504,6355.441445068504,0.1445892378027338,20,100.0
C026-H200,Q2-016-G01,2,2.815548368062281,7063.699791331518,7163.699791331518,0.1554400737986441,20,100.0
C026-H200,Q2-018-G01,1,2.815548368062281,5311.153889455241,5903.132214248026,8.96861121148838,120,591.9783247927844
C026-H200,Q2-019-G01,1,2.815548368062281,7073.518240789452,7133.518240789452,0.05366738224341816,12,60.0
C026-H200,Q2-019-G01,2,2.815548368062281,7600.170847116662,7660.170847116662,0.024952100860005544,12,60.0
C026-H200,Q2-020-G01,1,2.815548368062281,1990.600882530999,2894.622201141521,7.145337897464046,182,904.0213186105223
C026-H200,Q2-021-G01,1,2.815548368062281,2020.600882530999,2954.622201141521,7.145337897464046,188,934.0213186105223
C026-H200,Q2-022-G01,1,2.815548368062281,2789.3727454533678,2879.3727454533678,0.04532895816862492,18,90.0
C026-H200,Q2-022-G01,2,2.815548368062281,3559.241880906149,3649.241880906149,0.014983409651705415,18,90.0
C026-H200,Q2-023-G01,1,2.815548368062281,6651.053944276595,7474.022272765272,7.145337897464046,165,822.9683284886769
C026-H300,Q2-004-G01,1,12.797987286089153,859.6521899414063,1439.9469909600548,19.964792920823,118,580.2948010186485
C026-H300,Q2-006-G01,1,12.797987286089153,2313.5763096218043,2383.5763096218043,0.06871575794328066,14,70.0
C026-H300,Q2-006-G01,2,12.797987286089153,3114.209949282858,3189.209949282858,0.009378324970640506,15,75.0
C026-H300,Q2-007-G01,1,12.797987286089153,746.1726928710938,836.1726928710938,0.0396845973446176,18,90.0
C026-H300,Q2-007-G01,2,12.797987286089153,1516.041828323875,1606.041828323875,0.009378324970640506,18,90.0
C026-H300,Q2-011-G01,1,12.797987286089153,4319.5196097147345,4406.560072069354,2.499110247577846,18,87.0404623546192
C026-H300,Q2-011-G01,2,12.797987286089153,4848.265516405291,4925.829871874042,2.498906032686179,16,77.56435546875036
C026-H300,Q2-013-G01,1,12.797987286089153,4465.430301278538,4530.430301278538,4.3261075216572635,13,65.0
C026-H300,Q2-013-G01,2,12.797987286089153,5376.025492700809,5436.025492700809,4.350695160829503,12,60.0
C026-H300,Q2-015-G01,1,12.797987286089153,4600.530620632572,5453.498949121249,7.119571387638487,171,852.9683284886769
C026-H300,Q2-016-G01,1,12.797987286089153,6255.441445068504,6360.441445068504,0.06197328586391393,21,105.0
C026-H300,Q2-016-G01,2,12.797987286089153,7058.699791331518,7163.699791331518,0.07279300018903712,21,105.0
C026-H300,Q2-018-G01,1,12.797987286089153,5311.153889455241,5903.132214248026,8.954516094503063,120,591.9783247927844
C026-H300,Q2-019-G01,1,12.797987286089153,7073.518240789452,7133.518240789452,0.04761036333695756,12,60.0
C026-H300,Q2-019-G01,2,12.797987286089153,7600.170847116662,7660.170847116662,0.01893497083882778,12,60.0
C026-H300,Q2-020-G01,1,12.797987286089153,1990.600882530999,2894.622201141521,7.119571387638487,182,904.0213186105223
C026-H300,Q2-021-G01,1,12.797987286089153,2020.600882530999,2954.622201141521,7.119571387638487,188,934.0213186105223
C026-H300,Q2-022-G01,1,12.797987286089153,2789.3727454533678,2879.3727454533678,0.0396845973446176,18,90.0
C026-H300,Q2-022-G01,2,12.797987286089153,3559.241880906149,3649.241880906149,0.009378324970640506,18,90.0
C026-H300,Q2-023-G01,1,12.797987286089153,6651.053944276595,7474.022272765272,7.119571387638487,165,822.9683284886769
C027-H100,Q2-002-G01,1,4.089871351755278,749.796787516276,939.796787516276,6.268022332215537,38,190.0
C027-H100,Q2-002-G01,2,4.089871351755278,1375.5091778292267,1560.5091778292267,6.363086592003853,37,185.0
C027-H100,Q2-003-G01,1,4.089871351755278,738.3506103515625,1136.7381147191898,16.48257048473471,81,398.38750436762723
C027-H100,Q2-005-G01,1,4.089871351755278,2253.6871872834317,2674.2803054058995,2.2712456397845386,85,420.5931181224678
C027-H100,Q2-006-G01,1,4.089871351755278,2313.5763096218043,2557.6636785309047,2.2371046127439627,49,244.0873689091004
C027-H100,Q2-006-G01,2,4.089871351755278,2947.5227178375453,3189.209949282858,2.2371847280933252,49,241.6872314453126
C027-H100,Q2-007-G01,1,4.089871351755278,746.1726928710938,1048.781904007469,2.236974903958753,61,302.60921113637517
C027-H100,Q2-007-G01,2,4.089871351755278,1310.4691354527813,1606.041828323875,2.2371847280933252,60,295.57269287109375
C027-H100,Q2-008-G01,1,4.089871351755278,2742.246055039964,2807.246055039964,6.9685392095817065,13,65.0
C027-H100,Q2-008-G01,2,4.089871351755278,3288.2183179815956,3348.2183179815956,7.070020684031348,12,60.0
C027-H100,Q2-011-G01,1,4.089871351755278,4319.5196097147345,4376.560072069354,2.2264994222658743,12,57.040462354619194
C027-H100,Q2-011-G01,2,4.089871351755278,4873.265516405291,4925.829871874042,2.226520280375013,11,52.564355468750364
C027-H100,Q2-013-G01,1,4.089871351755278,4465.430301278538,4605.430301278538,0.030551949570195802,28,140.0
C027-H100,Q2-013-G01,2,4.089871351755278,5301.025492700809,5436.025492700809,0.053983377333281624,27,135.0
C027-H100,Q2-016-G01,1,4.089871351755278,6255.441445068504,6489.75454169773,0.07173106740317792,47,234.31309662922558
C027-H100,Q2-016-G01,2,4.089871351755278,6940.724124827612,7163.699791331518,0.07177095718142823,45,222.9756665039058
C027-H100,Q2-018-G01,1,4.089871351755278,5311.153889455241,5336.153889455241,0.002664586300568317,5,25.0
C027-H100,Q2-018-G01,2,4.089871351755278,5883.132214248026,5903.132214248026,0.0744210126369893,4,20.0
C027-H100,Q2-019-G01,1,4.089871351755278,7073.518240789452,7210.264825998498,5.579248571417722,28,136.74658520904632
C027-H100,Q2-019-G01,2,4.089871351755278,7529.879282175256,7660.170847116662,5.57956740769248,27,130.29156494140625
C027-H100,Q2-022-G01,1,4.089871351755278,2789.3727454533678,3091.981956589743,2.236974903958753,61,302.60921113637505
C027-H100,Q2-022-G01,2,4.089871351755278,3353.6691880350554,3649.241880906149,2.2371847280933252,60,295.57269287109375
C027-H200,Q2-002-G01,1,14.0751002269933,749.796787516276,997.4962452934196,4.659028125238166,50,247.6994577771436
C027-H200,Q2-002-G01,2,14.0751002269933,1321.4123903129507,1560.5091778292267,4.659451335860382,48,239.09678751627598
C027-H200,Q2-003-G01,1,14.0751002269933,738.3506103515625,1136.7381147191898,16.432059606248103,81,398.38750436762723
C027-H200,Q2-005-G01,1,14.0751002269933,2253.6871872834317,2674.2803054058995,2.258368196731439,85,420.5931181224678
C027-H200,Q2-006-G01,1,14.0751002269933,2313.5763096218043,2567.6636785309047,2.2314437418622077,51,254.0873689091004
C027-H200,Q2-006-G01,2,14.0751002269933,2937.5227178375453,3189.209949282858,2.2313241333984735,51,251.6872314453126
C027-H200,Q2-007-G01,1,14.0751002269933,746.1726928710938,1053.781904007469,2.2316158444231746,62,307.60921113637517
C027-H200,Q2-007-G01,2,14.0751002269933,1305.4691354527813,1606.041828323875,2.2320050607107476,61,300.57269287109375
C027-H200,Q2-008-G01,1,14.0751002269933,2742.246055039964,2807.246055039964,6.9868990015692845,13,65.0
C027-H200,Q2-008-G01,2,14.0751002269933,2822.246055039964,2832.246055039964,6.277239210735715,2,10.0
C027-H200,Q2-008-G01,3,14.0751002269933,2842.246055039964,2843.5528476039913,5.950450412348758,1,1.3067925640270914
C027-H200,Q2-008-G01,4,14.0751002269933,3258.2183179815956,3273.2183179815956,6.239555038059876,3,15.0
C027-H200,Q2-008-G01,5,14.0751002269933,3283.2183179815956,3348.2183179815956,6.950597846291856,13,65.0
C027-H200,Q2-011-G01,1,14.0751002269933,4319.5196097147345,4391.560072069354,2.2208702222076795,15,72.0404623546192
C027-H200,Q2-011-G01,2,14.0751002269933,4858.265516405291,4925.829871874042,2.2204317356094663,14,67.56435546875036
C027-H200,Q2-013-G01,1,14.0751002269933,4465.430301278538,4605.430301278538,0.029632886166155004,28,140.0
C027-H200,Q2-013-G01,2,14.0751002269933,5301.025492700809,5436.025492700809,0.05305934244790933,27,135.0
C027-H200,Q2-016-G01,1,14.0751002269933,6255.441445068504,6494.75454169773,0.06862826361536634,48,239.31309662922558
C027-H200,Q2-016-G01,2,14.0751002269933,6935.724124827612,7163.699791331518,0.06863072948667082,46,227.9756665039058
C027-H200,Q2-018-G01,1,14.0751002269933,5311.153889455241,5336.153889455241,0.006267669249353958,5,25.0
C027-H200,Q2-018-G01,2,14.0751002269933,5883.132214248026,5903.132214248026,0.07808414747586312,4,20.0
C027-H200,Q2-019-G01,1,14.0751002269933,7073.518240789452,7660.170847116662,5.562025663436302,120,586.6526063272104
C027-H200,Q2-022-G01,1,14.0751002269933,2789.3727454533678,3096.981956589743,2.2316158444231746,62,307.60921113637505
C027-H200,Q2-022-G01,2,14.0751002269933,3348.6691880350554,3649.241880906149,2.2320050607107476,61,300.57269287109375
C027-H300,Q2-002-G01,1,14.054755841971627,749.796787516276,1027.4962452934196,4.6413436853166985,56,277.6994577771436
C027-H300,Q2-002-G01,2,14.054755841971627,1291.4123903129507,1560.5091778292267,4.640583653495412,54,269.096787516276
C027-H300,Q2-003-G01,1,14.054755841971627,738.3506103515625,1136.7381147191898,16.281988954674006,81,398.38750436762723
C027-H300,Q2-005-G01,1,14.054755841971627,2253.6871872834317,2674.2803054058995,12.200315536142824,85,420.5931181224678
C027-H300,Q2-006-G01,1,14.054755841971627,2313.5763096218043,2572.6636785309047,2.221597495754949,52,259.0873689091004
C027-H300,Q2-006-G01,2,14.054755841971627,2932.5227178375453,3189.209949282858,2.221131622857115,52,256.6872314453126
C027-H300,Q2-007-G01,1,14.054755841971627,746.1726928710938,1058.781904007469,2.221597495754949,63,312.60921113637517
C027-H300,Q2-007-G01,2,14.054755841971627,1300.4691354527813,1606.041828323875,2.2219554725867425,62,305.57269287109375
C027-H300,Q2-008-G01,1,14.054755841971627,2742.246055039964,2858.5528476039913,5.956183581106757,24,116.30679256402709
C027-H300,Q2-008-G01,2,14.054755841971627,3238.3703769008666,3348.2183179815956,5.956251469790388,22,109.84794108072902
C027-H300,Q2-011-G01,1,14.054755841971627,4319.5196097147345,4406.560072069354,2.2090347903663314,18,87.0404623546192
C027-H300,Q2-011-G01,2,14.054755841971627,4848.265516405291,4925.829871874042,2.208872459252248,16,77.56435546875036
C027-H300,Q2-013-G01,1,14.054755841971627,4465.430301278538,4605.430301278538,0.026490722566634872,28,140.0
C027-H300,Q2-013-G01,2,14.054755841971627,5301.025492700809,5436.025492700809,0.049900189959316776,27,135.0
C027-H300,Q2-016-G01,1,14.054755841971627,6255.441445068504,6499.75454169773,0.06281474074631888,49,244.31309662922558
C027-H300,Q2-016-G01,2,14.054755841971627,6930.724124827612,7163.699791331518,0.06265518347969135,47,232.9756665039058
C027-H300,Q2-018-G01,1,14.054755841971627,5311.153889455241,5336.153889455241,0.007660070901195581,5,25.0
C027-H300,Q2-018-G01,2,14.054755841971627,5883.132214248026,5903.132214248026,0.07949976959086769,4,20.0
C027-H300,Q2-019-G01,1,14.054755841971627,7073.518240789452,7660.170847116662,5.539907982307895,120,586.6526063272104
C027-H300,Q2-022-G01,1,14.054755841971627,2789.3727454533678,3101.981956589743,2.221597495754949,63,312.60921113637505
C027-H300,Q2-022-G01,2,14.054755841971627,3343.6691880350554,3649.241880906149,2.2219554725867425,62,305.57269287109375
C028-H100,Q2-004-G01,1,4.0418547812168555,859.6521899414063,1439.9469909600548,19.951452148108416,118,580.2948010186485
C028-H100,Q2-006-G01,1,4.0418547812168555,2313.5763096218043,2413.5763096218043,0.07658509610057251,20,100.0
C028-H100,Q2-006-G01,2,4.0418547812168555,3084.209949282858,3189.209949282858,0.009831671307196643,21,105.0
C028-H100,Q2-007-G01,1,4.0418547812168555,746.1726928710938,876.1726928710938,0.011256575569831284,26,130.0
C028-H100,Q2-007-G01,2,4.0418547812168555,1481.041828323875,1606.041828323875,0.042471513550765394,25,125.0
C028-H100,Q2-011-G01,1,4.0418547812168555,4319.5196097147345,4401.560072069354,2.827133954250712,17,82.0404623546192
C028-H100,Q2-011-G01,2,4.0418547812168555,4853.265516405291,4925.829871874042,2.8272447438497608,15,72.56435546875036
C028-H100,Q2-013-G01,1,4.0418547812168555,4465.430301278538,4535.430301278538,4.469360954557345,14,70.0
C028-H100,Q2-013-G01,2,4.0418547812168555,5371.025492700809,5436.025492700809,4.501197845810552,13,65.0
C028-H100,Q2-015-G01,1,4.0418547812168555,4600.530620632572,5453.498949121249,5.448585937371902,171,852.9683284886769
C028-H100,Q2-016-G01,1,4.0418547812168555,6255.441445068504,6370.441445068504,0.08354492574716232,23,115.0
C028-H100,Q2-016-G01,2,4.0418547812168555,7043.699791331518,7163.699791331518,0.009519599436146109,24,120.0
C028-H100,Q2-018-G01,1,4.0418547812168555,5311.153889455241,5903.132214248026,7.63699827750861,120,591.9783247927844
C028-H100,Q2-019-G01,1,4.0418547812168555,7073.518240789452,7168.518240789452,0.0023637662730067177,19,95.0
C028-H100,Q2-019-G01,2,4.0418547812168555,7570.170847116662,7660.170847116662,0.05400871267758589,18,90.0
C028-H100,Q2-020-G01,1,4.0418547812168555,1990.600882530999,2894.622201141521,5.448585937371902,182,904.0213186105223
C028-H100,Q2-021-G01,1,4.0418547812168555,2020.600882530999,2954.622201141521,5.448585937371902,188,934.0213186105223
C028-H100,Q2-022-G01,1,4.0418547812168555,2789.3727454533678,2919.3727454533678,0.011256575569831284,26,130.0
C028-H100,Q2-022-G01,2,4.0418547812168555,3524.241880906149,3649.241880906149,0.042471513550765394,25,125.0
C028-H100,Q2-023-G01,1,4.0418547812168555,6651.053944276595,7474.022272765272,5.448585937371902,165,822.9683284886769
C028-H200,Q2-004-G01,1,14.019533827440384,859.6521899414063,1439.9469909600548,19.53791165558721,118,580.2948010186485
C028-H200,Q2-006-G01,1,14.019533827440384,2313.5763096218043,2413.5763096218043,0.07128451951108161,20,100.0
C028-H200,Q2-006-G01,2,14.019533827440384,3084.209949282858,3189.209949282858,0.004611895952393752,21,105.0
C028-H200,Q2-007-G01,1,14.019533827440384,746.1726928710938,876.1726928710938,0.006035088374176212,26,130.0
C028-H200,Q2-007-G01,2,14.019533827440384,1481.041828323875,1606.041828323875,0.037212384490004524,25,125.0
C028-H200,Q2-011-G01,1,14.019533827440384,4319.5196097147345,4416.560072069354,2.810333082587732,20,97.0404623546192
C028-H200,Q2-011-G01,2,14.019533827440384,4838.265516405291,4925.829871874042,2.8093217691420307,18,87.56435546875036
C028-H200,Q2-013-G01,1,14.019533827440384,4465.430301278538,4625.430301278538,2.4157331584668356,32,160.0
C028-H200,Q2-013-G01,2,14.019533827440384,5281.025492700809,5436.025492700809,2.4465177017840176,31,155.0
C028-H200,Q2-015-G01,1,14.019533827440384,4600.530620632572,5453.498949121249,5.432457177348255,171,852.9683284886769
C028-H200,Q2-016-G01,1,14.019533827440384,6255.441445068504,6370.441445068504,0.0801937181832244,23,115.0
C028-H200,Q2-016-G01,2,14.019533827440384,7043.699791331518,7163.699791331518,0.006225007538006366,24,120.0
C028-H200,Q2-018-G01,1,14.019533827440384,5311.153889455241,5903.132214248026,7.6309441161429845,120,591.9783247927844
C028-H200,Q2-019-G01,1,14.019533827440384,7073.518240789452,7163.518240789452,0.07831347813541356,18,90.0
C028-H200,Q2-019-G01,2,14.019533827440384,7570.170847116662,7660.170847116662,0.048333717922204755,18,90.0
C028-H200,Q2-020-G01,1,14.019533827440384,1990.600882530999,2894.622201141521,5.432457177348255,182,904.0213186105223
C028-H200,Q2-021-G01,1,14.019533827440384,2020.600882530999,2954.622201141521,5.432457177348255,188,934.0213186105223
C028-H200,Q2-022-G01,1,14.019533827440384,2789.3727454533678,2919.3727454533678,0.006035088374176212,26,130.0
C028-H200,Q2-022-G01,2,14.019533827440384,3524.241880906149,3649.241880906149,0.037212384490004524,25,125.0
C028-H200,Q2-023-G01,1,14.019533827440384,6651.053944276595,7474.022272765272,5.432457177348255,165,822.9683284886769
C028-H300,Q2-004-G01,1,13.991784678306459,859.6521899414063,1439.9469909600548,18.98197773385455,118,580.2948010186485
C028-H300,Q2-006-G01,1,13.991784678306459,2313.5763096218043,2413.5763096218043,0.06374794957764607,20,100.0
C028-H300,Q2-006-G01,2,13.991784678306459,3089.209949282858,3189.209949282858,0.07863393817217457,20,100.0
C028-H300,Q2-007-G01,1,13.991784678306459,746.1726928710938,871.1726928710938,0.06374794957764607,25,125.0
C028-H300,Q2-007-G01,2,13.991784678306459,1481.041828323875,1606.041828323875,0.029734659946569764,25,125.0
C028-H300,Q2-011-G01,1,13.991784678306459,4319.5196097147345,4426.560072069354,2.788579733126639,22,107.0404623546192
C028-H300,Q2-011-G01,2,13.991784678306459,4833.265516405291,4925.829871874042,2.7888038639407426,19,92.56435546875036
C028-H300,Q2-013-G01,1,13.991784678306459,4465.430301278538,4720.430301278538,0.4458341564106263,51,255.0
C028-H300,Q2-013-G01,2,13.991784678306459,5186.025492700809,5436.025492700809,0.4727215436553962,50,250.0
C028-H300,Q2-015-G01,1,13.991784678306459,4600.530620632572,5453.498949121249,5.408705791574505,171,852.9683284886769
C028-H300,Q2-016-G01,1,13.991784678306459,6255.441445068504,6370.441445068504,0.07459702942217916,23,115.0
C028-H300,Q2-016-G01,2,13.991784678306459,7043.699791331518,7163.699791331518,0.0007227741407973554,24,120.0
C028-H300,Q2-018-G01,1,13.991784678306459,5311.153889455241,5903.132214248026,7.608901306769496,120,591.9783247927844
C028-H300,Q2-019-G01,1,13.991784678306459,7073.518240789452,7163.518240789452,0.07036078302843407,18,90.0
C028-H300,Q2-019-G01,2,13.991784678306459,7570.170847116662,7660.170847116662,0.04043568225918648,18,90.0
C028-H300,Q2-020-G01,1,13.991784678306459,1990.600882530999,2894.622201141521,5.408705791574505,182,904.0213186105223
C028-H300,Q2-021-G01,1,13.991784678306459,2020.600882530999,2954.622201141521,5.408705791574505,188,934.0213186105223
C028-H300,Q2-022-G01,1,13.991784678306459,2789.3727454533678,2914.3727454533678,0.06374794957764607,25,125.0
C028-H300,Q2-022-G01,2,13.991784678306459,3524.241880906149,3649.241880906149,0.029734659946569764,25,125.0
C028-H300,Q2-023-G01,1,13.991784678306459,6651.053944276595,7474.022272765272,5.408705791574505,165,822.9683284886769
C029-H100,Q2-004-G01,1,4.095963782503915,859.6521899414063,1439.9469909600548,19.631882287731273,118,580.2948010186485
C029-H100,Q2-006-G01,1,4.095963782503915,2313.5763096218043,2418.5763096218043,0.029410470400364375,21,105.0
C029-H100,Q2-006-G01,2,4.095963782503915,3084.209949282858,3189.209949282858,0.04437482379526614,21,105.0
C029-H100,Q2-007-G01,1,4.095963782503915,746.1726928710938,876.1726928710938,0.04580792037235426,26,130.0
C029-H100,Q2-007-G01,2,4.095963782503915,1476.041828323875,1606.041828323875,0.011593826536724805,26,130.0
C029-H100,Q2-011-G01,1,4.095963782503915,4319.5196097147345,4401.560072069354,2.864749831815516,17,82.0404623546192
C029-H100,Q2-011-G01,2,4.095963782503915,4853.265516405291,4925.829871874042,2.8648612621637,15,72.56435546875036
C029-H100,Q2-013-G01,1,4.095963782503915,4465.430301278538,4535.430301278538,4.507831225710419,14,70.0
C029-H100,Q2-013-G01,2,4.095963782503915,5366.025492700809,5436.025492700809,4.424674553423387,14,70.0
C029-H100,Q2-015-G01,1,4.095963782503915,4600.530620632572,5453.498949121249,5.383162758282182,171,852.9683284886769
C029-H100,Q2-016-G01,1,4.095963782503915,6255.441445068504,6375.441445068504,0.023149768995665454,24,120.0
C029-H100,Q2-016-G01,2,4.095963782503915,7043.699791331518,7163.699791331518,0.03497144477964298,24,120.0
C029-H100,Q2-018-G01,1,4.095963782503915,5311.153889455241,5903.132214248026,7.615744047826368,120,591.9783247927844
C029-H100,Q2-019-G01,1,4.095963782503915,7073.518240789452,7168.518240789452,0.03764887691433216,19,95.0
C029-H100,Q2-019-G01,2,4.095963782503915,7565.170847116662,7660.170847116662,0.007831082311724913,19,95.0
C029-H100,Q2-020-G01,1,4.095963782503915,1990.600882530999,2894.622201141521,5.383162758282182,182,904.0213186105223
C029-H100,Q2-021-G01,1,4.095963782503915,2020.600882530999,2954.622201141521,5.383162758282182,188,934.0213186105223
C029-H100,Q2-022-G01,1,4.095963782503915,2789.3727454533678,2919.3727454533678,0.04580792037235426,26,130.0
C029-H100,Q2-022-G01,2,4.095963782503915,3519.241880906149,3649.241880906149,0.011593826536724805,26,130.0
C029-H100,Q2-023-G01,1,4.095963782503915,6651.053944276595,7474.022272765272,5.383162758282182,165,822.9683284886769
C029-H200,Q2-004-G01,1,14.073402893088627,859.6521899414063,1439.9469909600548,19.247705474565862,118,580.2948010186485
C029-H200,Q2-006-G01,1,14.073402893088627,2313.5763096218043,2418.5763096218043,0.02418254465092673,21,105.0
C029-H200,Q2-006-G01,2,14.073402893088627,3084.209949282858,3189.209949282858,0.039128864164155175,21,105.0
C029-H200,Q2-007-G01,1,14.073402893088627,746.1726928710938,876.1726928710938,0.04056023042537049,26,130.0
C029-H200,Q2-007-G01,2,14.073402893088627,1476.041828323875,1606.041828323875,0.006387291249566829,26,130.0
C029-H200,Q2-011-G01,1,14.073402893088627,4319.5196097147345,4416.560072069354,2.847841500187158,20,97.0404623546192
C029-H200,Q2-011-G01,2,14.073402893088627,4838.265516405291,4925.829871874042,2.84682330913742,18,87.56435546875036
C029-H200,Q2-013-G01,1,14.073402893088627,4465.430301278538,4630.430301278538,2.325857513263145,33,165.0
C029-H200,Q2-013-G01,2,14.073402893088627,5276.025492700809,5436.025492700809,2.3566591783163062,32,160.0
C029-H200,Q2-015-G01,1,14.073402893088627,4600.530620632572,5453.498949121249,5.367327476285709,171,852.9683284886769
C029-H200,Q2-016-G01,1,14.073402893088627,6255.441445068504,6375.441445068504,0.019860229711440525,24,120.0
C029-H200,Q2-016-G01,2,14.073402893088627,7043.699791331518,7163.699791331518,0.03167294243934293,24,120.0
C029-H200,Q2-018-G01,1,14.073402893088627,5311.153889455241,5903.132214248026,7.609893915815434,120,591.9783247927844
C029-H200,Q2-019-G01,1,14.073402893088627,7073.518240789452,7168.518240789452,0.03201065374805978,19,95.0
C029-H200,Q2-019-G01,2,14.073402893088627,7565.170847116662,7660.170847116662,0.002231412616040984,19,95.0
C029-H200,Q2-020-G01,1,14.073402893088627,1990.600882530999,2894.622201141521,5.367327476285709,182,904.0213186105223
C029-H200,Q2-021-G01,1,14.073402893088627,2020.600882530999,2954.622201141521,5.367327476285709,188,934.0213186105223
C029-H200,Q2-022-G01,1,14.073402893088627,2789.3727454533678,2919.3727454533678,0.04056023042537049,26,130.0
C029-H200,Q2-022-G01,2,14.073402893088627,3519.241880906149,3649.241880906149,0.006387291249566829,26,130.0
C029-H200,Q2-023-G01,1,14.073402893088627,6651.053944276595,7474.022272765272,5.367327476285709,165,822.9683284886769
C029-H300,Q2-004-G01,1,14.045347446007185,859.6521899414063,1439.9469909600548,18.726776826457737,118,580.2948010186485
C029-H300,Q2-006-G01,1,14.045347446007185,2313.5763096218043,2418.5763096218043,0.01674259599006689,21,105.0
C029-H300,Q2-006-G01,2,14.045347446007185,3084.209949282858,3189.209949282858,0.031663288714241844,21,105.0
C029-H300,Q2-007-G01,1,14.045347446007185,746.1726928710938,876.1726928710938,0.03309219614843073,26,130.0
C029-H300,Q2-007-G01,2,14.045347446007185,1481.041828323875,1606.041828323875,0.06439494742971874,25,125.0
C029-H300,Q2-011-G01,1,14.045347446007185,4319.5196097147345,4426.560072069354,2.8259352105267794,22,107.0404623546192
C029-H300,Q2-011-G01,2,14.045347446007185,4833.265516405291,4925.829871874042,2.8261609573930286,19,92.56435546875036
C029-H300,Q2-013-G01,1,14.045347446007185,4465.430301278538,4720.430301278538,0.45660273220619274,51,255.0
C029-H300,Q2-013-G01,2,14.045347446007185,5181.025492700809,5436.025492700809,0.3873259428864202,51,255.0
C029-H300,Q2-015-G01,1,14.045347446007185,4600.530620632572,5453.498949121249,5.343981162952389,171,852.9683284886769
C029-H300,Q2-016-G01,1,14.045347446007185,6255.441445068504,6375.441445068504,0.014356090561918222,24,120.0
C029-H300,Q2-016-G01,2,14.045347446007185,7043.699791331518,7163.699791331518,0.026153821297214108,24,120.0
C029-H300,Q2-018-G01,1,14.045347446007185,5311.153889455241,5903.132214248026,7.588045418461036,120,591.9783247927844
C029-H300,Q2-019-G01,1,14.045347446007185,7073.518240789452,7168.518240789452,0.024157640625759313,19,95.0
C029-H300,Q2-019-G01,2,14.045347446007185,7570.170847116662,7660.170847116662,0.07594203258742027,18,90.0
C029-H300,Q2-020-G01,1,14.045347446007185,1990.600882530999,2894.622201141521,5.343981162952389,182,904.0213186105223
C029-H300,Q2-021-G01,1,14.045347446007185,2020.600882530999,2954.622201141521,5.343981162952389,188,934.0213186105223
C029-H300,Q2-022-G01,1,14.045347446007185,2789.3727454533678,2919.3727454533678,0.03309219614843073,26,130.0
C029-H300,Q2-022-G01,2,14.045347446007185,3524.241880906149,3649.241880906149,0.06439494742971874,25,125.0
C029-H300,Q2-023-G01,1,14.045347446007185,6651.053944276595,7474.022272765272,5.343981162952389,165,822.9683284886769
C030-H100,Q2-002-G01,1,4.178833145065525,749.796787516276,939.796787516276,6.1523402164401375,38,190.0
C030-H100,Q2-002-G01,2,4.178833145065525,1375.5091778292267,1560.5091778292267,6.2462221832944635,37,185.0
C030-H100,Q2-003-G01,1,4.178833145065525,738.3506103515625,1136.7381147191898,16.120826949740774,81,398.38750436762723
C030-H100,Q2-005-G01,1,4.178833145065525,2253.6871872834317,2674.2803054058995,2.230148041348997,85,420.5931181224678
C030-H100,Q2-006-G01,1,4.178833145065525,2313.5763096218043,2562.6636785309047,2.1871109381355893,50,249.0873689091004
C030-H100,Q2-006-G01,2,4.178833145065525,2942.5227178375453,3189.209949282858,2.1871346595418117,50,246.6872314453126
C030-H100,Q2-007-G01,1,4.178833145065525,746.1726928710938,1048.781904007469,2.1872587720752676,61,302.60921113637517
C030-H100,Q2-007-G01,2,4.178833145065525,1310.4691354527813,1606.041828323875,2.1874835459191218,60,295.57269287109375
C030-H100,Q2-008-G01,1,4.178833145065525,2742.246055039964,2807.246055039964,7.001103548222801,13,65.0
C030-H100,Q2-008-G01,2,4.178833145065525,3288.2183179815956,3348.2183179815956,7.105012588870551,12,60.0
C030-H100,Q2-011-G01,1,4.178833145065525,4319.5196097147345,4381.560072069354,2.226821696253623,13,62.040462354619194
C030-H100,Q2-011-G01,2,4.178833145065525,4868.265516405291,4925.829871874042,2.22678583778179,12,57.564355468750364
C030-H100,Q2-013-G01,1,4.178833145065525,4465.430301278538,4605.430301278538,0.03299235593701155,28,140.0
C030-H100,Q2-013-G01,2,4.178833145065525,5301.025492700809,5436.025492700809,0.05654685728933373,27,135.0
C030-H100,Q2-016-G01,1,4.178833145065525,6255.441445068504,6489.75454169773,0.0490251309967249,47,234.31309662922558
C030-H100,Q2-016-G01,2,4.178833145065525,6940.724124827612,7163.699791331518,0.04906808926054396,45,222.9756665039058
C030-H100,Q2-018-G01,1,4.178833145065525,5311.153889455241,5336.153889455241,0.033378770438162064,5,25.0
C030-H100,Q2-018-G01,2,4.178833145065525,5878.132214248026,5903.132214248026,0.02305433797431533,5,25.0
C030-H100,Q2-019-G01,1,4.178833145065525,7073.518240789452,7215.264825998498,5.521870108590235,29,141.74658520904632
C030-H100,Q2-019-G01,2,4.178833145065525,7524.879282175256,7660.170847116662,5.52202426980557,28,135.29156494140625
C030-H100,Q2-022-G01,1,4.178833145065525,2789.3727454533678,3091.981956589743,2.1872587720752676,61,302.60921113637505
C030-H100,Q2-022-G01,2,4.178833145065525,3353.6691880350554,3649.241880906149,2.1874835459191218,60,295.57269287109375
C030-H200,Q2-002-G01,1,14.163426880443637,749.796787516276,997.4962452934196,4.561382902070264,50,247.6994577771436
C030-H200,Q2-002-G01,2,14.163426880443637,1316.4123903129507,1560.5091778292267,4.56114875051388,49,244.09678751627598
C030-H200,Q2-003-G01,1,14.163426880443637,738.3506103515625,1136.7381147191898,16.067110781785345,81,398.38750436762723
C030-H200,Q2-005-G01,1,14.163426880443637,2253.6871872834317,2674.2803054058995,2.210698635530335,85,420.5931181224678
C030-H200,Q2-006-G01,1,14.163426880443637,2313.5763096218043,2567.6636785309047,2.181550098886518,51,254.0873689091004
C030-H200,Q2-006-G01,2,14.163426880443637,2937.5227178375453,3189.209949282858,2.1814282648930856,51,251.6872314453126
C030-H200,Q2-007-G01,1,14.163426880443637,746.1726928710938,1053.781904007469,2.181725462309103,62,307.60921113637517
C030-H200,Q2-007-G01,2,14.163426880443637,1300.4691354527813,1606.041828323875,2.1810675887077196,62,305.57269287109375
C030-H200,Q2-008-G01,1,14.163426880443637,2742.246055039964,2807.246055039964,7.018964949361319,13,65.0
C030-H200,Q2-008-G01,2,14.163426880443637,2822.246055039964,2832.246055039964,6.295148526565711,2,10.0
C030-H200,Q2-008-G01,3,14.163426880443637,3258.2183179815956,3273.2183179815956,6.256827549581658,3,15.0
C030-H200,Q2-008-G01,4,14.163426880443637,3283.2183179815956,3348.2183179815956,6.9818266315228215,13,65.0
C030-H200,Q2-011-G01,1,14.163426880443637,4319.5196097147345,4396.560072069354,2.220438910266921,16,77.0404623546192
C030-H200,Q2-011-G01,2,14.163426880443637,4858.265516405291,4925.829871874042,2.220698572610331,14,67.56435546875036
C030-H200,Q2-013-G01,1,14.163426880443637,4465.430301278538,4605.430301278538,0.03194533110367104,28,140.0
C030-H200,Q2-013-G01,2,14.163426880443637,5301.025492700809,5436.025492700809,0.05549413904930134,27,135.0
C030-H200,Q2-016-G01,1,14.163426880443637,6255.441445068504,6494.75454169773,0.04579786384655904,48,239.31309662922558
C030-H200,Q2-016-G01,2,14.163426880443637,6935.724124827612,7163.699791331518,0.045800394565148395,46,227.9756665039058
C030-H200,Q2-018-G01,1,14.163426880443637,5311.153889455241,5336.153889455241,0.0368798463392892,5,25.0
C030-H200,Q2-018-G01,2,14.163426880443637,5878.132214248026,5903.132214248026,0.026547097349762794,5,25.0
C030-H200,Q2-019-G01,1,14.163426880443637,7073.518240789452,7660.170847116662,5.505108847750236,120,586.6526063272104
C030-H200,Q2-022-G01,1,14.163426880443637,2789.3727454533678,3096.981956589743,2.181725462309103,62,307.60921113637505
C030-H200,Q2-022-G01,2,14.163426880443637,3343.6691880350554,3649.241880906149,2.1810675887077196,62,305.57269287109375
C030-H300,Q2-002-G01,1,14.14233711718876,749.796787516276,1027.4962452934196,4.543460569277414,56,277.6994577771436
C030-H300,Q2-002-G01,2,14.14233711718876,1291.4123903129507,1560.5091778292267,4.542700225449082,54,269.096787516276
C030-H300,Q2-003-G01,1,14.14233711718876,738.3506103515625,1136.7381147191898,15.923993476280813,81,398.38750436762723
C030-H300,Q2-005-G01,1,14.14233711718876,2253.6871872834317,2674.2803054058995,12.151198960550644,85,420.5931181224678
C030-H300,Q2-006-G01,1,14.14233711718876,2313.5763096218043,2572.6636785309047,2.171586749457177,52,259.0873689091004
C030-H300,Q2-006-G01,2,14.14233711718876,2932.5227178375453,3189.209949282858,2.1711174129396085,52,256.6872314453126
C030-H300,Q2-007-G01,1,14.14233711718876,746.1726928710938,1058.781904007469,2.171586749457177,63,312.60921113637517
C030-H300,Q2-007-G01,2,14.14233711718876,1300.4691354527813,1606.041828323875,2.171947473633267,62,305.57269287109375
C030-H300,Q2-008-G01,1,14.14233711718876,2742.246055039964,2858.5528476039913,5.968224213009506,24,116.30679256402709
C030-H300,Q2-008-G01,2,14.14233711718876,3238.3703769008666,3348.2183179815956,5.968381050314264,22,109.84794108072902
C030-H300,Q2-011-G01,1,14.14233711718876,4319.5196097147345,4411.560072069354,2.2078536633270573,19,92.0404623546192
C030-H300,Q2-011-G01,2,14.14233711718876,4848.265516405291,4925.829871874042,2.208875601180324,16,77.56435546875036
C030-H300,Q2-013-G01,1,14.14233711718876,4465.430301278538,4605.430301278538,0.028674145651763183,28,140.0
C030-H300,Q2-013-G01,2,14.14233711718876,5301.025492700809,5436.025492700809,0.052205174761667195,27,135.0
C030-H300,Q2-016-G01,1,14.14233711718876,6255.441445068504,6499.75454169773,0.03987435580168608,49,244.31309662922558
C030-H300,Q2-016-G01,2,14.14233711718876,6930.724124827612,7163.699791331518,0.039712525001149857,47,232.9756665039058
C030-H300,Q2-018-G01,1,14.14233711718876,5311.153889455241,5336.153889455241,0.038154471657819045,5,25.0
C030-H300,Q2-018-G01,2,14.14233711718876,5878.132214248026,5903.132214248026,0.02781869323666797,5,25.0
C030-H300,Q2-019-G01,1,14.14233711718876,7073.518240789452,7660.170847116662,5.482831294967184,120,586.6526063272104
C030-H300,Q2-022-G01,1,14.14233711718876,2789.3727454533678,3101.981956589743,2.171586749457177,63,312.60921113637505
C030-H300,Q2-022-G01,2,14.14233711718876,3343.6691880350554,3649.241880906149,2.171947473633267,62,305.57269287109375
C031-H100,Q2-004-G01,1,4.087796433981552,859.6521899414063,1439.9469909600548,19.533429595196367,118,580.2948010186485
C031-H100,Q2-006-G01,1,4.087796433981552,2313.5763096218043,2408.5763096218043,0.06114244786570566,19,95.0
C031-H100,Q2-006-G01,2,4.087796433981552,3094.209949282858,3189.209949282858,0.07608466557203997,19,95.0
C031-H100,Q2-007-G01,1,4.087796433981552,746.1726928710938,866.1726928710938,0.04478056280706255,24,120.0
C031-H100,Q2-007-G01,2,4.087796433981552,1486.041828323875,1606.041828323875,0.010664094055670148,24,120.0
C031-H100,Q2-011-G01,1,4.087796433981552,4319.5196097147345,4401.560072069354,2.662082002156936,17,82.0404623546192
C031-H100,Q2-011-G01,2,4.087796433981552,4853.265516405291,4925.829871874042,2.662190874660581,15,72.56435546875036
C031-H100,Q2-013-G01,1,4.087796433981552,4465.430301278538,4535.430301278538,4.259207833021279,14,70.0
C031-H100,Q2-013-G01,2,4.087796433981552,5366.025492700809,5436.025492700809,4.178238591646803,14,70.0
C031-H100,Q2-015-G01,1,4.087796433981552,4600.530620632572,5453.498949121249,5.401468858740827,171,852.9683284886769
C031-H100,Q2-016-G01,1,4.087796433981552,6255.441445068504,6365.441445068504,0.045500856441790916,22,110.0
C031-H100,Q2-016-G01,2,4.087796433981552,7053.699791331518,7163.699791331518,0.05726224379343137,22,110.0
C031-H100,Q2-018-G01,1,4.087796433981552,5311.153889455241,5903.132214248026,7.360742152689582,120,591.9783247927844
C031-H100,Q2-019-G01,1,4.087796433981552,7073.518240789452,7158.518240789452,0.072603832204436,17,85.0
C031-H100,Q2-019-G01,2,4.087796433981552,7575.170847116662,7660.170847116662,0.04230508983015113,17,85.0
C031-H100,Q2-020-G01,1,4.087796433981552,1990.600882530999,2894.622201141521,5.401468858740827,182,904.0213186105223
C031-H100,Q2-021-G01,1,4.087796433981552,2020.600882530999,2954.622201141521,5.401468858740827,188,934.0213186105223
C031-H100,Q2-022-G01,1,4.087796433981552,2789.3727454533678,2909.3727454533678,0.04478056280706255,24,120.0
C031-H100,Q2-022-G01,2,4.087796433981552,3529.241880906149,3649.241880906149,0.010664094055670148,24,120.0
C031-H100,Q2-023-G01,1,4.087796433981552,6651.053944276595,7474.022272765272,5.401468858740827,165,822.9683284886769
C031-H200,Q2-004-G01,1,14.064957862547075,859.6521899414063,1439.9469909600548,19.147178577297097,118,580.2948010186485
C031-H200,Q2-006-G01,1,14.064957862547075,2313.5763096218043,2408.5763096218043,0.05574910138490452,19,95.0
C031-H200,Q2-006-G01,2,14.064957862547075,3094.209949282858,3189.209949282858,0.07067274250849209,19,95.0
C031-H200,Q2-007-G01,1,14.064957862547075,746.1726928710938,866.1726928710938,0.039407484792391756,24,120.0
C031-H200,Q2-007-G01,2,14.064957862547075,1486.041828323875,1606.041828323875,0.005333033682958899,24,120.0
C031-H200,Q2-011-G01,1,14.064957862547075,4319.5196097147345,4416.560072069354,2.645643166011695,20,97.0404623546192
C031-H200,Q2-011-G01,2,14.064957862547075,4838.265516405291,4925.829871874042,2.644656497963311,18,87.56435546875036
C031-H200,Q2-013-G01,1,14.064957862547075,4465.430301278538,4625.430301278538,2.2415724416155456,32,160.0
C031-H200,Q2-013-G01,2,14.064957862547075,5281.025492700809,5436.025492700809,2.271793541629407,31,155.0
C031-H200,Q2-015-G01,1,14.064957862547075,4600.530620632572,5453.498949121249,5.385133180078867,171,852.9683284886769
C031-H200,Q2-016-G01,1,14.064957862547075,6255.441445068504,6365.441445068504,0.04206764413007136,22,110.0
C031-H200,Q2-016-G01,2,14.064957862547075,7053.699791331518,7163.699791331518,0.053819724882941955,22,110.0
C031-H200,Q2-018-G01,1,14.064957862547075,5311.153889455241,5903.132214248026,7.353879044838379,120,591.9783247927844
C031-H200,Q2-019-G01,1,14.064957862547075,7073.518240789452,7158.518240789452,0.06679264592764866,17,85.0
C031-H200,Q2-019-G01,2,14.064957862547075,7575.170847116662,7660.170847116662,0.03653427762259298,17,85.0
C031-H200,Q2-020-G01,1,14.064957862547075,1990.600882530999,2894.622201141521,5.385133180078867,182,904.0213186105223
C031-H200,Q2-021-G01,1,14.064957862547075,2020.600882530999,2954.622201141521,5.385133180078867,188,934.0213186105223
C031-H200,Q2-022-G01,1,14.064957862547075,2789.3727454533678,2909.3727454533678,0.039407484792391756,24,120.0
C031-H200,Q2-022-G01,2,14.064957862547075,3529.241880906149,3649.241880906149,0.005333033682958899,24,120.0
C031-H200,Q2-023-G01,1,14.064957862547075,6651.053944276595,7474.022272765272,5.385133180078867,165,822.9683284886769
C031-H300,Q2-004-G01,1,14.036638861242054,859.6521899414063,1439.9469909600548,18.628337309360276,118,580.2948010186485
C031-H300,Q2-006-G01,1,14.036638861242054,2313.5763096218043,2408.5763096218043,0.04812804240758339,19,95.0
C031-H300,Q2-006-G01,2,14.036638861242054,3094.209949282858,3189.209949282858,0.06302547335764075,19,95.0
C031-H300,Q2-007-G01,1,14.036638861242054,746.1726928710938,866.1726928710938,0.031815023418289456,24,120.0
C031-H300,Q2-007-G01,2,14.036638861242054,1491.041828323875,1606.041828323875,0.06302547335764075,23,115.0
C031-H300,Q2-011-G01,1,14.036638861242054,4319.5196097147345,4426.560072069354,2.6244554476879642,22,107.0404623546192
C031-H300,Q2-011-G01,2,14.036638861242054,4833.265516405291,4925.829871874042,2.6246734616334777,19,92.56435546875036
C031-H300,Q2-013-G01,1,14.036638861242054,4465.430301278538,4715.430301278538,0.4009075953214847,50,250.0
C031-H300,Q2-013-G01,2,14.036638861242054,5186.025492700809,5436.025492700809,0.33248431220548014,50,250.0
C031-H300,Q2-015-G01,1,14.036638861242054,4600.530620632572,5453.498949121249,5.361259957763508,171,852.9683284886769
C031-H300,Q2-016-G01,1,14.036638861242054,6255.441445068504,6365.441445068504,0.03640876459641618,22,110.0
C031-H300,Q2-016-G01,2,14.036638861242054,7053.699791331518,7163.699791331518,0.04814552160269159,22,110.0
C031-H300,Q2-018-G01,1,14.036638861242054,5311.153889455241,5903.132214248026,7.332599305283907,120,591.9783247927844
C031-H300,Q2-019-G01,1,14.036638861242054,7073.518240789452,7158.518240789452,0.058749350416277935,17,85.0
C031-H300,Q2-019-G01,2,14.036638861242054,7575.170847116662,7660.170847116662,0.028546775644528566,17,85.0
C031-H300,Q2-020-G01,1,14.036638861242054,1990.600882530999,2894.622201141521,5.361259957763508,182,904.0213186105223
C031-H300,Q2-021-G01,1,14.036638861242054,2020.600882530999,2954.622201141521,5.361259957763508,188,934.0213186105223
C031-H300,Q2-022-G01,1,14.036638861242054,2789.3727454533678,2909.3727454533678,0.031815023418289456,24,120.0
C031-H300,Q2-022-G01,2,14.036638861242054,3534.241880906149,3649.241880906149,0.06302547335764075,23,115.0
C031-H300,Q2-023-G01,1,14.036638861242054,6651.053944276595,7474.022272765272,5.361259957763508,165,822.9683284886769
C032-H100,Q2-004-G01,1,4.118656212234399,859.6521899414063,1439.9469909600548,19.248917921737018,118,580.2948010186485
C032-H100,Q2-006-G01,1,4.118656212234399,2313.5763096218043,2408.5763096218043,0.0398380250606607,19,95.0
C032-H100,Q2-006-G01,2,4.118656212234399,3094.209949282858,3189.209949282858,0.054794038382851795,19,95.0
C032-H100,Q2-007-G01,1,4.118656212234399,746.1726928710938,866.1726928710938,0.02346136725964243,24,120.0
C032-H100,Q2-007-G01,2,4.118656212234399,1491.041828323875,1606.041828323875,0.054794038382851795,23,115.0
C032-H100,Q2-011-G01,1,4.118656212234399,4319.5196097147345,4406.560072069354,2.6176907528961664,18,87.0404623546192
C032-H100,Q2-011-G01,2,4.118656212234399,4848.265516405291,4925.829871874042,2.6175387982874128,16,77.56435546875036
C032-H100,Q2-013-G01,1,4.118656212234399,4465.430301278538,4550.430301278538,3.864181193229186,17,85.0
C032-H100,Q2-013-G01,2,4.118656212234399,5356.025492700809,5436.025492700809,3.895703941984763,16,80.0
C032-H100,Q2-015-G01,1,4.118656212234399,4600.530620632572,5453.498949121249,5.361876371398807,171,852.9683284886769
C032-H100,Q2-016-G01,1,4.118656212234399,6255.441445068504,6365.441445068504,0.012707239771913237,22,110.0
C032-H100,Q2-016-G01,2,4.118656212234399,7053.699791331518,7163.699791331518,0.024450118688207567,22,110.0
C032-H100,Q2-018-G01,1,4.118656212234399,5311.153889455241,5903.132214248026,7.264665469217448,120,591.9783247927844
C032-H100,Q2-019-G01,1,4.118656212234399,7073.518240789452,7158.518240789452,0.05283035096924493,17,85.0
C032-H100,Q2-019-G01,2,4.118656212234399,7575.170847116662,7660.170847116662,0.022511998188718962,17,85.0
C032-H100,Q2-020-G01,1,4.118656212234399,1990.600882530999,2894.622201141521,5.361876371398807,182,904.0213186105223
C032-H100,Q2-021-G01,1,4.118656212234399,2020.600882530999,2954.622201141521,5.361876371398807,188,934.0213186105223
C032-H100,Q2-022-G01,1,4.118656212234399,2789.3727454533678,2909.3727454533678,0.02346136725964243,24,120.0
C032-H100,Q2-022-G01,2,4.118656212234399,3534.241880906149,3649.241880906149,0.054794038382851795,23,115.0
C032-H100,Q2-023-G01,1,4.118656212234399,6651.053944276595,7474.022272765272,5.361876371398807,165,822.9683284886769
C032-H200,Q2-004-G01,1,14.095062815105493,859.6521899414063,1439.9469909600548,18.86834995052905,118,580.2948010186485
C032-H200,Q2-006-G01,1,14.095062815105493,2313.5763096218043,2408.5763096218043,0.034238508107492294,19,95.0
C032-H200,Q2-006-G01,2,14.095062815105493,3094.209949282858,3189.209949282858,0.04917521734560637,19,95.0
C032-H200,Q2-007-G01,1,14.095062815105493,746.1726928710938,866.1726928710938,0.017882912037322285,24,120.0
C032-H200,Q2-007-G01,2,14.095062815105493,1491.041828323875,1606.041828323875,0.04917521734560637,23,115.0
C032-H200,Q2-011-G01,1,14.095062815105493,4319.5196097147345,4416.560072069354,2.6019229082727264,20,97.0404623546192
C032-H200,Q2-011-G01,2,14.095062815105493,4838.265516405291,4925.829871874042,2.6009192013562483,18,87.56435546875036
C032-H200,Q2-013-G01,1,14.095062815105493,4465.430301278538,4635.430301278538,1.9762340747976737,34,170.0
C032-H200,Q2-013-G01,2,14.095062815105493,5266.025492700809,5436.025492700809,1.8998071754459431,34,170.0
C032-H200,Q2-015-G01,1,14.095062815105493,4600.530620632572,5453.498949121249,5.344898706637636,171,852.9683284886769
C032-H200,Q2-016-G01,1,14.095062815105493,6255.441445068504,6365.441445068504,0.009068641219300844,22,110.0
C032-H200,Q2-016-G01,2,14.095062815105493,7053.699791331518,7163.699791331518,0.02080167256096388,22,110.0
C032-H200,Q2-018-G01,1,14.095062815105493,5311.153889455241,5903.132214248026,7.255532079668669,120,591.9783247927844
C032-H200,Q2-019-G01,1,14.095062815105493,7073.518240789452,7158.518240789452,0.046812324533021865,17,85.0
C032-H200,Q2-019-G01,2,14.095062815105493,7575.170847116662,7660.170847116662,0.016535808852339073,17,85.0
C032-H200,Q2-020-G01,1,14.095062815105493,1990.600882530999,2894.622201141521,5.344898706637636,182,904.0213186105223
C032-H200,Q2-021-G01,1,14.095062815105493,2020.600882530999,2954.622201141521,5.344898706637636,188,934.0213186105223
C032-H200,Q2-022-G01,1,14.095062815105493,2789.3727454533678,2909.3727454533678,0.017882912037322285,24,120.0
C032-H200,Q2-022-G01,2,14.095062815105493,3534.241880906149,3649.241880906149,0.04917521734560637,23,115.0
C032-H200,Q2-023-G01,1,14.095062815105493,6651.053944276595,7474.022272765272,5.344898706637636,165,822.9683284886769
C032-H300,Q2-004-G01,1,14.06595903526987,859.6521899414063,1439.9469909600548,18.36416779501117,118,580.2948010186485
C032-H300,Q2-006-G01,1,14.06595903526987,2313.5763096218043,2408.5763096218043,0.026422941579326675,19,95.0
C032-H300,Q2-006-G01,2,14.06595903526987,3094.209949282858,3189.209949282858,0.041332748724755675,19,95.0
C032-H300,Q2-007-G01,1,14.06595903526987,746.1726928710938,866.1726928710938,0.01009669737771901,24,120.0
C032-H300,Q2-007-G01,2,14.06595903526987,1491.041828323875,1606.041828323875,0.041332748724755675,23,115.0
C032-H300,Q2-011-G01,1,14.06595903526987,4319.5196097147345,4426.560072069354,2.5804453413589954,22,107.0404623546192
C032-H300,Q2-011-G01,2,14.06595903526987,4833.265516405291,4925.829871874042,2.580665709231681,19,92.56435546875036
C032-H300,Q2-013-G01,1,14.06595903526987,4465.430301278538,4720.430301278538,0.2627520245289361,51,255.0
C032-H300,Q2-013-G01,2,14.06595903526987,5186.025492700809,5436.025492700809,0.28908668258830517,50,250.0
C032-H300,Q2-015-G01,1,14.06595903526987,4600.530620632572,5453.498949121249,5.320459509530295,171,852.9683284886769
C032-H300,Q2-016-G01,1,14.06595903526987,6255.441445068504,6365.441445068504,0.0032216773016386924,22,110.0
C032-H300,Q2-016-G01,2,14.06595903526987,7053.699791331518,7163.699791331518,0.01493890162298328,22,110.0
C032-H300,Q2-018-G01,1,14.06595903526987,5311.153889455241,5903.132214248026,7.233507314874842,120,591.9783247927844
C032-H300,Q2-019-G01,1,14.06595903526987,7073.518240789452,7158.518240789452,0.038573135517793844,17,85.0
C032-H300,Q2-019-G01,2,14.06595903526987,7575.170847116662,7660.170847116662,0.008353805092781386,17,85.0
C032-H300,Q2-020-G01,1,14.06595903526987,1990.600882530999,2894.622201141521,5.320459509530295,182,904.0213186105223
C032-H300,Q2-021-G01,1,14.06595903526987,2020.600882530999,2954.622201141521,5.320459509530295,188,934.0213186105223
C032-H300,Q2-022-G01,1,14.06595903526987,2789.3727454533678,2909.3727454533678,0.01009669737771901,24,120.0
C032-H300,Q2-022-G01,2,14.06595903526987,3534.241880906149,3649.241880906149,0.041332748724755675,23,115.0
C032-H300,Q2-023-G01,1,14.06595903526987,6651.053944276595,7474.022272765272,5.320459509530295,165,822.9683284886769
C033-H100,Q2-002-G01,1,2.3473522980515753,749.796787516276,794.796787516276,8.51811655588557,9,45.0
C033-H100,Q2-002-G01,2,2.3473522980515753,879.796787516276,964.796787516276,4.464880868373328,17,85.0
C033-H100,Q2-002-G01,3,2.3473522980515753,1350.5091778292267,1435.5091778292267,4.527799848147325,17,85.0
C033-H100,Q2-002-G01,4,2.3473522980515753,1520.5091778292267,1560.5091778292267,8.538802795686465,8,40.0
C033-H100,Q2-003-G01,1,2.3473522980515753,738.3506103515625,1136.7381147191898,2.7598321747067445,81,398.38750436762723
C033-H100,Q2-005-G01,1,2.3473522980515753,2253.6871872834317,2674.2803054058995,16.928701020625837,85,420.5931181224678
C033-H100,Q2-008-G01,1,2.3473522980515753,2742.246055039964,3348.2183179815956,1.0834295187779333,122,605.9722629416315
C033-H100,Q2-011-G01,1,2.3473522980515753,4319.5196097147345,4354.5196097147345,0.036027376774086406,7,35.0
C033-H100,Q2-011-G01,2,2.3473522980515753,4890.829871874042,4925.829871874042,0.007828316905147403,7,35.0
C033-H100,Q2-016-G01,1,2.3473522980515753,6255.441445068504,6320.441445068504,0.019539787700665556,13,65.0
C033-H100,Q2-016-G01,2,2.3473522980515753,7098.699791331518,7163.699791331518,0.029508336923612433,13,65.0
C033-H200,Q2-002-G01,1,2.334975500903184,749.796787516276,1560.5091778292267,3.9704593311340375,163,810.7123903129507
C033-H200,Q2-003-G01,1,2.334975500903184,738.3506103515625,1136.7381147191898,12.206416264036292,81,398.38750436762723
C033-H200,Q2-005-G01,1,2.334975500903184,2253.6871872834317,2674.2803054058995,16.886597728115277,85,420.5931181224678
C033-H200,Q2-006-G01,1,2.334975500903184,2313.5763096218043,2572.6636785309047,0.48238442194121944,52,259.0873689091004
C033-H200,Q2-006-G01,2,2.334975500903184,2937.5227178375453,3189.209949282858,0.4829142501587711,51,251.6872314453126
C033-H200,Q2-007-G01,1,2.334975500903184,746.1726928710938,1058.781904007469,0.48238442194121944,63,312.60921113637517
C033-H200,Q2-007-G01,2,2.334975500903184,1300.4691354527813,1606.041828323875,0.4825963977279173,62,305.57269287109375
C033-H200,Q2-008-G01,1,2.334975500903184,2742.246055039964,3348.2183179815956,1.0633418875573426,122,605.9722629416315
C033-H200,Q2-011-G01,1,2.334975500903184,4319.5196097147345,4354.5196097147345,0.032730227382288035,7,35.0
C033-H200,Q2-011-G01,2,2.334975500903184,4890.829871874042,4925.829871874042,0.004552498747017353,7,35.0
C033-H200,Q2-016-G01,1,2.334975500903184,6255.441445068504,6320.441445068504,0.017848206523964905,13,65.0
C033-H200,Q2-016-G01,2,2.334975500903184,7098.699791331518,7163.699791331518,0.027812869286549358,13,65.0
C033-H200,Q2-019-G01,1,2.334975500903184,7073.518240789452,7220.264825998498,2.72897656308767,30,146.74658520904632
C033-H200,Q2-019-G01,2,2.334975500903184,7519.879282175256,7660.170847116662,2.7288915546834716,29,140.29156494140625
C033-H200,Q2-022-G01,1,2.334975500903184,2789.3727454533678,3101.981956589743,0.48238442194121944,63,312.60921113637505
C033-H200,Q2-022-G01,2,2.334975500903184,3343.6691880350554,3649.241880906149,0.4825963977279173,62,305.57269287109375
C033-H300,Q2-002-G01,1,2.3188641332927773,749.796787516276,1560.5091778292267,3.9542478645462467,163,810.7123903129507
C033-H300,Q2-003-G01,1,2.3188641332927773,738.3506103515625,1136.7381147191898,12.140196888578558,81,398.38750436762723
C033-H300,Q2-005-G01,1,2.3188641332927773,2253.6871872834317,2674.2803054058995,16.739353441829635,85,420.5931181224678
C033-H300,Q2-006-G01,1,2.3188641332927773,2313.5763096218043,2577.6636785309047,0.47375025218221367,53,264.0873689091004
C033-H300,Q2-006-G01,2,2.3188641332927773,2932.5227178375453,3189.209949282858,0.474277903596672,52,256.6872314453126
C033-H300,Q2-007-G01,1,2.3188641332927773,746.1726928710938,1058.781904007469,0.4746576835717491,63,312.60921113637517
C033-H300,Q2-007-G01,2,2.3188641332927773,1295.4691354527813,1606.041828323875,0.4735918873408309,63,310.57269287109375
C033-H300,Q2-008-G01,1,2.3188641332927773,2742.246055039964,3348.2183179815956,1.000727401301134,122,605.9722629416315
C033-H300,Q2-011-G01,1,2.3188641332927773,4319.5196097147345,4354.5196097147345,0.02721191530088163,7,35.0
C033-H300,Q2-011-G01,2,2.3188641332927773,4895.829871874042,4925.829871874042,0.06798310482001568,6,30.0
C033-H300,Q2-016-G01,1,2.3188641332927773,6255.441445068504,6320.441445068504,0.013940406592737986,13,65.0
C033-H300,Q2-016-G01,2,2.3188641332927773,7098.699791331518,7163.699791331518,0.023896096862515037,13,65.0
C033-H300,Q2-019-G01,1,2.3188641332927773,7073.518240789452,7225.264825998498,2.713685916496061,31,151.74658520904632
C033-H300,Q2-019-G01,2,2.3188641332927773,7519.879282175256,7660.170847116662,2.715165328556367,29,140.29156494140625
C033-H300,Q2-022-G01,1,2.3188641332927773,2789.3727454533678,3101.981956589743,0.4746576835717491,63,312.60921113637505
C033-H300,Q2-022-G01,2,2.3188641332927773,3338.6691880350554,3649.241880906149,0.4735918873408309,63,310.57269287109375
C034-H100,Q2-002-G01,1,4.10978873624569,749.796787516276,992.4962452934196,3.0661972228538303,49,242.6994577771436
C034-H100,Q2-002-G01,2,4.10978873624569,1321.4123903129507,1560.5091778292267,3.0661686811399846,48,239.09678751627598
C034-H100,Q2-003-G01,1,4.10978873624569,738.3506103515625,1136.7381147191898,12.028827851657368,81,398.38750436762723
C034-H100,Q2-005-G01,1,4.10978873624569,2253.6871872834317,2674.2803054058995,16.94462648877547,85,420.5931181224678
C034-H100,Q2-006-G01,1,4.10978873624569,2313.5763096218043,2567.6636785309047,0.468199933023854,51,254.0873689091004
C034-H100,Q2-006-G01,2,4.10978873624569,2937.5227178375453,3189.209949282858,0.4681329549948998,51,251.6872314453126
C034-H100,Q2-007-G01,1,4.10978873624569,746.1726928710938,1053.781904007469,0.4682960980755837,62,307.60921113637517
C034-H100,Q2-007-G01,2,4.10978873624569,1305.4691354527813,1606.041828323875,0.468512621755778,61,300.57269287109375
C034-H100,Q2-008-G01,1,4.10978873624569,2742.246055039964,2827.246055039964,0.233845800404211,17,85.0
C034-H100,Q2-008-G01,2,4.10978873624569,3263.2183179815956,3348.2183179815956,0.16636756709006306,17,85.0
C034-H100,Q2-011-G01,1,4.10978873624569,4319.5196097147345,4396.560072069354,0.5398974636843832,16,77.0404623546192
C034-H100,Q2-011-G01,2,4.10978873624569,4858.265516405291,4925.829871874042,0.540041648772231,14,67.56435546875036
C034-H100,Q2-013-G01,1,4.10978873624569,4465.430301278538,4520.430301278538,0.05600485996563975,11,55.0
C034-H100,Q2-013-G01,2,4.10978873624569,5386.025492700809,5436.025492700809,0.07882509804863957,10,50.0
C034-H100,Q2-016-G01,1,4.10978873624569,6255.441445068504,6345.441445068504,0.06819325700881507,18,90.0
C034-H100,Q2-016-G01,2,4.10978873624569,7073.699791331518,7163.699791331518,0.07983336504788952,18,90.0
C034-H100,Q2-019-G01,1,4.10978873624569,7073.518240789452,7210.264825998498,3.0248158594028496,28,136.74658520904632
C034-H100,Q2-019-G01,2,4.10978873624569,7529.879282175256,7660.170847116662,3.0251253078009483,27,130.29156494140625
C034-H100,Q2-022-G01,1,4.10978873624569,2789.3727454533678,3096.981956589743,0.4682960980755837,62,307.60921113637505
C034-H100,Q2-022-G01,2,4.10978873624569,3348.6691880350554,3649.241880906149,0.468512621755778,61,300.57269287109375
C034-H200,Q2-002-G01,1,4.0909860774386715,749.796787516276,1017.4962452934196,3.0583533109572016,54,267.6994577771436
C034-H200,Q2-002-G01,2,4.0909860774386715,1301.4123903129507,1560.5091778292267,3.058371020935226,52,259.096787516276
C034-H200,Q2-003-G01,1,4.0909860774386715,738.3506103515625,1136.7381147191898,11.984262677708614,81,398.38750436762723
C034-H200,Q2-005-G01,1,4.0909860774386715,2253.6871872834317,2674.2803054058995,16.807763473525682,85,420.5931181224678
C034-H200,Q2-006-G01,1,4.0909860774386715,2313.5763096218043,2572.6636785309047,0.4624499741660344,52,259.0873689091004
C034-H200,Q2-006-G01,2,4.0909860774386715,2932.5227178375453,3189.209949282858,0.462170442943588,52,256.6872314453126
C034-H200,Q2-007-G01,1,4.0909860774386715,746.1726928710938,1058.781904007469,0.4624499741660344,63,312.60921113637517
C034-H200,Q2-007-G01,2,4.0909860774386715,1300.4691354527813,1606.041828323875,0.4626644543187979,62,305.57269287109375
C034-H200,Q2-008-G01,1,4.0909860774386715,2742.246055039964,2848.5528476039913,0.7801050602449493,22,106.30679256402709
C034-H200,Q2-008-G01,2,4.0909860774386715,3243.3703769008666,3348.2183179815956,0.9749019858082022,21,104.84794108072902
C034-H200,Q2-011-G01,1,4.0909860774386715,4319.5196097147345,4406.560072069354,0.5332268584957092,18,87.0404623546192
C034-H200,Q2-011-G01,2,4.0909860774386715,4848.265516405291,4925.829871874042,0.5331270974293147,16,77.56435546875036
C034-H200,Q2-013-G01,1,4.0909860774386715,4465.430301278538,4520.430301278538,0.05351638498999023,11,55.0
C034-H200,Q2-013-G01,2,4.0909860774386715,5386.025492700809,5436.025492700809,0.0763235166078573,10,50.0
C034-H200,Q2-016-G01,1,4.0909860774386715,6255.441445068504,6345.441445068504,0.0663859679992953,18,90.0
C034-H200,Q2-016-G01,2,4.0909860774386715,7073.699791331518,7163.699791331518,0.0780212265955953,18,90.0
C034-H200,Q2-019-G01,1,4.0909860774386715,7073.518240789452,7660.170847116662,3.01112452602473,120,586.6526063272104
C034-H200,Q2-022-G01,1,4.0909860774386715,2789.3727454533678,3101.981956589743,0.4624499741660344,63,312.60921113637505
C034-H200,Q2-022-G01,2,4.0909860774386715,3343.6691880350554,3649.241880906149,0.4626644543187979,62,305.57269287109375
C034-H300,Q2-002-G01,1,4.066625743797715,749.796787516276,1560.5091778292267,3.0391857496967702,163,810.7123903129507
C034-H300,Q2-003-G01,1,4.066625743797715,738.3506103515625,1136.7381147191898,11.905752359591858,81,398.38750436762723
C034-H300,Q2-005-G01,1,4.066625743797715,2253.6871872834317,2674.2803054058995,16.573537256563114,85,420.5931181224678
C034-H300,Q2-006-G01,1,4.066625743797715,2313.5763096218043,2577.6636785309047,0.4537390672481081,53,264.0873689091004
C034-H300,Q2-006-G01,2,4.066625743797715,2932.5227178375453,3189.209949282858,0.45427040333441937,52,256.6872314453126
C034-H300,Q2-007-G01,1,4.066625743797715,746.1726928710938,1063.781904007469,0.45350680829949397,64,317.60921113637517
C034-H300,Q2-007-G01,2,4.066625743797715,1295.4691354527813,1606.041828323875,0.45357961498956456,63,310.57269287109375
C034-H300,Q2-008-G01,1,4.066625743797715,2742.246055039964,2868.5528476039913,9.413232755109235,26,126.30679256402709
C034-H300,Q2-008-G01,2,4.066625743797715,3228.3703769008666,3348.2183179815956,9.413884747096319,24,119.84794108072902
C034-H300,Q2-011-G01,1,4.066625743797715,4319.5196097147345,4416.560072069354,0.5229766323801641,20,97.0404623546192
C034-H300,Q2-011-G01,2,4.066625743797715,4843.265516405291,4925.829871874042,0.5235826062660323,17,82.56435546875036
C034-H300,Q2-013-G01,1,4.066625743797715,4465.430301278538,4520.430301278538,0.04879459003637976,11,55.0
C034-H300,Q2-013-G01,2,4.066625743797715,5386.025492700809,5436.025492700809,0.07157687333454987,10,50.0
C034-H300,Q2-016-G01,1,4.066625743797715,6255.441445068504,6345.441445068504,0.06233770418333506,18,90.0
C034-H300,Q2-016-G01,2,4.066625743797715,7073.699791331518,7163.699791331518,0.0739621075381649,18,90.0
C034-H300,Q2-019-G01,1,4.066625743797715,7073.518240789452,7660.170847116662,2.9957379558104407,120,586.6526063272104
C034-H300,Q2-022-G01,1,4.066625743797715,2789.3727454533678,3106.981956589743,0.45350680829949397,64,317.60921113637505
C034-H300,Q2-022-G01,2,4.066625743797715,3338.6691880350554,3649.241880906149,0.45357961498956456,63,310.57269287109375
C035-H100,Q2-002-G01,1,47.662503217766925,749.796787516276,754.796787516276,3.9611832973398577,1,5.0
C035-H100,Q2-002-G01,2,47.662503217766925,1555.5091778292267,1560.5091778292267,3.8732383139764863,1,5.0
C035-H100,Q2-003-G01,1,47.662503217766925,738.3506103515625,1136.7381147191898,2.242455378764106,81,398.38750436762723
C035-H100,Q2-004-G01,1,47.662503217766925,859.6521899414063,869.6521899414063,3.749779247368565,2,10.0
C035-H100,Q2-004-G01,2,47.662503217766925,1429.9469909600548,1439.9469909600548,3.6767461329024513,2,10.0
C035-H100,Q2-006-G01,1,47.662503217766925,2313.5763096218043,2468.5763096218043,0.06344651879028618,31,155.0
C035-H100,Q2-006-G01,2,47.662503217766925,3034.209949282858,3189.209949282858,0.08256768699864381,31,155.0
C035-H100,Q2-007-G01,1,47.662503217766925,746.1726928710938,941.1726928710938,0.04254303567000761,39,195.0
C035-H100,Q2-007-G01,2,47.662503217766925,1416.041828323875,1606.041828323875,0.08256768699864381,38,190.0
C035-H100,Q2-008-G01,1,47.662503217766925,2742.246055039964,2782.246055039964,2.880040465711687,8,40.0
C035-H100,Q2-008-G01,2,47.662503217766925,3308.2183179815956,3348.2183179815956,2.8424047612773364,8,40.0
C035-H100,Q2-011-G01,1,47.662503217766925,4319.5196097147345,4376.560072069354,1.4828072063009472,12,57.040462354619194
C035-H100,Q2-011-G01,2,47.662503217766925,4873.265516405291,4925.829871874042,1.4828072063009472,11,52.564355468750364
C035-H100,Q2-013-G01,1,47.662503217766925,4465.430301278538,4605.430301278538,0.05124034742593153,28,140.0
C035-H100,Q2-013-G01,2,47.662503217766925,5301.025492700809,5436.025492700809,0.08049809784280626,27,135.0
C035-H100,Q2-016-G01,1,47.662503217766925,6255.441445068504,6335.441445068504,0.05570110749356161,16,80.0
C035-H100,Q2-016-G01,2,47.662503217766925,7083.699791331518,7163.699791331518,0.07007238274081828,16,80.0
C035-H100,Q2-018-G01,1,47.662503217766925,5311.153889455241,5401.153889455241,1.5055384708728354,18,90.0
C035-H100,Q2-018-G01,2,47.662503217766925,5813.132214248026,5903.132214248026,1.4901278213454532,18,90.0
C035-H100,Q2-019-G01,1,47.662503217766925,7073.518240789452,7215.264825998498,0.8220250477505147,29,141.74658520904632
C035-H100,Q2-019-G01,2,47.662503217766925,7524.879282175256,7660.170847116662,0.8220250477505147,28,135.29156494140625
C035-H100,Q2-022-G01,1,47.662503217766925,2789.3727454533678,2984.3727454533678,0.04254303567000761,39,195.0
C035-H100,Q2-022-G01,2,47.662503217766925,3459.241880906149,3649.241880906149,0.08256768699864381,38,190.0
C035-H200,Q2-002-G01,1,40.768546248638216,749.796787516276,904.796787516276,0.07030299250263283,31,155.0
C035-H200,Q2-002-G01,2,40.768546248638216,1405.5091778292267,1560.5091778292267,0.0139498572777228,31,155.0
C035-H200,Q2-003-G01,1,40.768546248638216,738.3506103515625,1136.7381147191898,2.2466791316001036,81,398.38750436762723
C035-H200,Q2-004-G01,1,40.768546248638216,859.6521899414063,901.9495635918905,2.7846195227818527,9,42.297373650484246
C035-H200,Q2-004-G01,2,40.768546248638216,1398.6148010186484,1439.9469909600548,2.7846195227818527,9,41.33218994140634
C035-H200,Q2-005-G01,1,40.768546248638216,2253.6871872834317,2327.6535125999103,2.3667030238910627,15,73.96632531647856
C035-H200,Q2-005-G01,2,40.768546248638216,2601.2681268577226,2674.2803054058995,2.3667030238910627,15,73.01217854817696
C035-H200,Q2-006-G01,1,40.768546248638216,2313.5763096218043,2468.5763096218043,0.06417497173956122,31,155.0
C035-H200,Q2-006-G01,2,40.768546248638216,3034.209949282858,3189.209949282858,0.0832993545306806,31,155.0
C035-H200,Q2-007-G01,1,40.768546248638216,746.1726928710938,941.1726928710938,0.043267990558561564,39,195.0
C035-H200,Q2-007-G01,2,40.768546248638216,1416.041828323875,1606.041828323875,0.0832993545306806,38,190.0
C035-H200,Q2-008-G01,1,40.768546248638216,2742.246055039964,2848.5528476039913,1.2776112407727425,22,106.30679256402709
C035-H200,Q2-008-G01,2,40.768546248638216,3243.3703769008666,3348.2183179815956,1.2776112407727425,21,104.84794108072902
C035-H200,Q2-011-G01,1,40.768546248638216,4319.5196097147345,4401.560072069354,1.4834775574418018,17,82.0404623546192
C035-H200,Q2-011-G01,2,40.768546248638216,4853.265516405291,4925.829871874042,1.4835018571781973,15,72.56435546875036
C035-H200,Q2-013-G01,1,40.768546248638216,4465.430301278538,4605.430301278538,0.05322660729513018,28,140.0
C035-H200,Q2-013-G01,2,40.768546248638216,5301.025492700809,5436.025492700809,0.08249778710504074,27,135.0
C035-H200,Q2-015-G01,1,40.768546248638216,4600.530620632572,4620.530620632572,3.44074043508526,4,20.0
C035-H200,Q2-015-G01,2,40.768546248638216,5433.498949121249,5453.498949121249,3.4650702239754736,4,20.0
C035-H200,Q2-016-G01,1,40.768546248638216,6255.441445068504,6335.441445068504,0.05837631871912663,16,80.0
C035-H200,Q2-016-G01,2,40.768546248638216,7083.699791331518,7163.699791331518,0.07275646393426882,16,80.0
C035-H200,Q2-018-G01,1,40.768546248638216,5311.153889455241,5431.153889455241,0.8033000566120876,24,120.0
C035-H200,Q2-018-G01,2,40.768546248638216,5783.132214248026,5903.132214248026,0.7890681923231426,24,120.0
C035-H200,Q2-019-G01,1,40.768546248638216,7073.518240789452,7660.170847116662,0.8212794980040883,120,586.6526063272104
C035-H200,Q2-020-G01,1,40.768546248638216,1990.600882530999,2015.600882530999,3.44074043508526,5,25.0
C035-H200,Q2-020-G01,2,40.768546248638216,2869.622201141521,2894.622201141521,3.4342079847563696,5,25.0
C035-H200,Q2-021-G01,1,40.768546248638216,2020.600882530999,2045.600882530999,3.44074043508526,5,25.0
C035-H200,Q2-021-G01,2,40.768546248638216,2929.622201141521,2954.622201141521,3.4342079847563696,5,25.0
C035-H200,Q2-022-G01,1,40.768546248638216,2789.3727454533678,2984.3727454533678,0.043267990558561564,39,195.0
C035-H200,Q2-022-G01,2,40.768546248638216,3459.241880906149,3649.241880906149,0.0832993545306806,38,190.0
C035-H200,Q2-023-G01,1,40.768546248638216,6651.053944276595,6671.053944276595,3.44074043508526,4,20.0
C035-H200,Q2-023-G01,2,40.768546248638216,7454.022272765272,7474.022272765272,3.4650702239754736,4,20.0
C035-H300,Q2-002-G01,1,36.961537329752105,749.796787516276,904.796787516276,0.07138904542460978,31,155.0
C035-H300,Q2-002-G01,2,36.961537329752105,1405.5091778292267,1560.5091778292267,0.015021907113776933,31,155.0
C035-H300,Q2-003-G01,1,36.961537329752105,738.3506103515625,1136.7381147191898,2.246339385312112,81,398.38750436762723
C035-H300,Q2-004-G01,1,36.961537329752105,859.6521899414063,921.9495635918905,2.7897864521597455,13,62.297373650484246
C035-H300,Q2-004-G01,2,36.961537329752105,1383.6148010186484,1439.9469909600548,2.7897864521597455,12,56.33218994140634
C035-H300,Q2-005-G01,1,36.961537329752105,2253.6871872834317,2332.6535125999103,2.368527045177217,16,78.96632531647856
C035-H300,Q2-005-G01,2,36.961537329752105,2596.2681268577226,2674.2803054058995,2.3684576480675616,16,78.01217854817696
C035-H300,Q2-006-G01,1,36.961537329752105,2313.5763096218043,2468.5763096218043,0.06266165304484161,31,155.0
C035-H300,Q2-006-G01,2,36.961537329752105,3034.209949282858,3189.209949282858,0.08177935833302286,31,155.0
C035-H300,Q2-007-G01,1,36.961537329752105,746.1726928710938,941.1726928710938,0.04176193822840446,39,195.0
C035-H300,Q2-007-G01,2,36.961537329752105,1416.041828323875,1606.041828323875,0.08177935833302286,38,190.0
C035-H300,Q2-008-G01,1,36.961537329752105,2742.246055039964,2853.5528476039913,1.28345046674076,23,111.30679256402709
C035-H300,Q2-008-G01,2,36.961537329752105,3238.3703769008666,3348.2183179815956,1.28345046674076,22,109.84794108072902
C035-H300,Q2-011-G01,1,36.961537329752105,4319.5196097147345,4421.560072069354,1.477288098509277,21,102.0404623546192
C035-H300,Q2-011-G01,2,36.961537329752105,4833.265516405291,4925.829871874042,1.4766885062634856,19,92.56435546875036
C035-H300,Q2-013-G01,1,36.961537329752105,4465.430301278538,4605.430301278538,0.0529768772965582,28,140.0
C035-H300,Q2-013-G01,2,36.961537329752105,5301.025492700809,5436.025492700809,0.08224636830561849,27,135.0
C035-H300,Q2-015-G01,1,36.961537329752105,4600.530620632572,4695.530620632572,1.3956092604662729,19,95.0
C035-H300,Q2-015-G01,2,36.961537329752105,5358.498949121249,5453.498949121249,1.4148522681452533,19,95.0
C035-H300,Q2-016-G01,1,36.961537329752105,6255.441445068504,6335.441445068504,0.058813271239671394,16,80.0
C035-H300,Q2-016-G01,2,36.961537329752105,7083.699791331518,7163.699791331518,0.07319486574159839,16,80.0
C035-H300,Q2-018-G01,1,36.961537329752105,5311.153889455241,5456.77942697589,0.3505149848590179,30,145.62553752064832
C035-H300,Q2-018-G01,2,36.961537329752105,5760.699129124328,5903.132214248026,0.3505149848590179,29,142.43308512369822
C035-H300,Q2-019-G01,1,36.961537329752105,7073.518240789452,7660.170847116662,0.8173116786722403,120,586.6526063272104
C035-H300,Q2-020-G01,1,36.961537329752105,1990.600882530999,2105.600882530999,1.4690945473588215,23,115.00000000000023
C035-H300,Q2-020-G01,2,36.961537329752105,2779.622201141521,2894.622201141521,1.4638821044979267,23,115.0
C035-H300,Q2-021-G01,1,36.961537329752105,2020.600882530999,2135.600882530999,1.4690945473588215,23,115.00000000000023
C035-H300,Q2-021-G01,2,36.961537329752105,2839.622201141521,2954.622201141521,1.4638821044979267,23,115.0
C035-H300,Q2-022-G01,1,36.961537329752105,2789.3727454533678,2984.3727454533678,0.04176193822840446,39,195.0
C035-H300,Q2-022-G01,2,36.961537329752105,3459.241880906149,3649.241880906149,0.08177935833302286,38,190.0
C035-H300,Q2-023-G01,1,36.961537329752105,6651.053944276595,6746.053944276595,1.3956092604662729,19,95.0
C035-H300,Q2-023-G01,2,36.961537329752105,7379.022272765272,7474.022272765272,1.4148522681452533,19,95.0
C036-H100,Q2-006-G01,1,5.879133112586317,2313.5763096218043,2333.5763096218043,0.06689090209872006,4,20.0
C036-H100,Q2-006-G01,2,5.879133112586317,3169.209949282858,3189.209949282858,0.08381141049072482,4,20.0
C036-H100,Q2-007-G01,1,5.879133112586317,746.1726928710938,771.1726928710938,0.06689090209872006,5,25.0
C036-H100,Q2-007-G01,2,5.879133112586317,1581.041828323875,1606.041828323875,0.028279750569353723,5,25.0
C036-H100,Q2-011-G01,1,5.879133112586317,4319.5196097147345,4354.5196097147345,0.44477742463853076,7,35.0
C036-H100,Q2-011-G01,2,5.879133112586317,4890.829871874042,4925.829871874042,0.4070823147923619,7,35.0
C036-H100,Q2-013-G01,1,5.879133112586317,4465.430301278538,4470.430301278538,2.4434102919284726,1,5.0
C036-H100,Q2-015-G01,1,5.879133112586317,4640.530620632572,4725.530620632572,5.181341722261536,17,85.0
C036-H100,Q2-015-G01,2,5.879133112586317,5328.498949121249,5413.498949121249,5.207565614621956,17,85.0
C036-H100,Q2-019-G01,1,5.879133112586317,7073.518240789452,7088.518240789452,0.0860490100616147,3,15.0
C036-H100,Q2-019-G01,2,5.879133112586317,7645.170847116662,7660.170847116662,0.0497135780748863,3,15.0
C036-H100,Q2-020-G01,1,5.879133112586317,2035.600882530999,2145.600882530999,5.214628710363314,22,110.00000000000023
C036-H100,Q2-020-G01,2,5.879133112586317,2739.622201141521,2849.622201141521,5.207565614621956,22,110.0
C036-H100,Q2-021-G01,1,5.879133112586317,2065.600882530999,2175.600882530999,5.214628710363314,22,110.0
C036-H100,Q2-021-G01,2,5.879133112586317,2799.622201141521,2909.622201141521,5.207565614621956,22,110.0
C036-H100,Q2-022-G01,1,5.879133112586317,2789.3727454533678,2814.3727454533678,0.06689090209872006,5,25.0
C036-H100,Q2-022-G01,2,5.879133112586317,3624.241880906149,3649.241880906149,0.028279750569353723,5,25.0
C036-H100,Q2-023-G01,1,5.879133112586317,6691.053944276595,6776.053944276595,5.181341722261536,17,85.0
C036-H100,Q2-023-G01,2,5.879133112586317,7349.022272765272,7434.022272765272,5.207565614621956,17,85.0
C036-H200,Q2-006-G01,1,5.855467629600938,2313.5763096218043,2333.5763096218043,0.06433610307017545,4,20.0
C036-H200,Q2-006-G01,2,5.855467629600938,3169.209949282858,3189.209949282858,0.08124664126134462,4,20.0
C036-H200,Q2-007-G01,1,5.855467629600938,746.1726928710938,771.1726928710938,0.06433610307017545,5,25.0
C036-H200,Q2-007-G01,2,5.855467629600938,1581.041828323875,1606.041828323875,0.02574755783912508,5,25.0
C036-H200,Q2-011-G01,1,5.855467629600938,4319.5196097147345,4401.560072069354,0.21849603758563774,17,82.0404623546192
C036-H200,Q2-011-G01,2,5.855467629600938,4853.265516405291,4925.829871874042,0.21855124024642691,15,72.56435546875036
C036-H200,Q2-013-G01,1,5.855467629600938,4465.430301278538,4570.430301278538,0.4614780840812074,21,105.0
C036-H200,Q2-013-G01,2,5.855467629600938,5336.025492700809,5436.025492700809,0.48758957618579757,20,100.0
C036-H200,Q2-015-G01,1,5.855467629600938,4635.530620632572,4760.530620632572,4.079768668532239,25,125.0
C036-H200,Q2-015-G01,2,5.855467629600938,5293.498949121249,5418.498949121249,4.103628960283515,25,125.0
C036-H200,Q2-018-G01,1,5.855467629600938,5356.153889455241,5361.153889455241,4.798999933430025,1,5.0
C036-H200,Q2-018-G01,2,5.855467629600938,5853.132214248026,5858.132214248026,4.782490346502314,1,5.0
C036-H200,Q2-019-G01,1,5.855467629600938,7073.518240789452,7088.518240789452,0.0830778067417981,3,15.0
C036-H200,Q2-019-G01,2,5.855467629600938,7645.170847116662,7660.170847116662,0.04676712135680816,3,15.0
C036-H200,Q2-020-G01,1,5.855467629600938,2030.600882530999,2190.600882530999,4.079768668532239,32,160.00000000000023
C036-H200,Q2-020-G01,2,5.855467629600938,2694.622201141521,2854.622201141521,4.0733597725187565,32,160.0
C036-H200,Q2-021-G01,1,5.855467629600938,2060.600882530999,2220.600882530999,4.079768668532239,32,160.0
C036-H200,Q2-021-G01,2,5.855467629600938,2754.622201141521,2914.622201141521,4.0733597725187565,32,160.0
C036-H200,Q2-022-G01,1,5.855467629600938,2789.3727454533678,2814.3727454533678,0.06433610307017545,5,25.0
C036-H200,Q2-022-G01,2,5.855467629600938,3624.241880906149,3649.241880906149,0.02574755783912508,5,25.0
C036-H200,Q2-023-G01,1,5.855467629600938,6686.053944276595,6811.053944276595,4.079768668532239,25,125.0
C036-H200,Q2-023-G01,2,5.855467629600938,7314.022272765272,7439.022272765272,4.103628960283515,25,125.0
C036-H300,Q2-006-G01,1,5.823477478520715,2313.5763096218043,2333.5763096218043,0.059542522184898417,4,20.0
C036-H300,Q2-006-G01,2,5.823477478520715,3169.209949282858,3189.209949282858,0.0764343691242857,4,20.0
C036-H300,Q2-007-G01,1,5.823477478520715,746.1726928710938,771.1726928710938,0.059542522184898417,5,25.0
C036-H300,Q2-007-G01,2,5.823477478520715,1581.041828323875,1606.041828323875,0.0209963577019181,5,25.0
C036-H300,Q2-011-G01,1,5.823477478520715,4319.5196097147345,4411.560072069354,0.21073281835975877,19,92.0404623546192
C036-H300,Q2-011-G01,2,5.823477478520715,4848.265516405291,4925.829871874042,0.21139899004694485,16,77.56435546875036
C036-H300,Q2-013-G01,1,5.823477478520715,4465.430301278538,4590.430301278538,0.08966707970486709,25,125.0
C036-H300,Q2-013-G01,2,5.823477478520715,5311.025492700809,5436.025492700809,0.024461264998222987,25,125.0
C036-H300,Q2-015-G01,1,5.823477478520715,4630.530620632572,4795.530620632572,3.071918105206578,33,165.0
C036-H300,Q2-015-G01,2,5.823477478520715,5258.498949121249,5423.498949121249,3.093619868668725,33,165.0
C036-H300,Q2-018-G01,1,5.823477478520715,5311.153889455241,5411.153889455241,3.50733984389953,20,100.0
C036-H300,Q2-018-G01,2,5.823477478520715,5803.132214248026,5903.132214248026,3.4915963599185176,20,100.0
C036-H300,Q2-019-G01,1,5.823477478520715,7073.518240789452,7088.518240789452,0.07785888009946973,3,15.0
C036-H300,Q2-019-G01,2,5.823477478520715,7645.170847116662,7660.170847116662,0.04159162156257423,3,15.0
C036-H300,Q2-020-G01,1,5.823477478520715,2025.600882530999,2235.600882530999,3.0444448140782328,42,210.00000000000023
C036-H300,Q2-020-G01,2,5.823477478520715,2649.622201141521,2859.622201141521,3.0386309670081175,42,210.0
C036-H300,Q2-021-G01,1,5.823477478520715,2055.600882530999,2265.600882530999,3.0444448140782328,42,210.0
C036-H300,Q2-021-G01,2,5.823477478520715,2709.622201141521,2919.622201141521,3.0386309670081175,42,210.0
C036-H300,Q2-022-G01,1,5.823477478520715,2789.3727454533678,2814.3727454533678,0.059542522184898417,5,25.0
C036-H300,Q2-022-G01,2,5.823477478520715,3624.241880906149,3649.241880906149,0.0209963577019181,5,25.0
C036-H300,Q2-023-G01,1,5.823477478520715,6681.053944276595,6846.053944276595,3.071918105206578,33,165.0
C036-H300,Q2-023-G01,2,5.823477478520715,7279.022272765272,7444.022272765272,3.093619868668725,33,165.0
C037-H100,Q2-002-G01,1,4.120907507277579,749.796787516276,894.796787516276,2.951108622669196,29,145.0
C037-H100,Q2-002-G01,2,4.120907507277579,1415.5091778292267,1560.5091778292267,2.8906290568406803,29,145.0
C037-H100,Q2-003-G01,1,4.120907507277579,738.3506103515625,793.3506103515625,7.3455156001286355,11,55.0
C037-H100,Q2-003-G01,2,4.120907507277579,1076.7381147191898,1136.7381147191898,7.254953597998096,12,60.0
C037-H100,Q2-005-G01,1,4.120907507277579,2253.6871872834317,2674.2803054058995,11.666696578006935,85,420.5931181224678
C037-H100,Q2-006-G01,1,4.120907507277579,2313.5763096218043,2428.5763096218043,0.8055639115433166,23,115.0
C037-H100,Q2-006-G01,2,4.120907507277579,3069.209949282858,3189.209949282858,0.7344283366172419,24,120.0
C037-H100,Q2-007-G01,1,4.120907507277579,746.1726928710938,891.1726928710938,0.7881442031720951,29,145.0
C037-H100,Q2-007-G01,2,4.120907507277579,1461.041828323875,1606.041828323875,0.7518159759956404,29,145.0
C037-H100,Q2-008-G01,1,4.120907507277579,2742.246055039964,3348.2183179815956,2.2170281578916473,122,605.9722629416315
C037-H100,Q2-019-G01,1,4.120907507277579,7073.518240789452,7158.518240789452,1.579380553871701,17,85.0
C037-H100,Q2-019-G01,2,4.120907507277579,7575.170847116662,7660.170847116662,1.5504530409082236,17,85.0
C037-H100,Q2-022-G01,1,4.120907507277579,2789.3727454533678,2934.3727454533678,0.7881442031720951,29,145.0
C037-H100,Q2-022-G01,2,4.120907507277579,3504.241880906149,3649.241880906149,0.7518159759956404,29,145.0
C037-H200,Q2-002-G01,1,4.103542950405583,749.796787516276,1017.4962452934196,1.0729271676219412,54,267.6994577771436
C037-H200,Q2-002-G01,2,4.103542950405583,1301.4123903129507,1560.5091778292267,1.0729368286031047,52,259.096787516276
C037-H200,Q2-003-G01,1,4.103542950405583,738.3506103515625,811.6334386124188,7.104974522218555,15,73.28282826085626
C037-H200,Q2-003-G01,2,4.103542950405583,1063.0541710342939,1136.7381147191898,7.104812969558168,15,73.6839436848959
C037-H200,Q2-005-G01,1,4.103542950405583,2253.6871872834317,2674.2803054058995,11.634057529426968,85,420.5931181224678
C037-H200,Q2-006-G01,1,4.103542950405583,2313.5763096218043,2473.5763096218043,0.03055178605632136,32,160.0
C037-H200,Q2-006-G01,2,4.103542950405583,3029.209949282858,3189.209949282858,0.04591745292994176,32,160.0
C037-H200,Q2-007-G01,1,4.103542950405583,746.1726928710938,946.1726928710938,0.03055178605632136,40,200.0
C037-H200,Q2-007-G01,2,4.103542950405583,1411.041828323875,1606.041828323875,0.06276854529723153,39,195.0
C037-H200,Q2-008-G01,1,4.103542950405583,2742.246055039964,3348.2183179815956,2.2297555397306894,122,605.9722629416315
C037-H200,Q2-019-G01,1,4.103542950405583,7073.518240789452,7660.170847116662,0.9185546920814431,120,586.6526063272104
C037-H200,Q2-022-G01,1,4.103542950405583,2789.3727454533678,2989.3727454533678,0.03055178605632136,40,200.0
C037-H200,Q2-022-G01,2,4.103542950405583,3454.241880906149,3649.241880906149,0.06276854529723153,39,195.0
C037-H300,Q2-002-G01,1,4.080590644294475,749.796787516276,1032.4962452934196,1.0639222063074953,57,282.6994577771436
C037-H300,Q2-002-G01,2,4.080590644294475,1286.4123903129507,1560.5091778292267,1.0632963294160902,55,274.096787516276
C037-H300,Q2-003-G01,1,4.080590644294475,738.3506103515625,1136.7381147191898,7.079654260453481,81,398.38750436762723
C037-H300,Q2-005-G01,1,4.080590644294475,2253.6871872834317,2674.2803054058995,11.569833856048632,85,420.5931181224678
C037-H300,Q2-006-G01,1,4.080590644294475,2313.5763096218043,2473.5763096218043,0.025184089117743724,32,160.0
C037-H300,Q2-006-G01,2,4.080590644294475,3029.209949282858,3189.209949282858,0.0405307428318622,32,160.0
C037-H300,Q2-007-G01,1,4.080590644294475,746.1726928710938,946.1726928710938,0.025184089117743724,40,200.0
C037-H300,Q2-007-G01,2,4.080590644294475,1411.041828323875,1606.041828323875,0.057360906616196417,39,195.0
C037-H300,Q2-008-G01,1,4.080590644294475,2742.246055039964,3348.2183179815956,2.1559517057065847,122,605.9722629416315
C037-H300,Q2-019-G01,1,4.080590644294475,7073.518240789452,7660.170847116662,0.9097571503570094,120,586.6526063272104
C037-H300,Q2-022-G01,1,4.080590644294475,2789.3727454533678,2989.3727454533678,0.025184089117743724,40,200.0
C037-H300,Q2-022-G01,2,4.080590644294475,3454.241880906149,3649.241880906149,0.057360906616196417,39,195.0
C038-H100,Q2-002-G01,1,4.057277349991878,749.796787516276,894.796787516276,2.9574458138683895,29,145.0
C038-H100,Q2-002-G01,2,4.057277349991878,929.796787516276,939.796787516276,1.9736626048712367,2,10.0
C038-H100,Q2-002-G01,3,4.057277349991878,1375.5091778292267,1380.5091778292267,2.0227898539939417,1,5.0
C038-H100,Q2-002-G01,4,4.057277349991878,1420.5091778292267,1560.5091778292267,3.0088514752111735,28,140.0
C038-H100,Q2-003-G01,1,4.057277349991878,738.3506103515625,793.3506103515625,7.350541117137624,11,55.0
C038-H100,Q2-003-G01,2,4.057277349991878,1081.7381147191898,1136.7381147191898,7.396796563931403,11,55.0
C038-H100,Q2-005-G01,1,4.057277349991878,2253.6871872834317,2674.2803054058995,11.733813136128461,85,420.5931181224678
C038-H100,Q2-006-G01,1,4.057277349991878,2313.5763096218043,2423.5763096218043,0.8790097281060127,22,110.0
C038-H100,Q2-006-G01,2,4.057277349991878,3079.209949282858,3189.209949282858,0.8948687715555366,22,110.0
C038-H100,Q2-007-G01,1,4.057277349991878,746.1726928710938,881.1726928710938,0.9137734858692994,27,135.0
C038-H100,Q2-007-G01,2,4.057277349991878,1471.041828323875,1606.041828323875,0.8774918694483205,27,135.0
C038-H100,Q2-008-G01,1,4.057277349991878,2742.246055039964,3348.2183179815956,2.381289506660991,122,605.9722629416315
C038-H100,Q2-019-G01,1,4.057277349991878,7073.518240789452,7163.518240789452,1.4748803560995611,18,90.0
C038-H100,Q2-019-G01,2,4.057277349991878,7570.170847116662,7660.170847116662,1.4458319288426225,18,90.0
C038-H100,Q2-022-G01,1,4.057277349991878,2789.3727454533678,2924.3727454533678,0.9137734858692994,27,135.0
C038-H100,Q2-022-G01,2,4.057277349991878,3514.241880906149,3649.241880906149,0.8774918694483205,27,135.0
C038-H200,Q2-002-G01,1,4.039883801209356,749.796787516276,1022.4962452934196,1.0838491603633287,55,272.6994577771436
C038-H200,Q2-002-G01,2,4.039883801209356,1296.4123903129507,1560.5091778292267,1.0837311582192797,53,264.096787516276
C038-H200,Q2-003-G01,1,4.039883801209356,738.3506103515625,816.6334386124188,7.110384400662198,16,78.28282826085626
C038-H200,Q2-003-G01,2,4.039883801209356,1063.0541710342939,1136.7381147191898,7.112291899344854,15,73.6839436848959
C038-H200,Q2-005-G01,1,4.039883801209356,2253.6871872834317,2674.2803054058995,11.699027960057464,85,420.5931181224678
C038-H200,Q2-006-G01,1,4.039883801209356,2313.5763096218043,2473.5763096218043,0.020937904496577175,32,160.0
C038-H200,Q2-006-G01,2,4.039883801209356,3029.209949282858,3189.209949282858,0.03623626366852761,32,160.0
C038-H200,Q2-007-G01,1,4.039883801209356,746.1726928710938,946.1726928710938,0.020937904496577175,40,200.0
C038-H200,Q2-007-G01,2,4.039883801209356,1411.041828323875,1606.041828323875,0.05301316417487101,39,195.0
C038-H200,Q2-008-G01,1,4.039883801209356,2742.246055039964,3348.2183179815956,2.388267999486189,122,605.9722629416315
C038-H200,Q2-019-G01,1,4.039883801209356,7073.518240789452,7660.170847116662,0.9064478920201537,120,586.6526063272104
C038-H200,Q2-022-G01,1,4.039883801209356,2789.3727454533678,2989.3727454533678,0.020937904496577175,40,200.0
C038-H200,Q2-022-G01,2,4.039883801209356,3454.241880906149,3649.241880906149,0.05301316417487101,39,195.0
C038-H300,Q2-002-G01,1,4.016985032379893,749.796787516276,1032.4962452934196,1.075242855407538,57,282.6994577771436
C038-H300,Q2-002-G01,2,4.016985032379893,1286.4123903129507,1560.5091778292267,1.074604993645579,55,274.096787516276
C038-H300,Q2-003-G01,1,4.016985032379893,738.3506103515625,1136.7381147191898,7.086438079560935,81,398.38750436762723
C038-H300,Q2-005-G01,1,4.016985032379893,2253.6871872834317,2674.2803054058995,11.632228803831808,85,420.5931181224678
C038-H300,Q2-006-G01,1,4.016985032379893,2313.5763096218043,2473.5763096218043,0.015470808779284084,32,160.0
C038-H300,Q2-006-G01,2,4.016985032379893,3029.209949282858,3189.209949282858,0.03074988790497457,32,160.0
C038-H300,Q2-007-G01,1,4.016985032379893,746.1726928710938,946.1726928710938,0.015470808779284084,40,200.0
C038-H300,Q2-007-G01,2,4.016985032379893,1411.041828323875,1606.041828323875,0.04750556687939422,39,195.0
C038-H300,Q2-008-G01,1,4.016985032379893,2742.246055039964,3348.2183179815956,2.3098572571077938,122,605.9722629416315
C038-H300,Q2-019-G01,1,4.016985032379893,7073.518240789452,7660.170847116662,0.8975384993737947,120,586.6526063272104
C038-H300,Q2-022-G01,1,4.016985032379893,2789.3727454533678,2989.3727454533678,0.015470808779284084,40,200.0
C038-H300,Q2-022-G01,2,4.016985032379893,3454.241880906149,3649.241880906149,0.04750556687939422,39,195.0
C039-H100,Q2-002-G01,1,1.274060603247733,904.796787516276,909.796787516276,2.3512553147617723,1,5.0
C039-H100,Q2-002-G01,2,1.274060603247733,1405.5091778292267,1410.5091778292267,2.3858299759011743,1,5.0
C039-H100,Q2-005-G01,1,1.274060603247733,2273.6871872834317,2654.2803054058995,0.09285703649244681,77,380.5931181224678
C039-H100,Q2-008-G01,1,1.274060603247733,2742.246055039964,3348.2183179815956,2.341268170696253,122,605.9722629416315
C039-H200,Q2-002-G01,1,1.2641936465211359,794.796787516276,997.4962452934196,1.194887394636396,41,202.6994577771436
C039-H200,Q2-002-G01,2,1.2641936465211359,1316.4123903129507,1520.5091778292267,1.194686800952951,41,204.09678751627598
C039-H200,Q2-005-G01,1,1.2641936465211359,2273.6871872834317,2654.2803054058995,0.08259645644182001,77,380.5931181224678
C039-H200,Q2-008-G01,1,1.2641936465211359,2742.246055039964,3348.2183179815956,12.377167803419667,122,605.9722629416315
C039-H300,Q2-002-G01,1,1.2514010778850349,749.796787516276,1560.5091778292267,1.1798732140257187,163,810.7123903129507
C039-H300,Q2-003-G01,1,1.2514010778850349,738.3506103515625,811.6334386124188,5.965618283639429,15,73.28282826085626
C039-H300,Q2-003-G01,2,1.2514010778850349,1063.0541710342939,1136.7381147191898,5.953449546906171,15,73.6839436848959
C039-H300,Q2-005-G01,1,1.2514010778850349,2253.6871872834317,2674.2803054058995,9.373685210579438,85,420.5931181224678
C039-H300,Q2-006-G01,1,1.2514010778850349,2313.5763096218043,2403.5763096218043,0.05519242209332731,18,90.0
C039-H300,Q2-006-G01,2,1.2514010778850349,3094.209949282858,3189.209949282858,0.00664358204616633,19,95.0
C039-H300,Q2-007-G01,1,1.2514010778850349,746.1726928710938,861.1726928710938,0.031473592930467476,23,115.0
C039-H300,Q2-007-G01,2,1.2514010778850349,1491.041828323875,1606.041828323875,0.00664358204616633,23,115.0
C039-H300,Q2-008-G01,1,1.2514010778850349,2742.246055039964,3348.2183179815956,12.375026406508823,122,605.9722629416315
C039-H300,Q2-019-G01,1,1.2514010778850349,7073.518240789452,7188.518240789452,0.006609757686334206,23,115.0
C039-H300,Q2-019-G01,2,1.2514010778850349,7550.170847116662,7660.170847116662,0.046748270503542244,22,110.0
C039-H300,Q2-022-G01,1,1.2514010778850349,2789.3727454533678,2904.3727454533678,0.031473592930467476,23,115.0
C039-H300,Q2-022-G01,2,1.2514010778850349,3534.241880906149,3649.241880906149,0.00664358204616633,23,115.0
