随机种子,iteration,best_timeliness_loss,best_makespan,best_energy,best_trip_count
20260924,1,537639.120723311,10730.636718789383,61.2891364567802,18
20260924,3,502656.1953924488,11187.140932541699,61.10404472311338,18
20260924,8,502656.1953924488,11187.140932541699,61.10404472311338,18
20260924,10,502656.1953924488,11187.140932541699,61.10404472311338,18
20260924,17,451560.1778858731,10438.198472178849,61.10404472311338,18
20260924,18,412634.8534431484,10856.02024262,61.10404472311338,18
20260924,20,412634.8534431484,10856.02024262,61.10404472311338,18
20260924,29,412634.8534431484,10856.02024262,61.10404472311338,18
20260924,30,412634.8534431484,10856.02024262,61.10404472311338,18
20260924,34,406759.5379617762,10694.240087155089,61.10404472311338,18
20260924,40,406759.5379617762,10694.240087155089,61.10404472311338,18
20260924,43,406759.5379617762,10694.240087155089,61.10404472311338,18
20260924,50,406759.5379617762,10694.240087155089,61.10404472311338,18
20260924,51,379159.48609282606,10651.437136939361,61.10404472311338,18
20260924,56,379159.48609282606,10651.437136939361,61.10404472311338,18
20260924,60,379159.48609282606,10651.437136939361,61.10404472311338,18
20260924,61,379159.48609282606,10651.437136939361,61.10404472311338,18
20260924,66,263595.22293376597,9993.654626466734,61.10404472311338,18
20260924,69,263595.22293376597,9993.654626466734,61.10404472311338,18
20260924,70,263595.22293376597,9993.654626466734,61.10404472311338,18
20260924,71,263595.22293376597,9993.654626466734,61.10404472311338,18
20260924,73,263595.22293376597,9993.654626466734,61.10404472311338,18
20260924,77,263595.22293376597,9993.654626466734,61.10404472311338,18
20260924,80,263595.22293376597,9993.654626466734,61.10404472311338,18
20260924,83,211819.63748528276,10138.271825162186,61.22409379152039,18
20260924,84,196100.66836136254,9683.988952046077,59.15314481400875,18
20260924,87,196100.66836136254,9683.988952046077,59.15314481400875,18
20260924,89,190634.4199808035,9683.988952046077,59.15314481400875,18
20260924,90,184849.43379811884,9683.988952046077,59.15314481400875,18
20260924,100,184849.43379811884,9683.988952046077,59.15314481400875,18
20260924,110,184849.43379811884,9683.988952046077,59.15314481400875,18
20260924,120,184849.43379811884,9683.988952046077,59.15314481400875,18
20260924,130,184849.43379811884,9683.988952046077,59.15314481400875,18
20260924,140,184849.43379811884,9683.988952046077,59.15314481400875,18
20260924,150,184849.43379811884,9683.988952046077,59.15314481400875,18
20260924,160,184849.43379811884,9683.988952046077,59.15314481400875,18
20260924,170,184849.43379811884,9683.988952046077,59.15314481400875,18
20260924,180,184849.43379811884,9683.988952046077,59.15314481400875,18
20260924,190,184849.43379811884,9683.988952046077,59.15314481400875,18
20260924,200,184849.43379811884,9683.988952046077,59.15314481400875,18
20260924,210,184849.43379811884,9683.988952046077,59.15314481400875,18
20260924,220,184849.43379811884,9683.988952046077,59.15314481400875,18
20260924,230,184849.43379811884,9683.988952046077,59.15314481400875,18
20260924,240,184849.43379811884,9683.988952046077,59.15314481400875,18
20260924,250,184849.43379811884,9683.988952046077,59.15314481400875,18
20260924,260,184849.43379811884,9683.988952046077,59.15314481400875,18
20260924,270,184849.43379811884,9683.988952046077,59.15314481400875,18
20260924,280,184849.43379811884,9683.988952046077,59.15314481400875,18
20260924,290,184849.43379811884,9683.988952046077,59.15314481400875,18
20260924,300,184849.43379811884,9683.988952046077,59.15314481400875,18
20260924,310,184849.43379811884,9683.988952046077,59.15314481400875,18
20260924,320,184849.43379811884,9683.988952046077,59.15314481400875,18
20260924,330,184849.43379811884,9683.988952046077,59.15314481400875,18
20260924,336,101272.27278759528,9403.916739254904,60.423303371786815,18
20260924,340,101272.27278759528,9403.916739254904,60.423303371786815,18
20260924,342,101272.27278759528,9403.916739254904,60.423303371786815,18
20260924,350,101272.27278759528,9403.916739254904,60.423303371786815,18
20260924,352,101272.27278759528,9403.916739254904,60.423303371786815,18
20260924,360,101272.27278759528,9403.916739254904,60.423303371786815,18
20260924,365,101272.27278759528,9403.916739254904,60.42330337178681,18
20260924,370,101272.27278759528,9403.916739254904,60.42330337178681,18
20260924,378,101272.27278759528,9403.916739254904,60.42330337178681,18
20260924,380,101272.27278759528,9403.916739254904,60.42330337178681,18
20260924,385,101272.27278759528,9403.916739254904,60.42330337178681,18
20260924,386,91544.21770857496,9403.916739254904,60.42330337178681,18
20260924,390,91544.21770857496,9403.916739254904,60.42330337178681,18
20260924,400,91544.21770857496,9403.916739254904,60.42330337178681,18
20260924,410,91544.21770857496,9403.916739254904,60.42330337178681,18
20260924,418,88140.76821935725,9403.916739254904,60.29666246216713,18
20260924,420,88140.76821935725,9403.916739254904,60.29666246216713,18
20260924,430,88140.76821935725,9403.916739254904,60.29666246216713,18
20260924,440,88140.76821935725,9403.916739254904,60.29666246216713,18
20260924,450,88140.76821935725,9403.916739254904,60.29666246216713,18
20260924,460,88140.76821935725,9403.916739254904,60.29666246216713,18
20260924,468,88140.76821935725,9403.916739254904,60.29666246216712,18
20260924,470,88140.76821935725,9403.916739254904,60.29666246216712,18
20260924,476,88140.76821935725,9403.916739254904,60.29666246216712,18
20260924,480,88140.76821935725,9403.916739254904,60.29666246216712,18
20260924,482,88140.76821935725,9403.916739254904,60.29666246216712,18
20260924,485,88140.76821935725,9403.916739254904,60.29666246216712,18
20260924,488,88140.76821935725,9403.916739254904,60.29666246216712,18
20260924,489,84347.46544032313,9277.4733132871,60.29666246216712,18
20260924,490,84347.46544032313,9277.4733132871,60.29666246216712,18
20260924,499,84347.46544032313,9277.4733132871,60.29666246216712,18
20260924,500,84347.46544032313,9277.4733132871,60.29666246216712,18
20260924,510,84347.46544032313,9277.4733132871,60.29666246216712,18
20260924,511,84347.46544032313,9277.4733132871,60.29666246216712,18
20260924,513,84347.46544032313,9277.4733132871,60.29666246216712,18
20260924,514,84347.46544032313,9277.4733132871,60.29666246216712,18
20260924,520,84347.46544032313,9277.4733132871,60.29666246216712,18
20260924,522,84347.46544032313,9277.4733132871,60.29666246216712,18
20260924,523,84347.46544032313,9277.4733132871,60.29666246216712,18
20260924,530,84347.46544032313,9277.4733132871,60.29666246216712,18
20260924,534,84347.46544032313,9277.4733132871,60.29666246216712,18
20260924,536,84347.46544032313,9277.4733132871,60.29666246216712,18
20260924,539,84347.46544032313,9277.4733132871,60.29666246216712,18
20260924,540,84347.46544032313,9277.4733132871,60.29666246216712,18
20260924,545,84347.46544032313,9277.4733132871,60.29666246216712,18
20260924,550,84347.46544032313,9277.4733132871,60.29666246216712,18
20260924,555,84347.46544032313,9277.4733132871,60.29666246216712,18
20260924,560,84347.46544032313,9277.4733132871,60.29666246216712,18
20260924,570,84347.46544032313,9277.4733132871,60.29666246216712,18
20260924,573,84347.46544032313,9277.4733132871,60.29666246216712,18
20260924,578,84347.46544032313,9277.4733132871,60.29666246216712,18
20260924,580,84347.46544032313,9277.4733132871,60.29666246216712,18
20260924,581,82367.46544032313,9277.4733132871,59.710088782444366,18
20260924,590,82367.46544032313,9277.4733132871,59.710088782444366,18
20260924,600,82367.46544032313,9277.4733132871,59.710088782444366,18
20260924,605,82367.46544032313,9277.4733132871,59.710088782444366,18
20260924,607,82367.46544032313,9277.4733132871,59.710088782444366,18
20260924,608,82367.46544032313,9277.4733132871,59.710088782444366,18
20260924,609,82367.46544032313,9277.4733132871,59.710088782444366,18
20260924,610,82367.46544032313,9277.4733132871,59.710088782444366,18
20260924,613,82367.46544032313,9277.4733132871,59.710088782444366,18
20260924,617,82367.46544032313,9277.4733132871,59.710088782444366,18
20260924,620,82367.46544032313,9277.4733132871,59.710088782444366,18
20260924,621,82367.46544032313,9277.4733132871,59.710088782444366,18
20260924,626,82367.46544032313,9277.4733132871,59.710088782444366,18
20260924,630,82367.46544032313,9277.4733132871,59.710088782444366,18
20260924,639,82367.46544032313,9277.4733132871,59.710088782444366,18
20260924,640,82367.46544032313,9277.4733132871,59.710088782444366,18
20260924,650,82367.46544032313,9277.4733132871,59.710088782444366,18
20260924,657,82367.46544032313,9277.4733132871,59.710088782444366,18
20260924,659,82367.46544032313,9277.4733132871,59.710088782444366,18
20260924,660,82367.46544032313,9277.4733132871,59.710088782444366,18
20260924,661,82367.46544032313,9277.4733132871,59.710088782444366,18
20260924,666,82367.46544032313,9277.4733132871,59.710088782444366,18
20260924,670,82367.46544032313,9277.4733132871,59.710088782444366,18
20260924,673,82367.46544032313,9277.4733132871,59.710088782444366,18
20260924,679,82367.46544032313,9277.4733132871,59.710088782444366,18
20260924,680,82367.46544032313,9277.4733132871,59.710088782444366,18
20260924,681,82367.46544032313,9277.4733132871,59.710088782444366,18
20260924,690,82367.46544032313,9277.4733132871,59.710088782444366,18
20260924,692,82367.46544032313,9277.4733132871,59.710088782444366,18
20260924,700,82367.46544032313,9277.4733132871,59.710088782444366,18
20260924,710,82367.46544032313,9277.4733132871,59.710088782444366,18
20260924,720,82367.46544032313,9277.4733132871,59.710088782444366,18
20260924,730,82367.46544032313,9277.4733132871,59.710088782444366,18
20260924,740,82367.46544032313,9277.4733132871,59.710088782444366,18
20260924,750,82367.46544032313,9277.4733132871,59.710088782444366,18
20260924,760,82367.46544032313,9277.4733132871,59.710088782444366,18
20260924,770,82367.46544032313,9277.4733132871,59.710088782444366,18
20260924,780,82367.46544032313,9277.4733132871,59.710088782444366,18
20260924,790,82367.46544032313,9277.4733132871,59.710088782444366,18
20260924,800,82367.46544032313,9277.4733132871,59.710088782444366,18
20260924,810,82367.46544032313,9277.4733132871,59.710088782444366,18
20260924,820,82367.46544032313,9277.4733132871,59.710088782444366,18
20260924,830,82367.46544032313,9277.4733132871,59.710088782444366,18
20260924,840,82367.46544032313,9277.4733132871,59.710088782444366,18
20260924,850,82367.46544032313,9277.4733132871,59.710088782444366,18
20260924,860,82367.46544032313,9277.4733132871,59.710088782444366,18
20260924,870,82367.46544032313,9277.4733132871,59.710088782444366,18
20260924,880,82367.46544032313,9277.4733132871,59.710088782444366,18
20260924,890,82367.46544032313,9277.4733132871,59.710088782444366,18
20260924,900,82367.46544032313,9277.4733132871,59.710088782444366,18
20260924,910,82367.46544032313,9277.4733132871,59.710088782444366,18
20260924,920,82367.46544032313,9277.4733132871,59.710088782444366,18
20260924,930,82367.46544032313,9277.4733132871,59.710088782444366,18
20260924,940,82367.46544032313,9277.4733132871,59.710088782444366,18
20260924,950,82367.46544032313,9277.4733132871,59.710088782444366,18
20260924,960,82367.46544032313,9277.4733132871,59.710088782444366,18
20260924,970,82367.46544032313,9277.4733132871,59.710088782444366,18
20260924,980,82367.46544032313,9277.4733132871,59.710088782444366,18
20260924,990,82367.46544032313,9277.4733132871,59.710088782444366,18
20260924,1000,82367.46544032313,9277.4733132871,59.710088782444366,18
20260924,1010,82367.46544032313,9277.4733132871,59.710088782444366,18
20260924,1020,82367.46544032313,9277.4733132871,59.710088782444366,18
20260924,1030,82367.46544032313,9277.4733132871,59.710088782444366,18
20260924,1040,82367.46544032313,9277.4733132871,59.710088782444366,18
20260924,1050,82367.46544032313,9277.4733132871,59.710088782444366,18
20260924,1060,82367.46544032313,9277.4733132871,59.710088782444366,18
20260924,1070,82367.46544032313,9277.4733132871,59.710088782444366,18
20260924,1080,82367.46544032313,9277.4733132871,59.710088782444366,18
20260924,1090,82367.46544032313,9277.4733132871,59.710088782444366,18
20260924,1100,82367.46544032313,9277.4733132871,59.710088782444366,18
20260924,1110,82367.46544032313,9277.4733132871,59.710088782444366,18
20260924,1120,82367.46544032313,9277.4733132871,59.710088782444366,18
20260924,1130,82367.46544032313,9277.4733132871,59.710088782444366,18
20260924,1140,82367.46544032313,9277.4733132871,59.710088782444366,18
20260924,1150,82367.46544032313,9277.4733132871,59.710088782444366,18
20260924,1160,82367.46544032313,9277.4733132871,59.710088782444366,18
20260924,1170,82367.46544032313,9277.4733132871,59.710088782444366,18
20260924,1180,82367.46544032313,9277.4733132871,59.710088782444366,18
20260924,1190,82367.46544032313,9277.4733132871,59.710088782444366,18
20260924,1200,82367.46544032313,9277.4733132871,59.710088782444366,18
20260924,1210,82367.46544032313,9277.4733132871,59.710088782444366,18
20260924,1220,82367.46544032313,9277.4733132871,59.710088782444366,18
20260924,1230,82367.46544032313,9277.4733132871,59.710088782444366,18
20260924,1240,82367.46544032313,9277.4733132871,59.710088782444366,18
20260924,1250,82367.46544032313,9277.4733132871,59.710088782444366,18
20260924,1260,82367.46544032313,9277.4733132871,59.710088782444366,18
20260924,1270,82367.46544032313,9277.4733132871,59.710088782444366,18
20260924,1280,82367.46544032313,9277.4733132871,59.710088782444366,18
20260924,1290,82367.46544032313,9277.4733132871,59.710088782444366,18
20260924,1300,82367.46544032313,9277.4733132871,59.710088782444366,18
20260924,1310,82367.46544032313,9277.4733132871,59.710088782444366,18
20260924,1320,82367.46544032313,9277.4733132871,59.710088782444366,18
20260924,1330,82367.46544032313,9277.4733132871,59.710088782444366,18
20260924,1340,82367.46544032313,9277.4733132871,59.710088782444366,18
20260924,1350,82367.46544032313,9277.4733132871,59.710088782444366,18
20260924,1360,82367.46544032313,9277.4733132871,59.710088782444366,18
20260924,1370,82367.46544032313,9277.4733132871,59.710088782444366,18
20260924,1380,82367.46544032313,9277.4733132871,59.710088782444366,18
20260924,1390,82367.46544032313,9277.4733132871,59.710088782444366,18
20260924,1400,82367.46544032313,9277.4733132871,59.710088782444366,18
20260924,1410,82367.46544032313,9277.4733132871,59.710088782444366,18
20260924,1420,82367.46544032313,9277.4733132871,59.710088782444366,18
20260924,1430,82367.46544032313,9277.4733132871,59.710088782444366,18
20260924,1440,82367.46544032313,9277.4733132871,59.710088782444366,18
20260924,1450,82367.46544032313,9277.4733132871,59.710088782444366,18
20260924,1460,82367.46544032313,9277.4733132871,59.710088782444366,18
20260924,1470,82367.46544032313,9277.4733132871,59.710088782444366,18
20260924,1480,82367.46544032313,9277.4733132871,59.710088782444366,18
20260924,1490,82367.46544032313,9277.4733132871,59.710088782444366,18
20260924,1500,82367.46544032313,9277.4733132871,59.710088782444366,18
20260924,1510,82367.46544032313,9277.4733132871,59.710088782444366,18
20260924,1520,82367.46544032313,9277.4733132871,59.710088782444366,18
20260924,1530,82367.46544032313,9277.4733132871,59.710088782444366,18
20260924,1540,82367.46544032313,9277.4733132871,59.710088782444366,18
20260924,1550,82367.46544032313,9277.4733132871,59.710088782444366,18
20260924,1560,82367.46544032313,9277.4733132871,59.710088782444366,18
20260924,1570,82367.46544032313,9277.4733132871,59.710088782444366,18
20260924,1580,82367.46544032313,9277.4733132871,59.710088782444366,18
20260924,1590,82367.46544032313,9277.4733132871,59.710088782444366,18
20260924,1600,82367.46544032313,9277.4733132871,59.710088782444366,18
20260924,1610,82367.46544032313,9277.4733132871,59.710088782444366,18
20260924,1620,82367.46544032313,9277.4733132871,59.710088782444366,18
20260924,1630,82367.46544032313,9277.4733132871,59.710088782444366,18
20260924,1640,82367.46544032313,9277.4733132871,59.710088782444366,18
20260924,1650,82367.46544032313,9277.4733132871,59.710088782444366,18
20260924,1660,82367.46544032313,9277.4733132871,59.710088782444366,18
20260924,1670,82367.46544032313,9277.4733132871,59.710088782444366,18
20260924,1680,82367.46544032313,9277.4733132871,59.710088782444366,18
20260924,1690,82367.46544032313,9277.4733132871,59.710088782444366,18
20260924,1700,82367.46544032313,9277.4733132871,59.710088782444366,18
20260924,1710,82367.46544032313,9277.4733132871,59.710088782444366,18
20260924,1720,82367.46544032313,9277.4733132871,59.710088782444366,18
20260924,1730,82367.46544032313,9277.4733132871,59.710088782444366,18
20260924,1740,82367.46544032313,9277.4733132871,59.710088782444366,18
20260924,1750,82367.46544032313,9277.4733132871,59.710088782444366,18
20260924,1760,82367.46544032313,9277.4733132871,59.710088782444366,18
20260924,1770,82367.46544032313,9277.4733132871,59.710088782444366,18
20260924,1780,82367.46544032313,9277.4733132871,59.710088782444366,18
20260924,1790,82367.46544032313,9277.4733132871,59.710088782444366,18
20260924,1800,82367.46544032313,9277.4733132871,59.710088782444366,18
20260924,1810,82367.46544032313,9277.4733132871,59.710088782444366,18
20260924,1820,82367.46544032313,9277.4733132871,59.710088782444366,18
20260924,1830,82367.46544032313,9277.4733132871,59.710088782444366,18
20260924,1840,82367.46544032313,9277.4733132871,59.710088782444366,18
20260924,1850,82367.46544032313,9277.4733132871,59.710088782444366,18
20260924,1860,82367.46544032313,9277.4733132871,59.710088782444366,18
20260924,1870,82367.46544032313,9277.4733132871,59.710088782444366,18
20260924,1880,82367.46544032313,9277.4733132871,59.710088782444366,18
20260924,1890,82367.46544032313,9277.4733132871,59.710088782444366,18
20260924,1900,82367.46544032313,9277.4733132871,59.710088782444366,18
20260924,1910,82367.46544032313,9277.4733132871,59.710088782444366,18
20260924,1920,82367.46544032313,9277.4733132871,59.710088782444366,18
20260924,1930,82367.46544032313,9277.4733132871,59.710088782444366,18
20260924,1940,82367.46544032313,9277.4733132871,59.710088782444366,18
20260924,1950,82367.46544032313,9277.4733132871,59.710088782444366,18
20260924,1960,82367.46544032313,9277.4733132871,59.710088782444366,18
20260924,1970,82367.46544032313,9277.4733132871,59.710088782444366,18
20260924,1980,82367.46544032313,9277.4733132871,59.710088782444366,18
20260924,1990,82367.46544032313,9277.4733132871,59.710088782444366,18
20260924,2000,82367.46544032313,9277.4733132871,59.710088782444366,18
20260925,1,537639.120723311,10730.636718789383,61.2891364567802,18
20260925,7,537639.120723311,10730.636718789383,61.2891364567802,18
20260925,8,537639.120723311,10730.636718789383,61.2891364567802,18
20260925,10,516907.4570274107,11073.2317747104,61.17194310594852,18
20260925,14,516907.4570274107,11073.2317747104,61.17194310594852,18
20260925,20,516907.4570274107,11073.2317747104,61.17194310594852,18
20260925,22,516907.4570274107,11073.2317747104,61.17194310594852,18
20260925,30,516907.4570274107,11073.2317747104,61.17194310594852,18
20260925,35,516907.4570274107,11073.2317747104,61.17194310594852,18
20260925,40,516907.4570274107,11073.2317747104,61.17194310594852,18
20260925,41,470669.50925816345,10486.555471853344,61.17194310594852,18
20260925,47,470669.50925816345,10486.555471853344,61.17194310594852,18
20260925,50,470669.50925816345,10486.555471853344,61.17194310594852,18
20260925,53,470669.50925816345,10486.555471853344,61.17194310594852,18
20260925,59,470669.50925816345,10486.555471853344,61.17194310594852,18
20260925,60,470669.50925816345,10486.555471853344,61.17194310594852,18
20260925,70,470669.50925816345,10486.555471853344,61.17194310594852,18
20260925,72,470669.50925816345,10486.555471853344,61.17194310594852,18
20260925,75,470669.50925816345,10486.555471853344,61.17194310594852,18
20260925,76,470669.50925816345,10486.555471853344,61.17194310594852,18
20260925,78,470669.50925816345,10486.555471853344,61.17194310594852,18
20260925,80,470669.50925816345,10486.555471853344,61.17194310594852,18
20260925,83,470669.50925816345,10486.555471853344,61.171943105948515,18
20260925,87,470669.50925816345,10486.555471853344,61.171943105948515,18
20260925,90,470669.50925816345,10486.555471853344,61.171943105948515,18
20260925,92,356561.64600421453,10837.707863289079,61.171943105948515,18
20260925,94,356561.64600421453,10837.707863289079,61.171943105948515,18
20260925,96,356561.64600421453,10837.707863289079,61.171943105948515,18
20260925,99,356561.64600421453,10837.707863289079,61.171943105948515,18
20260925,100,356561.64600421453,10837.707863289079,61.171943105948515,18
20260925,101,356561.64600421453,10837.707863289079,61.171943105948515,18
20260925,110,346027.07426114246,10486.555471853344,61.171943105948515,18
20260925,113,328221.5967164267,10486.555471853344,61.17194310594852,18
20260925,116,328221.5967164267,10486.555471853344,61.171943105948515,18
20260925,118,328221.5967164267,10486.555471853344,61.171943105948515,18
20260925,120,328221.5967164267,10486.555471853344,61.171943105948515,18
20260925,130,328221.5967164267,10486.555471853344,61.171943105948515,18
20260925,140,328221.5967164267,10486.555471853344,61.171943105948515,18
20260925,150,328221.5967164267,10486.555471853344,61.171943105948515,18
20260925,159,326488.2980572754,10428.778849881632,61.17194310594852,18
20260925,160,326488.2980572754,10428.778849881632,61.17194310594852,18
20260925,164,326488.2980572754,10428.778849881632,61.17194310594852,18
20260925,166,326488.2980572754,10428.778849881632,61.17194310594852,18
20260925,167,326488.2980572754,10428.778849881632,61.17194310594852,18
20260925,170,326488.2980572754,10428.778849881632,61.17194310594852,18
20260925,171,326488.2980572754,10428.778849881632,61.17194310594852,18
20260925,180,326488.2980572754,10428.778849881632,61.17194310594852,18
20260925,181,326488.2980572754,10428.778849881632,61.17194310594852,18
20260925,186,326488.2980572754,10428.778849881632,61.17194310594852,18
20260925,190,326488.2980572754,10428.778849881632,61.17194310594852,18
20260925,192,326488.2980572754,10428.778849881632,61.17194310594852,18
20260925,195,326488.2980572754,10428.778849881632,61.17194310594852,18
20260925,197,326488.2980572754,10428.778849881632,61.17194310594852,18
20260925,200,326488.2980572754,10428.778849881632,61.17194310594852,18
20260925,204,326488.2980572754,10428.778849881632,61.17194310594852,18
20260925,210,326488.2980572754,10428.778849881632,61.17194310594852,18
20260925,212,317745.5619057421,10428.778849881632,61.117784209312646,18
20260925,213,317745.5619057421,10428.778849881632,61.117784209312646,18
20260925,214,317745.5619057421,10428.778849881632,61.117784209312646,18
20260925,217,317745.5619057421,10428.778849881632,61.117784209312646,18
20260925,220,317745.5619057421,10428.778849881632,61.117784209312646,18
20260925,221,317745.5619057421,10428.778849881632,61.117784209312646,18
20260925,223,317745.5619057421,10428.778849881632,61.117784209312646,18
20260925,230,317745.5619057421,10428.778849881632,61.117784209312646,18
20260925,238,317745.5619057421,10428.778849881632,61.117784209312646,18
20260925,240,317745.5619057421,10428.778849881632,61.117784209312646,18
20260925,250,317745.5619057421,10428.778849881632,61.117784209312646,18
20260925,260,317745.5619057421,10428.778849881632,61.117784209312646,18
20260925,270,317745.5619057421,10428.778849881632,61.117784209312646,18
20260925,274,317745.5619057421,10428.778849881632,61.117784209312646,18
20260925,280,317745.5619057421,10428.778849881632,61.117784209312646,18
20260925,282,317745.5619057421,10428.778849881632,61.11778420931264,18
20260925,285,317745.5619057421,10428.778849881632,61.11778420931264,18
20260925,290,317745.5619057421,10428.778849881632,61.11778420931264,18
20260925,291,310741.68668181857,10363.574467041624,61.37704361961252,18
20260925,293,310741.68668181857,10363.574467041624,61.37704361961252,18
20260925,297,310741.68668181857,10363.574467041624,61.37704361961252,18
20260925,300,310741.68668181857,10363.574467041624,61.37704361961252,18
20260925,308,310741.68668181857,10363.574467041624,61.37704361961252,18
20260925,310,310741.68668181857,10363.574467041624,61.37704361961252,18
20260925,317,310741.68668181857,10363.574467041624,61.37704361961252,18
20260925,320,310741.68668181857,10363.574467041624,61.37704361961252,18
20260925,321,310741.68668181857,10363.574467041624,61.37704361961252,18
20260925,328,310741.68668181857,10363.574467041624,61.37704361961252,18
20260925,330,310741.68668181857,10363.574467041624,61.37704361961252,18
20260925,335,310741.68668181857,10363.574467041624,61.37704361961252,18
20260925,340,310741.68668181857,10363.574467041624,61.37704361961252,18
20260925,350,310741.68668181857,10363.574467041624,61.37704361961252,18
20260925,360,310741.68668181857,10363.574467041624,61.37704361961252,18
20260925,370,310741.68668181857,10363.574467041624,61.37704361961252,18
20260925,380,310741.68668181857,10363.574467041624,61.37704361961252,18
20260925,390,310741.68668181857,10363.574467041624,61.37704361961252,18
20260925,400,310741.68668181857,10363.574467041624,61.37704361961252,18
20260925,410,310741.68668181857,10363.574467041624,61.37704361961252,18
20260925,420,310741.68668181857,10363.574467041624,61.37704361961252,18
20260925,430,310741.68668181857,10363.574467041624,61.37704361961252,18
20260925,440,310741.68668181857,10363.574467041624,61.37704361961252,18
20260925,450,310741.68668181857,10363.574467041624,61.37704361961252,18
20260925,460,310741.68668181857,10363.574467041624,61.37704361961252,18
20260925,470,310741.68668181857,10363.574467041624,61.37704361961252,18
20260925,475,306354.4601738745,10818.36279971024,60.9688605937605,18
20260925,478,288779.670782282,10716.66900400151,60.14280854128878,18
20260925,480,288779.670782282,10716.66900400151,60.14280854128878,18
20260925,486,288779.670782282,10716.66900400151,60.14280854128878,18
20260925,488,288779.670782282,10716.66900400151,60.14280854128878,18
20260925,490,288779.670782282,10716.66900400151,60.14280854128878,18
20260925,494,288779.670782282,10716.66900400151,60.14280854128878,18
20260925,500,288779.670782282,10716.66900400151,60.14280854128878,18
20260925,510,288779.670782282,10716.66900400151,60.14280854128878,18
20260925,520,288779.670782282,10716.66900400151,60.14280854128878,18
20260925,530,288779.670782282,10716.66900400151,60.14280854128878,18
20260925,540,135753.69055927565,9863.943762257051,60.42330337178681,18
20260925,542,135753.69055927565,9863.943762257051,60.42330337178681,18
20260925,544,135753.69055927565,9863.943762257051,60.42330337178681,18
20260925,546,101272.27278759528,9305.042916870441,60.42330337178681,18
20260925,549,101272.27278759528,9305.042916870441,60.42330337178681,18
20260925,550,101272.27278759528,9305.042916870441,60.42330337178681,18
20260925,556,101272.27278759528,9305.042916870441,60.42330337178681,18
20260925,559,101272.27278759528,9305.042916870441,60.42330337178681,18
20260925,560,101272.27278759528,9305.042916870441,60.42330337178681,18
20260925,561,101272.27278759528,9305.042916870441,60.42330337178681,18
20260925,568,101272.27278759528,9305.042916870441,60.42330337178681,18
20260925,570,101272.27278759528,9305.042916870441,60.42330337178681,18
20260925,572,101272.27278759528,9305.042916870441,60.42330337178681,18
20260925,575,101272.27278759528,9305.042916870441,60.42330337178681,18
20260925,576,101272.27278759528,9305.042916870441,60.42330337178681,18
20260925,580,101272.27278759528,9305.042916870441,60.42330337178681,18
20260925,582,91544.21770857496,9272.241861557344,60.42330337178681,18
20260925,583,91544.21770857496,9272.241861557344,60.42330337178681,18
20260925,585,91544.21770857496,9272.241861557344,60.42330337178681,18
20260925,590,91544.21770857496,9272.241861557344,60.42330337178681,18
20260925,600,91544.21770857496,9272.241861557344,60.42330337178681,18
20260925,602,91544.21770857496,9272.241861557344,60.42330337178681,18
20260925,606,91544.21770857496,9272.241861557344,60.42330337178681,18
20260925,607,91544.21770857496,9272.241861557344,60.42330337178681,18
20260925,610,91544.21770857496,9272.241861557344,60.42330337178681,18
20260925,613,91544.21770857496,9272.241861557344,60.42330337178681,18
20260925,615,91544.21770857496,9272.241861557344,60.42330337178681,18
20260925,617,80877.1711327269,8890.609606386564,60.42330337178681,18
20260925,620,80877.1711327269,8890.609606386564,60.42330337178681,18
20260925,624,80877.1711327269,8890.609606386564,60.42330337178681,18
20260925,625,80877.1711327269,8890.609606386564,60.42330337178681,18
20260925,626,80877.1711327269,8890.609606386564,60.42330337178681,18
20260925,630,80877.1711327269,8890.609606386564,60.42330337178681,18
20260925,634,80877.1711327269,8890.609606386564,60.42330337178681,18
20260925,640,80877.1711327269,8890.609606386564,60.42330337178681,18
20260925,643,80877.1711327269,8890.609606386564,60.42330337178681,18
20260925,648,80877.1711327269,8890.609606386564,60.42330337178681,18
20260925,650,80877.1711327269,8890.609606386564,60.42330337178681,18
20260925,654,80877.1711327269,8890.609606386564,60.42330337178681,18
20260925,660,80877.1711327269,8890.609606386564,60.42330337178681,18
20260925,661,80877.1711327269,8890.609606386564,60.42330337178681,18
20260925,662,80877.1711327269,8890.609606386564,60.42330337178681,18
20260925,664,80877.1711327269,8890.609606386564,60.42330337178681,18
20260925,670,80877.1711327269,8890.609606386564,60.42330337178681,18
20260925,671,80877.1711327269,8890.609606386564,60.42330337178681,18
20260925,680,80877.1711327269,8890.609606386564,60.42330337178681,18
20260925,682,80877.1711327269,8890.609606386564,60.42330337178681,18
20260925,684,80877.1711327269,8890.609606386564,60.42330337178681,18
20260925,689,80877.1711327269,8890.609606386564,60.42330337178681,18
20260925,690,80877.1711327269,8890.609606386564,60.42330337178681,18
20260925,692,80877.1711327269,8890.609606386564,60.42330337178681,18
20260925,698,80877.1711327269,8890.609606386564,60.42330337178681,18
20260925,700,80877.1711327269,8890.609606386564,60.42330337178681,18
20260925,703,80877.1711327269,8890.609606386564,60.42330337178681,18
20260925,710,80877.1711327269,8890.609606386564,60.42330337178681,18
20260925,711,80877.1711327269,8890.609606386564,60.42330337178681,18
20260925,712,79847.26209513129,8877.101337696538,60.14280854128878,18
20260925,719,79847.26209513129,8877.101337696538,60.14280854128878,18
20260925,720,79847.26209513129,8877.101337696538,60.14280854128878,18
20260925,723,77867.26209513129,8877.101337696538,59.556234861566026,18
20260925,730,77867.26209513129,8877.101337696538,59.556234861566026,18
20260925,733,73697.27515527279,8948.657911728735,59.556234861566026,18
20260925,740,73697.27515527279,8948.657911728735,59.556234861566026,18
20260925,750,73697.27515527279,8948.657911728735,59.556234861566026,18
20260925,760,73697.27515527279,8948.657911728735,59.556234861566026,18
20260925,770,73697.27515527279,8948.657911728735,59.556234861566026,18
20260925,780,73697.27515527279,8948.657911728735,59.556234861566026,18
20260925,790,73697.27515527279,8948.657911728735,59.556234861566026,18
20260925,800,73697.27515527279,8948.657911728735,59.556234861566026,18
20260925,810,73697.27515527279,8948.657911728735,59.556234861566026,18
20260925,820,73697.27515527279,8948.657911728735,59.556234861566026,18
20260925,830,73697.27515527279,8948.657911728735,59.556234861566026,18
20260925,840,73697.27515527279,8948.657911728735,59.556234861566026,18
20260925,850,73697.27515527279,8948.657911728735,59.556234861566026,18
20260925,860,73697.27515527279,8948.657911728735,59.556234861566026,18
20260925,870,73697.27515527279,8948.657911728735,59.556234861566026,18
20260925,880,73697.27515527279,8948.657911728735,59.556234861566026,18
20260925,890,73697.27515527279,8948.657911728735,59.556234861566026,18
20260925,900,73697.27515527279,8948.657911728735,59.556234861566026,18
20260925,910,73697.27515527279,8948.657911728735,59.556234861566026,18
20260925,920,73697.27515527279,8948.657911728735,59.556234861566026,18
20260925,930,73697.27515527279,8948.657911728735,59.556234861566026,18
20260925,940,73697.27515527279,8948.657911728735,59.556234861566026,18
20260925,950,73697.27515527279,8948.657911728735,59.556234861566026,18
20260925,960,73697.27515527279,8948.657911728735,59.556234861566026,18
20260925,970,73697.27515527279,8948.657911728735,59.556234861566026,18
20260925,980,73697.27515527279,8948.657911728735,59.556234861566026,18
20260925,990,73697.27515527279,8948.657911728735,59.556234861566026,18
20260925,1000,73697.27515527279,8948.657911728735,59.556234861566026,18
20260925,1010,73697.27515527279,8948.657911728735,59.556234861566026,18
20260925,1020,73697.27515527279,8948.657911728735,59.556234861566026,18
20260925,1030,73697.27515527279,8948.657911728735,59.556234861566026,18
20260925,1040,73697.27515527279,8948.657911728735,59.556234861566026,18
20260925,1050,73697.27515527279,8948.657911728735,59.556234861566026,18
20260925,1060,73697.27515527279,8948.657911728735,59.556234861566026,18
20260925,1070,73697.27515527279,8948.657911728735,59.556234861566026,18
20260925,1080,73697.27515527279,8948.657911728735,59.556234861566026,18
20260925,1090,73697.27515527279,8948.657911728735,59.556234861566026,18
20260925,1100,73697.27515527279,8948.657911728735,59.556234861566026,18
20260925,1110,73697.27515527279,8948.657911728735,59.556234861566026,18
20260925,1120,73697.27515527279,8948.657911728735,59.556234861566026,18
20260925,1130,73697.27515527279,8948.657911728735,59.556234861566026,18
20260925,1140,73697.27515527279,8948.657911728735,59.556234861566026,18
20260925,1150,73697.27515527279,8948.657911728735,59.556234861566026,18
20260925,1160,73697.27515527279,8948.657911728735,59.556234861566026,18
20260925,1170,73697.27515527279,8948.657911728735,59.556234861566026,18
20260925,1180,73697.27515527279,8948.657911728735,59.556234861566026,18
20260925,1190,73697.27515527279,8948.657911728735,59.556234861566026,18
20260925,1200,73697.27515527279,8948.657911728735,59.556234861566026,18
20260925,1210,73697.27515527279,8948.657911728735,59.556234861566026,18
20260925,1220,73697.27515527279,8948.657911728735,59.556234861566026,18
20260925,1230,73697.27515527279,8948.657911728735,59.556234861566026,18
20260925,1240,73697.27515527279,8948.657911728735,59.556234861566026,18
20260925,1250,73697.27515527279,8948.657911728735,59.556234861566026,18
20260925,1260,73062.00919624596,8969.833443696296,59.836729692064054,18
20260925,1262,73062.00919624596,8969.833443696296,59.836729692064054,18
20260925,1268,73062.00919624596,8969.833443696296,59.836729692064054,18
20260925,1270,73062.00919624596,8969.833443696296,59.836729692064054,18
20260925,1271,73062.00919624596,8969.833443696296,59.836729692064054,18
20260925,1274,73062.00919624596,8969.833443696296,59.836729692064054,18
20260925,1280,73062.00919624596,8969.833443696296,59.836729692064054,18
20260925,1283,73062.00919624596,8969.833443696296,59.836729692064054,18
20260925,1284,73062.00919624596,8969.833443696296,59.836729692064054,18
20260925,1286,73062.00919624596,8969.833443696296,59.836729692064054,18
20260925,1287,73062.00919624596,8969.833443696296,59.836729692064054,18
20260925,1290,73062.00919624596,8969.833443696296,59.836729692064054,18
20260925,1291,73062.00919624596,8969.833443696296,59.836729692064054,18
20260925,1297,73062.00919624596,8969.833443696296,59.836729692064054,18
20260925,1298,73062.00919624596,8969.833443696296,59.836729692064054,18
20260925,1299,73062.00919624596,8969.833443696296,59.836729692064054,18
20260925,1300,73062.00919624596,8969.833443696296,59.836729692064054,18
20260925,1306,73062.00919624596,8969.833443696296,59.836729692064054,18
20260925,1308,73062.00919624596,8969.833443696296,59.836729692064054,18
20260925,1310,73062.00919624596,8969.833443696296,59.836729692064054,18
20260925,1319,73062.00919624596,8969.833443696296,59.836729692064054,18
20260925,1320,73062.00919624596,8969.833443696296,59.836729692064054,18
20260925,1321,73062.00919624596,8969.833443696296,59.836729692064054,18
20260925,1324,73062.00919624596,8969.833443696296,59.836729692064054,18
20260925,1328,73062.00919624596,8969.833443696296,59.836729692064054,18
20260925,1330,73062.00919624596,8969.833443696296,59.836729692064054,18
20260925,1332,73062.00919624596,8969.833443696296,59.836729692064054,18
20260925,1340,73062.00919624596,8969.833443696296,59.836729692064054,18
20260925,1343,73062.00919624596,8969.833443696296,59.836729692064054,18
20260925,1348,73062.00919624596,8969.833443696296,59.836729692064054,18
20260925,1350,73062.00919624596,8969.833443696296,59.836729692064054,18
20260925,1358,73062.00919624596,8969.833443696296,59.836729692064054,18
20260925,1360,73062.00919624596,8969.833443696296,59.836729692064054,18
20260925,1361,73062.00919624596,8969.833443696296,59.836729692064054,18
20260925,1362,73062.00919624596,8969.833443696296,59.836729692064054,18
20260925,1370,73062.00919624596,8969.833443696296,59.836729692064054,18
20260925,1375,73062.00919624596,8969.833443696296,59.836729692064054,18
20260925,1376,73062.00919624596,8969.833443696296,59.836729692064054,18
20260925,1380,73062.00919624596,8969.833443696296,59.836729692064054,18
20260925,1382,73062.00919624596,8969.833443696296,59.836729692064054,18
20260925,1390,73062.00919624596,8969.833443696296,59.836729692064054,18
20260925,1391,73062.00919624596,8969.833443696296,59.836729692064054,18
20260925,1393,73062.00919624596,8969.833443696296,59.836729692064054,18
20260925,1397,73062.00919624596,8969.833443696296,59.836729692064054,18
20260925,1400,73062.00919624596,8969.833443696296,59.836729692064054,18
20260925,1402,73062.00919624596,8969.833443696296,59.836729692064054,18
20260925,1404,73062.00919624596,8969.833443696296,59.836729692064054,18
20260925,1407,73062.00919624596,8969.833443696296,59.55623486156602,18
20260925,1410,73062.00919624596,8969.833443696296,59.55623486156602,18
20260925,1412,73062.00919624596,8969.833443696296,59.55623486156602,18
20260925,1417,73062.00919624596,8969.833443696296,59.55623486156602,18
20260925,1418,73062.00919624596,8969.833443696296,59.55623486156602,18
20260925,1419,73062.00919624596,8969.833443696296,59.55623486156602,18
20260925,1420,73062.00919624596,8969.833443696296,59.55623486156602,18
20260925,1430,73062.00919624596,8969.833443696296,59.55623486156602,18
20260925,1435,73062.00919624596,8969.833443696296,59.55623486156602,18
20260925,1437,73062.00919624596,8969.833443696296,59.55623486156602,18
20260925,1440,73062.00919624596,8969.833443696296,59.55623486156602,18
20260925,1444,73062.00919624596,8969.833443696296,59.55623486156602,18
20260925,1449,73062.00919624596,8969.833443696296,59.55623486156602,18
20260925,1450,73062.00919624596,8969.833443696296,59.55623486156602,18
20260925,1454,73062.00919624596,8969.833443696296,59.55623486156602,18
20260925,1460,73062.00919624596,8969.833443696296,59.55623486156602,18
20260925,1465,73062.00919624596,8969.833443696296,59.55623486156602,18
20260925,1470,73062.00919624596,8969.833443696296,59.55623486156602,18
20260925,1472,73062.00919624596,8969.833443696296,59.55623486156602,18
20260925,1475,73062.00919624596,8969.833443696296,59.55623486156602,18
20260925,1480,73062.00919624596,8969.833443696296,59.55623486156602,18
20260925,1484,73062.00919624596,8969.833443696296,59.55623486156602,18
20260925,1487,73062.00919624596,8969.833443696296,59.55623486156602,18
20260925,1489,73062.00919624596,8969.833443696296,59.55623486156602,18
20260925,1490,73062.00919624596,8969.833443696296,59.55623486156602,18
20260925,1500,73062.00919624596,8969.833443696296,59.55623486156602,18
20260925,1503,73062.00919624596,8969.833443696296,59.55623486156602,18
20260925,1504,73062.00919624596,8969.833443696296,59.55623486156602,18
20260925,1509,73062.00919624596,8969.833443696296,59.55623486156602,18
20260925,1510,73062.00919624596,8969.833443696296,59.55623486156602,18
20260925,1512,73062.00919624596,8969.833443696296,59.55623486156602,18
20260925,1513,73062.00919624596,8969.833443696296,59.55623486156602,18
20260925,1520,73062.00919624596,8969.833443696296,59.55623486156602,18
20260925,1530,73062.00919624596,8969.833443696296,59.55623486156602,18
20260925,1531,73062.00919624596,8969.833443696296,59.55623486156602,18
20260925,1540,73062.00919624596,8969.833443696296,59.55623486156602,18
20260925,1550,73062.00919624596,8969.833443696296,59.55623486156602,18
20260925,1555,73062.00919624596,8969.833443696296,59.55623486156602,18
20260925,1557,73062.00919624596,8969.833443696296,59.55623486156602,18
20260925,1560,73062.00919624596,8969.833443696296,59.55623486156602,18
20260925,1567,73062.00919624596,8969.833443696296,59.55623486156602,18
20260925,1570,73062.00919624596,8969.833443696296,59.55623486156602,18
20260925,1576,73062.00919624596,8969.833443696296,59.55623486156602,18
20260925,1580,73062.00919624596,8969.833443696296,59.55623486156602,18
20260925,1590,73062.00919624596,8969.833443696296,59.55623486156602,18
20260925,1591,73062.00919624596,8969.833443696296,59.55623486156602,18
20260925,1593,73062.00919624596,8969.833443696296,59.55623486156602,18
20260925,1597,73062.00919624596,8969.833443696296,59.55623486156602,18
20260925,1599,73062.00919624596,8969.833443696296,59.55623486156602,18
20260925,1600,73062.00919624596,8969.833443696296,59.55623486156602,18
20260925,1610,73062.00919624596,8969.833443696296,59.55623486156602,18
20260925,1620,73062.00919624596,8969.833443696296,59.55623486156602,18
20260925,1630,73062.00919624596,8969.833443696296,59.55623486156602,18
20260925,1640,73062.00919624596,8969.833443696296,59.55623486156602,18
20260925,1650,73062.00919624596,8969.833443696296,59.55623486156602,18
20260925,1652,73062.00919624596,8969.833443696296,59.55623486156602,18
20260925,1660,73062.00919624596,8969.833443696296,59.55623486156602,18
20260925,1670,73062.00919624596,8969.833443696296,59.55623486156602,18
20260925,1671,73062.00919624596,8969.833443696296,59.55623486156602,18
20260925,1677,73062.00919624596,8969.833443696296,59.55623486156602,18
20260925,1678,73062.00919624596,8969.833443696296,59.55623486156602,18
20260925,1680,73062.00919624596,8969.833443696296,59.55623486156602,18
20260925,1684,73062.00919624596,8969.833443696296,59.55623486156602,18
20260925,1687,73062.00919624596,8969.833443696296,59.55623486156602,18
20260925,1690,73062.00919624596,8969.833443696296,59.55623486156602,18
20260925,1692,73062.00919624596,8969.833443696296,59.55623486156602,18
20260925,1700,73062.00919624596,8969.833443696296,59.55623486156602,18
20260925,1702,73062.00919624596,8969.833443696296,59.55623486156602,18
20260925,1703,73062.00919624596,8969.833443696296,59.55623486156602,18
20260925,1709,73062.00919624596,8969.833443696296,59.55623486156602,18
20260925,1710,73062.00919624596,8969.833443696296,59.55623486156602,18
20260925,1720,73062.00919624596,8969.833443696296,59.55623486156602,18
20260925,1726,73062.00919624596,8969.833443696296,59.55623486156602,18
20260925,1730,73062.00919624596,8969.833443696296,59.55623486156602,18
20260925,1731,73062.00919624596,8969.833443696296,59.55623486156602,18
20260925,1736,73062.00919624596,8969.833443696296,59.55623486156602,18
20260925,1739,73062.00919624596,8969.833443696296,59.55623486156602,18
20260925,1740,73062.00919624596,8969.833443696296,59.55623486156602,18
20260925,1750,73062.00919624596,8969.833443696296,59.55623486156602,18
20260925,1751,73062.00919624596,8969.833443696296,59.55623486156602,18
20260925,1758,73062.00919624596,8969.833443696296,59.55623486156602,18
20260925,1760,73062.00919624596,8969.833443696296,59.55623486156602,18
20260925,1762,73062.00919624596,8969.833443696296,59.55623486156602,18
20260925,1769,73062.00919624596,8969.833443696296,59.55623486156602,18
20260925,1770,73062.00919624596,8969.833443696296,59.55623486156602,18
20260925,1772,73062.00919624596,8969.833443696296,59.55623486156602,18
20260925,1779,73062.00919624596,8969.833443696296,59.55623486156602,18
20260925,1780,73062.00919624596,8969.833443696296,59.55623486156602,18
20260925,1787,73062.00919624596,8969.833443696296,59.55623486156602,18
20260925,1790,73062.00919624596,8969.833443696296,59.55623486156602,18
20260925,1792,73062.00919624596,8969.833443696296,59.55623486156602,18
20260925,1798,73062.00919624596,8969.833443696296,59.55623486156602,18
20260925,1800,73062.00919624596,8969.833443696296,59.55623486156602,18
20260925,1810,73062.00919624596,8969.833443696296,59.55623486156602,18
20260925,1813,73062.00919624596,8969.833443696296,59.55623486156602,18
20260925,1820,73062.00919624596,8969.833443696296,59.55623486156602,18
20260925,1824,73062.00919624596,8969.833443696296,59.55623486156602,18
20260925,1830,73062.00919624596,8969.833443696296,59.55623486156602,18
20260925,1840,73062.00919624596,8969.833443696296,59.55623486156602,18
20260925,1841,73062.00919624596,8969.833443696296,59.55623486156602,18
20260925,1845,73062.00919624596,8969.833443696296,59.55623486156602,18
20260925,1849,73062.00919624596,8969.833443696296,59.55623486156602,18
20260925,1850,73062.00919624596,8969.833443696296,59.55623486156602,18
20260925,1852,73062.00919624596,8969.833443696296,59.55623486156602,18
20260925,1853,73062.00919624596,8969.833443696296,59.55623486156602,18
20260925,1860,73062.00919624596,8969.833443696296,59.55623486156602,18
20260925,1865,73062.00919624596,8969.833443696296,59.55623486156602,18
20260925,1870,73062.00919624596,8969.833443696296,59.55623486156602,18
20260925,1880,73062.00919624596,8969.833443696296,59.55623486156602,18
20260925,1882,73062.00919624596,8969.833443696296,59.55623486156602,18
20260925,1890,73062.00919624596,8969.833443696296,59.55623486156602,18
20260925,1893,73062.00919624596,8969.833443696296,59.55623486156602,18
20260925,1899,73062.00919624596,8969.833443696296,59.55623486156602,18
20260925,1900,73062.00919624596,8969.833443696296,59.55623486156602,18
20260925,1906,73062.00919624596,8969.833443696296,59.55623486156602,18
20260925,1910,73062.00919624596,8969.833443696296,59.55623486156602,18
20260925,1916,73062.00919624596,8969.833443696296,59.55623486156602,18
20260925,1920,73062.00919624596,8969.833443696296,59.55623486156602,18
20260925,1923,73062.00919624596,8969.833443696296,59.55623486156602,18
20260925,1928,73062.00919624596,8969.833443696296,59.55623486156602,18
20260925,1930,73062.00919624596,8969.833443696296,59.55623486156602,18
20260925,1933,73062.00919624596,8969.833443696296,59.55623486156602,18
20260925,1937,73062.00919624596,8969.833443696296,59.55623486156602,18
20260925,1940,73062.00919624596,8969.833443696296,59.55623486156602,18
20260925,1942,73062.00919624596,8969.833443696296,59.55623486156602,18
20260925,1949,73062.00919624596,8969.833443696296,59.55623486156602,18
20260925,1950,73062.00919624596,8969.833443696296,59.55623486156602,18
20260925,1951,73062.00919624596,8969.833443696296,59.55623486156602,18
20260925,1952,73062.00919624596,8969.833443696296,59.55623486156602,18
20260925,1959,73062.00919624596,8969.833443696296,59.55623486156602,18
20260925,1960,73062.00919624596,8969.833443696296,59.55623486156602,18
20260925,1962,73062.00919624596,8969.833443696296,59.55623486156602,18
20260925,1964,73062.00919624596,8969.833443696296,59.55623486156602,18
20260925,1968,73062.00919624596,8969.833443696296,59.55623486156602,18
20260925,1969,73062.00919624596,8969.833443696296,59.55623486156602,18
20260925,1970,73062.00919624596,8969.833443696296,59.55623486156602,18
20260925,1980,73062.00919624596,8969.833443696296,59.55623486156602,18
20260925,1984,73062.00919624596,8969.833443696296,59.55623486156602,18
20260925,1987,73062.00919624596,8969.833443696296,59.55623486156602,18
20260925,1990,73062.00919624596,8969.833443696296,59.55623486156602,18
20260925,1991,73062.00919624596,8969.833443696296,59.55623486156602,18
20260925,1997,73062.00919624596,8969.833443696296,59.55623486156602,18
20260925,1999,73062.00919624596,8969.833443696296,59.55623486156602,18
20260925,2000,73062.00919624596,8969.833443696296,59.55623486156602,18
20260926,1,533998.6425871355,10752.36279971024,61.2891364567802,18
20260926,9,533998.6425871355,10752.36279971024,61.2891364567802,18
20260926,10,533998.6425871355,10752.36279971024,61.2891364567802,18
20260926,14,533099.4920934358,10742.372238669132,60.71680844200671,18
20260926,20,533099.4920934358,10742.372238669132,60.71680844200671,18
20260926,23,533099.4920934358,10742.372238669132,60.71680844200671,18
20260926,26,533099.4920934358,10742.372238669132,60.71680844200671,18
20260926,29,523039.4687105307,11073.2317747104,61.17194310594852,18
20260926,30,523039.4687105307,11073.2317747104,61.17194310594852,18
20260926,40,523039.4687105307,11073.2317747104,61.17194310594852,18
20260926,50,523039.4687105307,11073.2317747104,61.17194310594852,18
20260926,60,523039.4687105307,11073.2317747104,61.17194310594852,18
20260926,64,481902.36577516113,10716.497051027247,61.758516785671276,18
20260926,65,481902.36577516113,10716.497051027247,61.758516785671276,18
20260926,70,481902.36577516113,10716.497051027247,61.758516785671276,18
20260926,76,409647.45385688107,10782.497051027247,61.7043578890354,18
20260926,80,409647.45385688107,10782.497051027247,61.7043578890354,18
20260926,90,409647.45385688107,10782.497051027247,61.7043578890354,18
20260926,100,409647.45385688107,10782.497051027247,61.7043578890354,18
20260926,110,409647.45385688107,10782.497051027247,61.7043578890354,18
20260926,120,409647.45385688107,10782.497051027247,61.7043578890354,18
20260926,130,409647.45385688107,10782.497051027247,61.7043578890354,18
20260926,140,409647.45385688107,10782.497051027247,61.7043578890354,18
20260926,150,409647.45385688107,10782.497051027247,61.7043578890354,18
20260926,160,409647.45385688107,10782.497051027247,61.7043578890354,18
20260926,170,409647.45385688107,10782.497051027247,61.7043578890354,18
20260926,180,409647.45385688107,10782.497051027247,61.7043578890354,18
20260926,190,409647.45385688107,10782.497051027247,61.7043578890354,18
20260926,200,409647.45385688107,10782.497051027247,61.7043578890354,18
20260926,210,409647.45385688107,10782.497051027247,61.7043578890354,18
20260926,215,380283.68285292725,10625.919373742438,61.22409379152039,18
20260926,220,380283.68285292725,10625.919373742438,61.22409379152039,18
20260926,221,380283.68285292725,10625.919373742438,61.22409379152039,18
20260926,229,380283.68285292725,10625.919373742438,61.22409379152039,18
20260926,230,380283.68285292725,10625.919373742438,61.22409379152039,18
20260926,232,380283.68285292725,10625.919373742438,61.22409379152039,18
20260926,235,339663.59980068466,10625.919373742438,61.37704361961253,18
20260926,240,339663.59980068466,10625.919373742438,61.37704361961253,18
20260926,243,304860.6332400791,10203.175674012002,59.326475368928726,18
20260926,247,304860.6332400791,10203.175674012002,59.326475368928726,18
20260926,248,304860.6332400791,10203.175674012002,59.326475368928726,18
20260926,249,298866.5782435945,10003.373840795848,59.326475368928726,18
20260926,250,112428.67127641781,9663.598474064742,59.32647536892872,18
20260926,257,112428.67127641781,9663.598474064742,59.32647536892872,18
20260926,259,112428.67127641781,9663.598474064742,59.32647536892872,18
20260926,260,112428.67127641781,9663.598474064742,59.32647536892872,18
20260926,270,112428.67127641781,9663.598474064742,59.32647536892872,18
20260926,275,112428.67127641781,9663.598474064742,59.32647536892872,18
20260926,280,112428.67127641781,9663.598474064742,59.32647536892872,18
20260926,284,112428.67127641781,9663.598474064742,59.32647536892872,18
20260926,290,112428.67127641781,9663.598474064742,59.32647536892872,18
20260926,295,112428.67127641781,9663.598474064742,59.32647536892872,18
20260926,300,112428.67127641781,9663.598474064742,59.32647536892872,18
20260926,310,112428.67127641781,9663.598474064742,59.32647536892872,18
20260926,312,112428.67127641781,9663.598474064742,59.32647536892872,18
20260926,320,112428.67127641781,9663.598474064742,59.32647536892872,18
20260926,321,112428.67127641781,9663.598474064742,59.32647536892872,18
20260926,330,112428.67127641781,9663.598474064742,59.32647536892872,18
20260926,340,112428.67127641781,9663.598474064742,59.32647536892872,18
20260926,350,112428.67127641781,9663.598474064742,59.32647536892872,18
20260926,360,112428.67127641781,9663.598474064742,59.32647536892872,18
20260926,370,112428.67127641781,9663.598474064742,59.32647536892872,18
20260926,380,112428.67127641781,9663.598474064742,59.32647536892872,18
20260926,390,112428.67127641781,9663.598474064742,59.32647536892872,18
20260926,400,112428.67127641781,9663.598474064742,59.32647536892872,18
20260926,410,112428.67127641781,9663.598474064742,59.32647536892872,18
20260926,420,112428.67127641781,9663.598474064742,59.32647536892872,18
20260926,430,112428.67127641781,9663.598474064742,59.32647536892872,18
20260926,440,112428.67127641781,9663.598474064742,59.32647536892872,18
20260926,450,112428.67127641781,9663.598474064742,59.32647536892872,18
20260926,460,112428.67127641781,9663.598474064742,59.32647536892872,18
20260926,470,112428.67127641781,9663.598474064742,59.32647536892872,18
20260926,480,112428.67127641781,9663.598474064742,59.32647536892872,18
20260926,489,85770.91492954083,9059.711318996646,59.91304904865149,18
20260926,490,85770.91492954083,9059.711318996646,59.91304904865149,18
20260926,497,85770.91492954083,9059.711318996646,59.91304904865149,18
20260926,500,85770.91492954083,9059.711318996646,59.91304904865149,18
20260926,505,85770.91492954083,9059.711318996646,59.91304904865149,18
20260926,507,80877.1711327269,8890.609606386564,59.91304904865147,18
20260926,510,80877.1711327269,8890.609606386564,59.91304904865147,18
20260926,516,80877.1711327269,8890.609606386564,59.91304904865147,18
20260926,520,80877.1711327269,8890.609606386564,59.91304904865147,18
20260926,530,80877.1711327269,8890.609606386564,59.91304904865147,18
20260926,533,80877.1711327269,8890.609606386564,59.91304904865147,18
20260926,540,80877.1711327269,8890.609606386564,59.91304904865147,18
20260926,544,80877.1711327269,8890.609606386564,59.91304904865147,18
20260926,550,80877.1711327269,8890.609606386564,59.91304904865147,18
20260926,560,80877.1711327269,8890.609606386564,59.91304904865147,18
20260926,570,80877.1711327269,8890.609606386564,59.91304904865147,18
20260926,580,80877.1711327269,8890.609606386564,59.91304904865147,18
20260926,590,80877.1711327269,8890.609606386564,59.91304904865147,18
20260926,600,80877.1711327269,8890.609606386564,59.91304904865147,18
20260926,610,80877.1711327269,8890.609606386564,59.91304904865147,18
20260926,620,80877.1711327269,8890.609606386564,59.91304904865147,18
20260926,630,80877.1711327269,8890.609606386564,59.91304904865147,18
20260926,640,80877.1711327269,8890.609606386564,59.91304904865147,18
20260926,650,80877.1711327269,8890.609606386564,59.91304904865147,18
20260926,660,80877.1711327269,8890.609606386564,59.91304904865147,18
20260926,670,80877.1711327269,8890.609606386564,59.91304904865147,18
20260926,680,80877.1711327269,8890.609606386564,59.91304904865147,18
20260926,690,80877.1711327269,8890.609606386564,59.91304904865147,18
20260926,700,80877.1711327269,8890.609606386564,59.91304904865147,18
20260926,710,80877.1711327269,8890.609606386564,59.91304904865147,18
20260926,720,80877.1711327269,8890.609606386564,59.91304904865147,18
20260926,730,80877.1711327269,8890.609606386564,59.91304904865147,18
20260926,740,80877.1711327269,8890.609606386564,59.91304904865147,18
20260926,750,80877.1711327269,8890.609606386564,59.91304904865147,18
20260926,760,80877.1711327269,8890.609606386564,59.91304904865147,18
20260926,770,80877.1711327269,8890.609606386564,59.91304904865147,18
20260926,780,80877.1711327269,8890.609606386564,59.91304904865147,18
20260926,790,80877.1711327269,8890.609606386564,59.91304904865147,18
20260926,800,80877.1711327269,8890.609606386564,59.91304904865147,18
20260926,810,80877.1711327269,8890.609606386564,59.91304904865147,18
20260926,820,80877.1711327269,8890.609606386564,59.91304904865147,18
20260926,830,80877.1711327269,8890.609606386564,59.91304904865147,18
20260926,840,80877.1711327269,8890.609606386564,59.91304904865147,18
20260926,850,80877.1711327269,8890.609606386564,59.91304904865147,18
20260926,860,80877.1711327269,8890.609606386564,59.91304904865147,18
20260926,870,80877.1711327269,8890.609606386564,59.91304904865147,18
20260926,880,80877.1711327269,8890.609606386564,59.91304904865147,18
20260926,890,80877.1711327269,8890.609606386564,59.91304904865147,18
20260926,900,80877.1711327269,8890.609606386564,59.91304904865147,18
20260926,910,80877.1711327269,8890.609606386564,59.91304904865147,18
20260926,920,80877.1711327269,8890.609606386564,59.91304904865147,18
20260926,930,80877.1711327269,8890.609606386564,59.91304904865147,18
20260926,940,80877.1711327269,8890.609606386564,59.91304904865147,18
20260926,950,80877.1711327269,8890.609606386564,59.91304904865147,18
20260926,960,80877.1711327269,8890.609606386564,59.91304904865147,18
20260926,970,80877.1711327269,8890.609606386564,59.91304904865147,18
20260926,980,80877.1711327269,8890.609606386564,59.91304904865147,18
20260926,990,80877.1711327269,8890.609606386564,59.91304904865147,18
20260926,1000,80877.1711327269,8890.609606386564,59.91304904865147,18
20260926,1010,80877.1711327269,8890.609606386564,59.91304904865147,18
20260926,1020,80877.1711327269,8890.609606386564,59.91304904865147,18
20260926,1030,80877.1711327269,8890.609606386564,59.91304904865147,18
20260926,1040,80877.1711327269,8890.609606386564,59.91304904865147,18
20260926,1050,80877.1711327269,8890.609606386564,59.91304904865147,18
20260926,1060,80877.1711327269,8890.609606386564,59.91304904865147,18
20260926,1070,80877.1711327269,8890.609606386564,59.91304904865147,18
20260926,1080,80877.1711327269,8890.609606386564,59.91304904865147,18
20260926,1090,80877.1711327269,8890.609606386564,59.91304904865147,18
20260926,1100,80877.1711327269,8890.609606386564,59.91304904865147,18
20260926,1110,80877.1711327269,8890.609606386564,59.91304904865147,18
20260926,1120,80877.1711327269,8890.609606386564,59.91304904865147,18
20260926,1130,80877.1711327269,8890.609606386564,59.91304904865147,18
20260926,1140,80877.1711327269,8890.609606386564,59.91304904865147,18
20260926,1150,80877.1711327269,8890.609606386564,59.91304904865147,18
20260926,1160,80877.1711327269,8890.609606386564,59.91304904865147,18
20260926,1170,80877.1711327269,8890.609606386564,59.91304904865147,18
20260926,1180,80877.1711327269,8890.609606386564,59.91304904865147,18
20260926,1190,80877.1711327269,8890.609606386564,59.91304904865147,18
20260926,1200,80877.1711327269,8890.609606386564,59.91304904865147,18
20260926,1210,80877.1711327269,8890.609606386564,59.91304904865147,18
20260926,1220,80877.1711327269,8890.609606386564,59.91304904865147,18
20260926,1230,80877.1711327269,8890.609606386564,59.91304904865147,18
20260926,1240,80877.1711327269,8890.609606386564,59.91304904865147,18
20260926,1250,80877.1711327269,8890.609606386564,59.91304904865147,18
20260926,1253,80314.88049265277,9059.711318996646,59.556234861566026,18
20260926,1256,80314.88049265277,9059.711318996646,59.556234861566026,18
20260926,1260,80314.88049265277,9059.711318996646,59.556234861566026,18
20260926,1262,80314.88049265277,9059.711318996646,59.556234861566026,18
20260926,1263,80314.88049265277,9059.711318996646,59.556234861566026,18
20260926,1265,80314.88049265277,9059.711318996646,59.556234861566026,18
20260926,1270,80314.88049265277,9059.711318996646,59.556234861566026,18
20260926,1277,80314.88049265277,9059.711318996646,59.556234861566026,18
20260926,1280,80314.88049265277,9059.711318996646,59.556234861566026,18
20260926,1288,80314.88049265277,9059.711318996646,59.556234861566026,18
20260926,1290,80314.88049265277,9059.711318996646,59.556234861566026,18
20260926,1298,80314.88049265277,9059.711318996646,59.556234861566026,18
20260926,1299,80314.88049265277,9059.711318996646,59.556234861566026,18
20260926,1300,80314.88049265277,9059.711318996646,59.556234861566026,18
20260926,1306,80314.88049265277,9059.711318996646,59.556234861566026,18
20260926,1310,80314.88049265277,9059.711318996646,59.556234861566026,18
20260926,1312,77867.26209513129,8877.101337696538,59.556234861566026,18
20260926,1313,77867.26209513129,8877.101337696538,59.556234861566026,18
20260926,1320,77867.26209513129,8877.101337696538,59.556234861566026,18
20260926,1330,77867.26209513129,8877.101337696538,59.556234861566026,18
20260926,1340,77867.26209513129,8877.101337696538,59.556234861566026,18
20260926,1350,77867.26209513129,8877.101337696538,59.556234861566026,18
20260926,1360,77867.26209513129,8877.101337696538,59.556234861566026,18
20260926,1370,77867.26209513129,8877.101337696538,59.556234861566026,18
20260926,1380,77867.26209513129,8877.101337696538,59.556234861566026,18
20260926,1390,77867.26209513129,8877.101337696538,59.556234861566026,18
20260926,1400,77867.26209513129,8877.101337696538,59.556234861566026,18
20260926,1410,77867.26209513129,8877.101337696538,59.556234861566026,18
20260926,1420,77867.26209513129,8877.101337696538,59.556234861566026,18
20260926,1430,77867.26209513129,8877.101337696538,59.556234861566026,18
20260926,1440,77867.26209513129,8877.101337696538,59.556234861566026,18
20260926,1450,77867.26209513129,8877.101337696538,59.556234861566026,18
20260926,1460,77867.26209513129,8877.101337696538,59.556234861566026,18
20260926,1470,77867.26209513129,8877.101337696538,59.556234861566026,18
20260926,1480,77867.26209513129,8877.101337696538,59.556234861566026,18
20260926,1490,77867.26209513129,8877.101337696538,59.556234861566026,18
20260926,1500,77867.26209513129,8877.101337696538,59.556234861566026,18
20260926,1510,77867.26209513129,8877.101337696538,59.556234861566026,18
20260926,1520,77867.26209513129,8877.101337696538,59.556234861566026,18
20260926,1530,77867.26209513129,8877.101337696538,59.556234861566026,18
20260926,1540,77867.26209513129,8877.101337696538,59.556234861566026,18
20260926,1550,77867.26209513129,8877.101337696538,59.556234861566026,18
20260926,1560,77867.26209513129,8877.101337696538,59.556234861566026,18
20260926,1570,77867.26209513129,8877.101337696538,59.556234861566026,18
20260926,1580,77867.26209513129,8877.101337696538,59.556234861566026,18
20260926,1590,77867.26209513129,8877.101337696538,59.556234861566026,18
20260926,1600,77867.26209513129,8877.101337696538,59.556234861566026,18
20260926,1610,77867.26209513129,8877.101337696538,59.556234861566026,18
20260926,1620,77867.26209513129,8877.101337696538,59.556234861566026,18
20260926,1630,77867.26209513129,8877.101337696538,59.556234861566026,18
20260926,1640,77867.26209513129,8877.101337696538,59.556234861566026,18
20260926,1650,77867.26209513129,8877.101337696538,59.556234861566026,18
20260926,1660,77867.26209513129,8877.101337696538,59.556234861566026,18
20260926,1670,77867.26209513129,8877.101337696538,59.556234861566026,18
20260926,1680,77867.26209513129,8877.101337696538,59.556234861566026,18
20260926,1690,77867.26209513129,8877.101337696538,59.556234861566026,18
20260926,1700,77867.26209513129,8877.101337696538,59.556234861566026,18
20260926,1710,77867.26209513129,8877.101337696538,59.556234861566026,18
20260926,1720,77867.26209513129,8877.101337696538,59.556234861566026,18
20260926,1730,77867.26209513129,8877.101337696538,59.556234861566026,18
20260926,1740,77867.26209513129,8877.101337696538,59.556234861566026,18
20260926,1750,77867.26209513129,8877.101337696538,59.556234861566026,18
20260926,1760,77867.26209513129,8877.101337696538,59.556234861566026,18
20260926,1770,77867.26209513129,8877.101337696538,59.556234861566026,18
20260926,1780,77867.26209513129,8877.101337696538,59.556234861566026,18
20260926,1790,77867.26209513129,8877.101337696538,59.556234861566026,18
20260926,1800,77867.26209513129,8877.101337696538,59.556234861566026,18
20260926,1810,77867.26209513129,8877.101337696538,59.556234861566026,18
20260926,1820,77867.26209513129,8877.101337696538,59.556234861566026,18
20260926,1830,77867.26209513129,8877.101337696538,59.556234861566026,18
20260926,1840,77867.26209513129,8877.101337696538,59.556234861566026,18
20260926,1850,77867.26209513129,8877.101337696538,59.556234861566026,18
20260926,1860,77867.26209513129,8877.101337696538,59.556234861566026,18
20260926,1870,77867.26209513129,8877.101337696538,59.556234861566026,18
20260926,1880,77867.26209513129,8877.101337696538,59.556234861566026,18
20260926,1890,77867.26209513129,8877.101337696538,59.556234861566026,18
20260926,1900,77867.26209513129,8877.101337696538,59.556234861566026,18
20260926,1910,77867.26209513129,8877.101337696538,59.556234861566026,18
20260926,1920,77867.26209513129,8877.101337696538,59.556234861566026,18
20260926,1930,77867.26209513129,8877.101337696538,59.556234861566026,18
20260926,1940,77867.26209513129,8877.101337696538,59.556234861566026,18
20260926,1950,77867.26209513129,8877.101337696538,59.556234861566026,18
20260926,1960,77867.26209513129,8877.101337696538,59.556234861566026,18
20260926,1970,77867.26209513129,8877.101337696538,59.556234861566026,18
20260926,1980,77867.26209513129,8877.101337696538,59.556234861566026,18
20260926,1990,77867.26209513129,8877.101337696538,59.556234861566026,18
20260926,2000,77867.26209513129,8877.101337696538,59.556234861566026,18
20260927,1,537639.120723311,10730.636718789383,61.2891364567802,18
20260927,2,537639.120723311,10730.636718789383,61.2891364567802,18
20260927,3,537639.120723311,10730.636718789383,61.2891364567802,18
20260927,10,537639.120723311,10730.636718789383,61.2891364567802,18
20260927,15,501418.3835889953,10716.497051027247,61.14549154631986,18
20260927,17,501418.3835889953,10716.497051027247,61.14549154631986,18
20260927,18,501418.3835889953,10716.497051027247,61.14549154631986,18
20260927,19,501418.3835889953,10716.497051027247,61.14549154631986,18
20260927,20,501418.3835889953,10716.497051027247,61.14549154631986,18
20260927,23,433916.1959895905,10752.36279971024,61.13468005984531,18
20260927,26,433916.1959895905,10752.36279971024,61.13468005984531,18
20260927,30,433916.1959895905,10752.36279971024,61.13468005984531,18
20260927,31,432910.03321533813,10584.66900400151,61.13468005984531,18
20260927,36,432910.03321533813,10584.66900400151,61.13468005984531,18
20260927,40,432910.03321533813,10584.66900400151,61.13468005984531,18
20260927,50,432910.03321533813,10584.66900400151,61.13468005984531,18
20260927,56,432910.03321533813,10584.66900400151,61.13468005984531,18
20260927,60,432910.03321533813,10584.66900400151,61.13468005984531,18
20260927,63,432910.03321533813,10584.66900400151,61.13468005984531,18
20260927,70,432910.03321533813,10584.66900400151,61.13468005984531,18
20260927,80,432910.03321533813,10584.66900400151,61.13468005984531,18
20260927,90,432910.03321533813,10584.66900400151,61.13468005984531,18
20260927,100,432910.03321533813,10584.66900400151,61.13468005984531,18
20260927,110,432910.03321533813,10584.66900400151,61.13468005984531,18
20260927,120,432910.03321533813,10584.66900400151,61.13468005984531,18
20260927,130,432910.03321533813,10584.66900400151,61.13468005984531,18
20260927,131,394818.0878175138,10650.66900400151,59.15637351808709,18
20260927,132,387380.11685354216,10625.919373742438,59.15637351808709,18
20260927,136,387380.11685354216,10625.919373742438,59.15637351808709,18
20260927,139,279361.6998183104,10625.919373742438,59.556234861566026,18
20260927,140,279361.6998183104,10625.919373742438,59.556234861566026,18
20260927,141,279361.6998183104,10625.919373742438,59.556234861566026,18
20260927,142,279361.6998183104,10625.919373742438,59.556234861566026,18
20260927,144,279361.6998183104,10625.919373742438,59.556234861566026,18
20260927,146,279361.6998183104,10625.919373742438,59.556234861566026,18
20260927,150,279361.6998183104,10625.919373742438,59.556234861566026,18
20260927,159,279361.6998183104,10625.919373742438,59.556234861566026,18
20260927,160,279361.6998183104,10625.919373742438,59.556234861566026,18
20260927,165,279361.6998183104,10625.919373742438,59.556234861566026,18
20260927,166,279361.6998183104,10625.919373742438,59.556234861566026,18
20260927,169,279361.6998183104,10625.919373742438,59.556234861566026,18
20260927,170,279361.6998183104,10625.919373742438,59.556234861566026,18
20260927,172,279361.6998183104,10625.919373742438,59.556234861566026,18
20260927,174,279361.6998183104,10625.919373742438,59.556234861566026,18
20260927,180,279361.6998183104,10625.919373742438,59.556234861566026,18
20260927,189,279361.6998183104,10625.919373742438,59.556234861566026,18
20260927,190,279361.6998183104,10625.919373742438,59.556234861566026,18
20260927,191,279361.6998183104,10625.919373742438,59.556234861566026,18
20260927,193,279361.6998183104,10625.919373742438,59.556234861566026,18
20260927,195,279361.6998183104,10625.919373742438,59.556234861566026,18
20260927,200,279361.6998183104,10625.919373742438,59.556234861566026,18
20260927,207,279361.6998183104,10625.919373742438,59.556234861566026,18
20260927,208,279361.6998183104,10625.919373742438,59.556234861566026,18
20260927,210,279361.6998183104,10625.919373742438,59.556234861566026,18
20260927,215,279361.6998183104,10625.919373742438,59.556234861566026,18
20260927,220,279361.6998183104,10625.919373742438,59.556234861566026,18
20260927,221,139213.598896378,9858.387188224855,59.556234861566026,18
20260927,224,132779.90523080953,9896.817584641514,59.556234861566026,18
20260927,225,132779.90523080953,9896.817584641514,59.556234861566026,18
20260927,227,132779.90523080953,9896.817584641514,59.556234861566026,18
20260927,228,132779.90523080953,9896.817584641514,59.556234861566026,18
20260927,230,132779.90523080953,9896.817584641514,59.556234861566026,18
20260927,237,132779.90523080953,9896.817584641514,59.556234861566026,18
20260927,239,132779.90523080953,9896.817584641514,59.556234861566026,18
20260927,240,132779.90523080953,9896.817584641514,59.556234861566026,18
20260927,241,132779.90523080953,9896.817584641514,59.556234861566026,18
20260927,242,132779.90523080953,9896.817584641514,59.556234861566026,18
20260927,244,132779.90523080953,9896.817584641514,59.556234861566026,18
20260927,246,132779.90523080953,9896.817584641514,59.556234861566026,18
20260927,248,132779.90523080953,9896.817584641514,59.556234861566026,18
20260927,250,132779.90523080953,9896.817584641514,59.556234861566026,18
20260927,251,132779.90523080953,9896.817584641514,59.556234861566026,18
20260927,255,132779.90523080953,9896.817584641514,59.556234861566026,18
20260927,260,132779.90523080953,9896.817584641514,59.556234861566026,18
20260927,261,132779.90523080953,9896.817584641514,59.556234861566026,18
20260927,263,132779.90523080953,9896.817584641514,59.556234861566026,18
20260927,266,132779.90523080953,9896.817584641514,59.556234861566026,18
20260927,267,132779.90523080953,9896.817584641514,59.556234861566026,18
20260927,269,132779.90523080953,9896.817584641514,59.556234861566026,18
20260927,270,132779.90523080953,9896.817584641514,59.556234861566026,18
20260927,274,132779.90523080953,9896.817584641514,59.556234861566026,18
20260927,277,132779.90523080953,9896.817584641514,59.556234861566026,18
20260927,278,132779.90523080953,9896.817584641514,59.556234861566026,18
20260927,280,132779.90523080953,9896.817584641514,59.556234861566026,18
20260927,282,132779.90523080953,9896.817584641514,59.556234861566026,18
20260927,290,132779.90523080953,9896.817584641514,59.556234861566026,18
20260927,300,132779.90523080953,9896.817584641514,59.556234861566026,18
20260927,310,132779.90523080953,9896.817584641514,59.556234861566026,18
20260927,320,132779.90523080953,9896.817584641514,59.556234861566026,18
20260927,330,132779.90523080953,9896.817584641514,59.556234861566026,18
20260927,340,132779.90523080953,9896.817584641514,59.556234861566026,18
20260927,350,132779.90523080953,9896.817584641514,59.556234861566026,18
20260927,360,132779.90523080953,9896.817584641514,59.556234861566026,18
20260927,370,132779.90523080953,9896.817584641514,59.556234861566026,18
20260927,380,132779.90523080953,9896.817584641514,59.556234861566026,18
20260927,390,132779.90523080953,9896.817584641514,59.556234861566026,18
20260927,400,132779.90523080953,9896.817584641514,59.556234861566026,18
20260927,410,132779.90523080953,9896.817584641514,59.556234861566026,18
20260927,412,132779.90523080953,9896.817584641514,59.556234861566026,18
20260927,413,132779.90523080953,9896.817584641514,59.556234861566026,18
20260927,416,132779.90523080953,9896.817584641514,59.556234861566026,18
20260927,417,132779.90523080953,9896.817584641514,59.556234861566026,18
20260927,418,132779.90523080953,9896.817584641514,59.556234861566026,18
20260927,419,132779.90523080953,9896.817584641514,59.556234861566026,18
20260927,420,132779.90523080953,9896.817584641514,59.556234861566026,18
20260927,421,132779.90523080953,9896.817584641514,59.556234861566026,18
20260927,430,132779.90523080953,9896.817584641514,59.556234861566026,18
20260927,431,132779.90523080953,9896.817584641514,59.556234861566026,18
20260927,440,132779.90523080953,9896.817584641514,59.556234861566026,18
20260927,444,132779.90523080953,9896.817584641514,59.556234861566026,18
20260927,450,132779.90523080953,9896.817584641514,59.556234861566026,18
20260927,452,132779.90523080953,9896.817584641514,59.556234861566026,18
20260927,460,132779.90523080953,9896.817584641514,59.556234861566026,18
20260927,464,132779.90523080953,9896.817584641514,59.556234861566026,18
20260927,468,132779.90523080953,9896.817584641514,59.556234861566026,18
20260927,470,132779.90523080953,9896.817584641514,59.556234861566026,18
20260927,473,132779.90523080953,9896.817584641514,59.556234861566026,18
20260927,475,132779.90523080953,9896.817584641514,59.556234861566026,18
20260927,480,132779.90523080953,9896.817584641514,59.556234861566026,18
20260927,490,132779.90523080953,9896.817584641514,59.556234861566026,18
20260927,491,127011.8501517892,9896.817584641514,59.55623486156603,18
20260927,495,127011.8501517892,9896.817584641514,59.55623486156603,18
20260927,496,127011.8501517892,9896.817584641514,59.55623486156603,18
20260927,499,127011.8501517892,9896.817584641514,59.55623486156603,18
20260927,500,127011.8501517892,9896.817584641514,59.55623486156603,18
20260927,504,115631.94181468687,9770.37415867371,59.55623486156603,18
20260927,505,115631.94181468687,9770.37415867371,59.556234861566026,18
20260927,508,115631.94181468687,9770.37415867371,59.556234861566026,18
20260927,510,115631.94181468687,9770.37415867371,59.556234861566026,18
20260927,515,115631.94181468687,9770.37415867371,59.556234861566026,18
20260927,520,115631.94181468687,9770.37415867371,59.556234861566026,18
20260927,523,115631.94181468687,9770.37415867371,59.556234861566026,18
20260927,524,115631.94181468687,9770.37415867371,59.556234861566026,18
20260927,525,115631.94181468687,9770.37415867371,59.556234861566026,18
20260927,530,115631.94181468687,9770.37415867371,59.556234861566026,18
20260927,533,115631.94181468687,9770.37415867371,59.556234861566026,18
20260927,540,115631.94181468687,9770.37415867371,59.556234861566026,18
20260927,545,115631.94181468687,9770.37415867371,59.556234861566026,18
20260927,546,115631.94181468687,9770.37415867371,59.556234861566026,18
20260927,549,115631.94181468687,9770.37415867371,59.556234861566026,18
20260927,550,115631.94181468687,9770.37415867371,59.556234861566026,18
20260927,560,115631.94181468687,9770.37415867371,59.556234861566026,18
20260927,563,115631.94181468687,9770.37415867371,59.556234861566026,18
20260927,568,115631.94181468687,9770.37415867371,59.556234861566026,18
20260927,569,115631.94181468687,9770.37415867371,59.556234861566026,18
20260927,570,115631.94181468687,9770.37415867371,59.556234861566026,18
20260927,574,115631.94181468687,9770.37415867371,59.556234861566026,18
20260927,580,115631.94181468687,9770.37415867371,59.556234861566026,18
20260927,582,115631.94181468687,9770.37415867371,59.556234861566026,18
20260927,587,115631.94181468687,9770.37415867371,59.556234861566026,18
20260927,590,115631.94181468687,9770.37415867371,59.556234861566026,18
20260927,600,115631.94181468687,9770.37415867371,59.556234861566026,18
20260927,601,115631.94181468687,9770.37415867371,59.556234861566026,18
20260927,607,115631.94181468687,9770.37415867371,59.556234861566026,18
20260927,610,115631.94181468687,9770.37415867371,59.556234861566026,18
20260927,615,115631.94181468687,9770.37415867371,59.556234861566026,18
20260927,616,115631.94181468687,9770.37415867371,59.556234861566026,18
20260927,619,115631.94181468687,9770.37415867371,59.556234861566026,18
20260927,620,115631.94181468687,9770.37415867371,59.556234861566026,18
20260927,628,115631.94181468687,9770.37415867371,59.556234861566026,18
20260927,630,115631.94181468687,9770.37415867371,59.556234861566026,18
20260927,632,115631.94181468687,9770.37415867371,59.556234861566026,18
20260927,633,115631.94181468687,9770.37415867371,59.556234861566026,18
20260927,636,115631.94181468687,9770.37415867371,59.556234861566026,18
20260927,640,115631.94181468687,9770.37415867371,59.556234861566026,18
20260927,645,115631.94181468687,9770.37415867371,59.556234861566026,18
20260927,646,115631.94181468687,9770.37415867371,59.556234861566026,18
20260927,648,93939.04833628755,9441.558757115345,59.556234861566026,18
20260927,649,93939.04833628755,9441.558757115345,59.556234861566026,18
20260927,650,93939.04833628755,9441.558757115345,59.556234861566026,18
20260927,660,93939.04833628755,9441.558757115345,59.556234861566026,18
20260927,670,93939.04833628755,9441.558757115345,59.556234861566026,18
20260927,680,93939.04833628755,9441.558757115345,59.556234861566026,18
20260927,690,93939.04833628755,9441.558757115345,59.556234861566026,18
20260927,700,93939.04833628755,9441.558757115345,59.556234861566026,18
20260927,710,93939.04833628755,9441.558757115345,59.556234861566026,18
20260927,720,93939.04833628755,9441.558757115345,59.556234861566026,18
20260927,730,93939.04833628755,9441.558757115345,59.556234861566026,18
20260927,740,93939.04833628755,9441.558757115345,59.556234861566026,18
20260927,750,93939.04833628755,9441.558757115345,59.556234861566026,18
20260927,760,93939.04833628755,9441.558757115345,59.556234861566026,18
20260927,770,93939.04833628755,9441.558757115345,59.556234861566026,18
20260927,780,93939.04833628755,9441.558757115345,59.556234861566026,18
20260927,790,93939.04833628755,9441.558757115345,59.556234861566026,18
20260927,800,93939.04833628755,9441.558757115345,59.556234861566026,18
20260927,810,93939.04833628755,9441.558757115345,59.556234861566026,18
20260927,820,93939.04833628755,9441.558757115345,59.556234861566026,18
20260927,830,93939.04833628755,9441.558757115345,59.556234861566026,18
20260927,840,93939.04833628755,9441.558757115345,59.556234861566026,18
20260927,850,93939.04833628755,9441.558757115345,59.556234861566026,18
20260927,860,93939.04833628755,9441.558757115345,59.556234861566026,18
20260927,870,93939.04833628755,9441.558757115345,59.556234861566026,18
20260927,880,93939.04833628755,9441.558757115345,59.556234861566026,18
20260927,890,93939.04833628755,9441.558757115345,59.556234861566026,18
20260927,900,93939.04833628755,9441.558757115345,59.556234861566026,18
20260927,910,93939.04833628755,9441.558757115345,59.556234861566026,18
20260927,920,93939.04833628755,9441.558757115345,59.556234861566026,18
20260927,930,93939.04833628755,9441.558757115345,59.556234861566026,18
20260927,940,93939.04833628755,9441.558757115345,59.556234861566026,18
20260927,950,93939.04833628755,9441.558757115345,59.556234861566026,18
20260927,960,93939.04833628755,9441.558757115345,59.556234861566026,18
20260927,970,93939.04833628755,9441.558757115345,59.556234861566026,18
20260927,980,93939.04833628755,9441.558757115345,59.556234861566026,18
20260927,990,93939.04833628755,9441.558757115345,59.556234861566026,18
20260927,995,91928.82329837758,9383.22817123883,59.71008878244437,18
20260927,999,91928.82329837758,9383.22817123883,59.710088782444366,18
20260927,1000,91928.82329837758,9383.22817123883,59.710088782444366,18
20260927,1002,91928.82329837758,9383.22817123883,59.710088782444366,18
20260927,1004,91928.82329837758,9383.22817123883,59.710088782444366,18
20260927,1010,91928.82329837758,9383.22817123883,59.710088782444366,18
20260927,1016,91928.82329837758,9383.22817123883,59.710088782444366,18
20260927,1020,91928.82329837758,9383.22817123883,59.710088782444366,18
20260927,1022,91928.82329837758,9383.22817123883,59.710088782444366,18
20260927,1030,91928.82329837758,9383.22817123883,59.710088782444366,18
20260927,1032,91928.82329837758,9383.22817123883,59.710088782444366,18
20260927,1034,86160.76821935725,9383.22817123883,59.710088782444366,18
20260927,1037,86160.76821935725,9383.22817123883,59.710088782444366,18
20260927,1038,86160.76821935725,9383.22817123883,59.710088782444366,18
20260927,1040,86160.76821935725,9383.22817123883,59.710088782444366,18
20260927,1041,86160.76821935725,9383.22817123883,59.710088782444366,18
20260927,1044,84108.1832716869,9383.22817123883,59.55623486156602,18
20260927,1047,84108.1832716869,9383.22817123883,59.55623486156602,18
20260927,1048,84108.1832716869,9383.22817123883,59.55623486156602,18
20260927,1049,84108.1832716869,9383.22817123883,59.55623486156602,18
20260927,1050,84108.1832716869,9383.22817123883,59.55623486156602,18
20260927,1055,84108.1832716869,9383.22817123883,59.55623486156602,18
20260927,1056,84108.1832716869,9383.22817123883,59.55623486156602,18
20260927,1058,84108.1832716869,9383.22817123883,59.55623486156602,18
20260927,1060,84108.1832716869,9383.22817123883,59.55623486156602,18
20260927,1063,84108.1832716869,9272.241861557344,59.556234861566026,18
20260927,1070,84108.1832716869,9272.241861557344,59.556234861566026,18
20260927,1072,84108.1832716869,9272.241861557344,59.556234861566026,18
20260927,1080,84108.1832716869,9272.241861557344,59.556234861566026,18
20260927,1081,84108.1832716869,9272.241861557344,59.556234861566026,18
20260927,1087,84108.1832716869,9272.241861557344,59.556234861566026,18
20260927,1090,84108.1832716869,9272.241861557344,59.556234861566026,18
20260927,1091,84108.1832716869,9272.241861557344,59.556234861566026,18
20260927,1094,84108.1832716869,9272.241861557344,59.556234861566026,18
20260927,1097,84108.1832716869,9272.241861557344,59.556234861566026,18
20260927,1098,84108.1832716869,9272.241861557344,59.556234861566026,18
20260927,1100,84108.1832716869,9272.241861557344,59.556234861566026,18
20260927,1101,84108.1832716869,9272.241861557344,59.556234861566026,18
20260927,1102,84108.1832716869,9272.241861557344,59.556234861566026,18
20260927,1103,84108.1832716869,9272.241861557344,59.556234861566026,18
20260927,1107,84108.1832716869,9272.241861557344,59.556234861566026,18
20260927,1109,84108.1832716869,9272.241861557344,59.556234861566026,18
20260927,1110,84108.1832716869,9272.241861557344,59.556234861566026,18
20260927,1111,73697.27515527279,8948.657911728735,59.556234861566026,18
20260927,1120,73697.27515527279,8948.657911728735,59.556234861566026,18
20260927,1130,73697.27515527279,8948.657911728735,59.556234861566026,18
20260927,1140,73697.27515527279,8948.657911728735,59.556234861566026,18
20260927,1150,73697.27515527279,8948.657911728735,59.556234861566026,18
20260927,1157,73697.27515527279,8948.657911728735,59.556234861566026,18
20260927,1160,73697.27515527279,8948.657911728735,59.556234861566026,18
20260927,1166,73697.27515527279,8948.657911728735,59.556234861566026,18
20260927,1170,73697.27515527279,8948.657911728735,59.556234861566026,18
20260927,1177,73697.27515527279,8948.657911728735,59.556234861566026,18
20260927,1178,73697.27515527279,8948.657911728735,59.556234861566026,18
20260927,1180,73697.27515527279,8948.657911728735,59.556234861566026,18
20260927,1187,73697.27515527279,8948.657911728735,59.556234861566026,18
20260927,1190,73697.27515527279,8948.657911728735,59.556234861566026,18
20260927,1191,73697.27515527279,8948.657911728735,59.556234861566026,18
20260927,1200,73697.27515527279,8948.657911728735,59.556234861566026,18
20260927,1210,73697.27515527279,8948.657911728735,59.556234861566026,18
20260927,1220,73697.27515527279,8948.657911728735,59.556234861566026,18
20260927,1230,73697.27515527279,8948.657911728735,59.556234861566026,18
20260927,1240,73697.27515527279,8948.657911728735,59.556234861566026,18
20260927,1250,73697.27515527279,8948.657911728735,59.556234861566026,18
20260927,1260,73697.27515527279,8948.657911728735,59.556234861566026,18
20260927,1270,73697.27515527279,8948.657911728735,59.556234861566026,18
20260927,1280,73697.27515527279,8948.657911728735,59.556234861566026,18
20260927,1290,73697.27515527279,8948.657911728735,59.556234861566026,18
20260927,1300,73697.27515527279,8948.657911728735,59.556234861566026,18
20260927,1310,73697.27515527279,8948.657911728735,59.556234861566026,18
20260927,1320,73697.27515527279,8948.657911728735,59.556234861566026,18
20260927,1330,73697.27515527279,8948.657911728735,59.556234861566026,18
20260927,1340,73697.27515527279,8948.657911728735,59.556234861566026,18
20260927,1350,73697.27515527279,8948.657911728735,59.556234861566026,18
20260927,1360,73697.27515527279,8948.657911728735,59.556234861566026,18
20260927,1370,73697.27515527279,8948.657911728735,59.556234861566026,18
20260927,1380,73697.27515527279,8948.657911728735,59.556234861566026,18
20260927,1390,73697.27515527279,8948.657911728735,59.556234861566026,18
20260927,1400,73697.27515527279,8948.657911728735,59.556234861566026,18
20260927,1410,73697.27515527279,8948.657911728735,59.556234861566026,18
20260927,1420,73697.27515527279,8948.657911728735,59.556234861566026,18
20260927,1430,73697.27515527279,8948.657911728735,59.556234861566026,18
20260927,1440,73697.27515527279,8948.657911728735,59.556234861566026,18
20260927,1450,73697.27515527279,8948.657911728735,59.556234861566026,18
20260927,1460,73697.27515527279,8948.657911728735,59.556234861566026,18
20260927,1470,73697.27515527279,8948.657911728735,59.556234861566026,18
20260927,1480,73697.27515527279,8948.657911728735,59.556234861566026,18
20260927,1490,73697.27515527279,8948.657911728735,59.556234861566026,18
20260927,1500,73697.27515527279,8948.657911728735,59.556234861566026,18
20260927,1510,73697.27515527279,8948.657911728735,59.556234861566026,18
20260927,1520,73697.27515527279,8948.657911728735,59.556234861566026,18
20260927,1530,73697.27515527279,8948.657911728735,59.556234861566026,18
20260927,1540,73697.27515527279,8948.657911728735,59.556234861566026,18
20260927,1550,73697.27515527279,8948.657911728735,59.556234861566026,18
20260927,1560,73697.27515527279,8948.657911728735,59.556234861566026,18
20260927,1570,73697.27515527279,8948.657911728735,59.556234861566026,18
20260927,1580,73697.27515527279,8948.657911728735,59.556234861566026,18
20260927,1590,73697.27515527279,8948.657911728735,59.556234861566026,18
20260927,1600,73697.27515527279,8948.657911728735,59.556234861566026,18
20260927,1610,73697.27515527279,8948.657911728735,59.556234861566026,18
20260927,1620,73697.27515527279,8948.657911728735,59.556234861566026,18
20260927,1630,73697.27515527279,8948.657911728735,59.556234861566026,18
20260927,1640,73697.27515527279,8948.657911728735,59.556234861566026,18
20260927,1650,73697.27515527279,8948.657911728735,59.556234861566026,18
20260927,1660,73697.27515527279,8948.657911728735,59.556234861566026,18
20260927,1670,73697.27515527279,8948.657911728735,59.556234861566026,18
20260927,1680,73697.27515527279,8948.657911728735,59.556234861566026,18
20260927,1690,73697.27515527279,8948.657911728735,59.556234861566026,18
20260927,1700,73697.27515527279,8948.657911728735,59.556234861566026,18
20260927,1710,73697.27515527279,8948.657911728735,59.556234861566026,18
20260927,1720,73697.27515527279,8948.657911728735,59.556234861566026,18
20260927,1730,73697.27515527279,8948.657911728735,59.556234861566026,18
20260927,1740,73697.27515527279,8948.657911728735,59.556234861566026,18
20260927,1750,73697.27515527279,8948.657911728735,59.556234861566026,18
20260927,1760,73697.27515527279,8948.657911728735,59.556234861566026,18
20260927,1770,73697.27515527279,8948.657911728735,59.556234861566026,18
20260927,1780,73697.27515527279,8948.657911728735,59.556234861566026,18
20260927,1790,73697.27515527279,8948.657911728735,59.556234861566026,18
20260927,1800,73697.27515527279,8948.657911728735,59.556234861566026,18
20260927,1810,73697.27515527279,8948.657911728735,59.556234861566026,18
20260927,1820,73697.27515527279,8948.657911728735,59.556234861566026,18
20260927,1830,73697.27515527279,8948.657911728735,59.556234861566026,18
20260927,1840,73697.27515527279,8948.657911728735,59.556234861566026,18
20260927,1850,73697.27515527279,8948.657911728735,59.556234861566026,18
20260927,1860,73697.27515527279,8948.657911728735,59.556234861566026,18
20260927,1866,73697.27515527279,8948.657911728735,59.556234861566026,18
20260927,1869,73697.27515527279,8948.657911728735,59.556234861566026,18
20260927,1870,73697.27515527279,8948.657911728735,59.556234861566026,18
20260927,1876,73697.27515527279,8948.657911728735,59.556234861566026,18
20260927,1878,73697.27515527279,8948.657911728735,59.556234861566026,18
20260927,1880,73697.27515527279,8948.657911728735,59.556234861566026,18
20260927,1883,73697.27515527279,8948.657911728735,59.556234861566026,18
20260927,1887,73697.27515527279,8948.657911728735,59.556234861566026,18
20260927,1890,73697.27515527279,8948.657911728735,59.556234861566026,18
20260927,1894,73697.27515527279,8948.657911728735,59.55623486156602,18
20260927,1897,73697.27515527279,8948.657911728735,59.55623486156602,18
20260927,1898,73697.27515527279,8948.657911728735,59.55623486156602,18
20260927,1899,73697.27515527279,8948.657911728735,59.55623486156602,18
20260927,1900,73697.27515527279,8948.657911728735,59.55623486156602,18
20260927,1901,73697.27515527279,8948.657911728735,59.55623486156602,18
20260927,1903,73697.27515527279,8948.657911728735,59.55623486156602,18
20260927,1906,73697.27515527279,8948.657911728735,59.55623486156602,18
20260927,1910,73697.27515527279,8948.657911728735,59.55623486156602,18
20260927,1916,73697.27515527279,8948.657911728735,59.55623486156602,18
20260927,1917,73697.27515527279,8948.657911728735,59.55623486156602,18
20260927,1920,73697.27515527279,8948.657911728735,59.55623486156602,18
20260927,1930,73697.27515527279,8948.657911728735,59.55623486156602,18
20260927,1931,73697.27515527279,8948.657911728735,59.55623486156602,18
20260927,1935,73697.27515527279,8948.657911728735,59.55623486156602,18
20260927,1940,73697.27515527279,8948.657911728735,59.55623486156602,18
20260927,1946,73697.27515527279,8948.657911728735,59.55623486156602,18
20260927,1950,73697.27515527279,8948.657911728735,59.55623486156602,18
20260927,1954,73697.27515527279,8948.657911728735,59.55623486156602,18
20260927,1960,73697.27515527279,8948.657911728735,59.55623486156602,18
20260927,1970,73697.27515527279,8948.657911728735,59.55623486156602,18
20260927,1972,73697.27515527279,8948.657911728735,59.55623486156602,18
20260927,1978,73697.27515527279,8948.657911728735,59.55623486156602,18
20260927,1979,73697.27515527279,8948.657911728735,59.55623486156602,18
20260927,1980,73697.27515527279,8948.657911728735,59.55623486156602,18
20260927,1984,73697.27515527279,8948.657911728735,59.55623486156602,18
20260927,1990,73697.27515527279,8948.657911728735,59.55623486156602,18
20260927,1993,73697.27515527279,8948.657911728735,59.55623486156602,18
20260927,2000,73697.27515527279,8948.657911728735,59.55623486156602,18
20260928,1,537639.120723311,10730.636718789383,61.2891364567802,18
20260928,10,537639.120723311,10730.636718789383,61.2891364567802,18
20260928,11,537639.120723311,10730.636718789383,61.2891364567802,18
20260928,17,537639.120723311,10730.636718789383,61.2891364567802,18
20260928,20,537639.120723311,10730.636718789383,61.2891364567802,18
20260928,30,537639.120723311,10730.636718789383,61.2891364567802,18
20260928,32,506942.87760275806,10780.255249138887,59.646361285991404,17
20260928,39,506942.87760275806,10780.255249138887,59.64546117826488,17
20260928,40,506942.87760275806,10780.255249138887,59.64546117826488,17
20260928,45,506942.87760275806,10780.255249138887,59.64546117826488,17
20260928,47,500194.75747522555,10730.636718789383,61.2891364567802,18
20260928,50,500194.75747522555,10730.636718789383,61.2891364567802,18
20260928,60,500194.75747522555,10730.636718789383,61.2891364567802,18
20260928,64,500194.75747522555,10730.636718789383,61.2891364567802,18
20260928,70,500194.75747522555,10730.636718789383,61.2891364567802,18
20260928,71,500194.75747522555,10730.636718789383,61.2891364567802,18
20260928,72,500194.75747522555,10730.636718789383,61.2891364567802,18
20260928,80,500194.75747522555,10730.636718789383,61.2891364567802,18
20260928,90,500194.75747522555,10730.636718789383,61.2891364567802,18
20260928,91,500194.75747522555,10730.636718789383,61.2891364567802,18
20260928,100,500194.75747522555,10730.636718789383,61.2891364567802,18
20260928,104,481489.6472722648,11187.140932541699,61.10404472311338,18
20260928,110,481489.6472722648,11187.140932541699,61.10404472311338,18
20260928,117,417980.89477924444,10554.534752684502,61.10404472311338,18
20260928,119,417980.89477924444,10554.534752684502,61.10404472311338,18
20260928,120,417980.89477924444,10554.534752684502,61.10404472311338,18
20260928,124,417980.89477924444,10554.534752684502,61.10404472311338,18
20260928,126,417980.89477924444,10554.534752684502,61.10404472311338,18
20260928,129,417980.89477924444,10554.534752684502,61.10404472311338,18
20260928,130,417980.89477924444,10554.534752684502,61.10404472311338,18
20260928,136,417980.89477924444,10554.534752684502,61.10404472311338,18
20260928,140,417980.89477924444,10554.534752684502,61.10404472311338,18
20260928,150,417980.89477924444,10554.534752684502,61.10404472311338,18
20260928,160,417980.89477924444,10554.534752684502,61.10404472311338,18
20260928,170,417980.89477924444,10554.534752684502,61.10404472311338,18
20260928,180,417980.89477924444,10554.534752684502,61.10404472311338,18
20260928,190,417980.89477924444,10554.534752684502,61.10404472311338,18
20260928,200,417980.89477924444,10554.534752684502,61.10404472311338,18
20260928,210,417980.89477924444,10554.534752684502,61.10404472311338,18
20260928,220,417980.89477924444,10554.534752684502,61.10404472311338,18
20260928,230,417980.89477924444,10554.534752684502,61.10404472311338,18
20260928,231,410187.541038012,10584.66900400151,61.13468005984531,18
20260928,240,410187.541038012,10584.66900400151,61.13468005984531,18
20260928,247,410187.541038012,10584.66900400151,61.13468005984531,18
20260928,248,410187.541038012,10584.66900400151,61.13468005984531,18
20260928,250,410187.541038012,10584.66900400151,61.13468005984531,18
20260928,253,410187.541038012,10584.66900400151,61.13468005984531,18
20260928,256,410187.541038012,10584.66900400151,61.13468005984531,18
20260928,260,410187.541038012,10584.66900400151,61.13468005984531,18
20260928,263,337883.3166436588,9986.789875570477,59.15314481400875,18
20260928,264,320279.9266444286,10052.789875570477,59.73971849373151,18
20260928,265,315185.9076733196,10052.789875570477,59.73971849373151,18
20260928,269,315185.9076733196,10052.789875570477,59.73971849373151,18
20260928,270,310111.4424411442,10620.534752684502,59.73971849373151,18
20260928,273,310111.4424411442,10620.534752684502,59.73971849373151,18
20260928,277,310111.4424411442,10620.534752684502,59.73971849373151,18
20260928,278,310111.4424411442,10620.534752684502,59.73971849373151,18
20260928,280,310111.4424411442,10620.534752684502,59.73971849373151,18
20260928,283,310111.4424411442,10620.534752684502,59.73971849373151,18
20260928,284,310111.4424411442,10620.534752684502,59.73971849373151,18
20260928,288,310111.4424411442,10620.534752684502,59.73971849373151,18
20260928,290,310111.4424411442,10620.534752684502,59.73971849373151,18
20260928,293,292851.08788490744,10620.534752684502,59.7397184937315,18
20260928,294,291031.8300978796,10620.534752684502,59.7397184937315,18
20260928,296,291031.8300978796,10620.534752684502,59.7397184937315,18
20260928,299,291031.8300978796,10620.534752684502,59.7397184937315,18
20260928,300,291031.8300978796,10620.534752684502,59.7397184937315,18
20260928,302,229174.41143916416,10061.633907297892,59.7397184937315,18
20260928,310,229174.41143916416,10061.633907297892,59.7397184937315,18
20260928,320,229174.41143916416,10061.633907297892,59.7397184937315,18
20260928,325,99589.44625551952,9514.90304893639,59.7397184937315,18
20260928,330,99589.44625551952,9514.90304893639,59.7397184937315,18
20260928,331,88140.76821935725,9514.90304893639,60.29666246216713,18
20260928,335,88140.76821935725,9514.90304893639,60.29666246216713,18
20260928,340,88140.76821935725,9514.90304893639,60.29666246216713,18
20260928,345,84347.46544032313,9388.459622968587,60.29666246216713,18
20260928,348,84347.46544032313,9277.4733132871,60.29666246216713,18
20260928,349,75677.27515527279,8948.657911728735,60.29666246216713,18
20260928,350,75677.27515527279,8948.657911728735,60.29666246216713,18
20260928,351,75677.27515527279,8948.657911728735,60.29666246216713,18
20260928,352,75677.27515527279,8948.657911728735,60.14280854128878,18
20260928,353,75677.27515527279,8948.657911728735,60.14280854128878,18
20260928,360,75677.27515527279,8948.657911728735,60.14280854128878,18
20260928,365,75677.27515527279,8948.657911728735,60.14280854128878,18
20260928,370,75677.27515527279,8948.657911728735,60.14280854128878,18
20260928,380,75677.27515527279,8948.657911728735,60.14280854128878,18
20260928,390,75677.27515527279,8948.657911728735,60.14280854128878,18
20260928,400,75677.27515527279,8948.657911728735,60.14280854128878,18
20260928,410,75677.27515527279,8948.657911728735,60.14280854128878,18
20260928,420,75677.27515527279,8948.657911728735,60.14280854128878,18
20260928,430,75677.27515527279,8948.657911728735,60.14280854128878,18
20260928,440,75677.27515527279,8948.657911728735,60.14280854128878,18
20260928,450,75677.27515527279,8948.657911728735,60.14280854128878,18
20260928,460,75677.27515527279,8948.657911728735,60.14280854128878,18
20260928,470,75677.27515527279,8948.657911728735,60.14280854128878,18
20260928,480,75677.27515527279,8948.657911728735,60.14280854128878,18
20260928,490,75677.27515527279,8948.657911728735,60.14280854128878,18
20260928,500,75677.27515527279,8948.657911728735,60.14280854128878,18
20260928,510,75677.27515527279,8948.657911728735,60.14280854128878,18
20260928,520,75677.27515527279,8948.657911728735,60.14280854128878,18
20260928,530,75677.27515527279,8948.657911728735,60.14280854128878,18
20260928,540,75677.27515527279,8948.657911728735,60.14280854128878,18
20260928,550,75677.27515527279,8948.657911728735,60.14280854128878,18
20260928,560,75677.27515527279,8948.657911728735,60.14280854128878,18
20260928,570,75677.27515527279,8948.657911728735,60.14280854128878,18
20260928,580,75677.27515527279,8948.657911728735,60.14280854128878,18
20260928,590,75677.27515527279,8948.657911728735,60.14280854128878,18
20260928,600,75677.27515527279,8948.657911728735,60.14280854128878,18
20260928,610,75677.27515527279,8948.657911728735,60.14280854128878,18
20260928,614,75677.27515527279,8948.657911728735,60.14280854128878,18
20260928,617,75677.27515527279,8948.657911728735,60.14280854128878,18
20260928,620,75677.27515527279,8948.657911728735,60.14280854128878,18
20260928,621,75677.27515527279,8948.657911728735,60.14280854128878,18
20260928,622,75677.27515527279,8948.657911728735,60.14280854128878,18
20260928,626,75677.27515527279,8948.657911728735,60.14280854128878,18
20260928,627,75677.27515527279,8948.657911728735,60.14280854128878,18
20260928,630,75677.27515527279,8948.657911728735,60.14280854128878,18
20260928,637,75677.27515527279,8948.657911728735,59.91304904865148,18
20260928,638,75042.00919624596,8969.833443696296,59.91304904865147,18
20260928,640,75042.00919624596,8969.833443696296,59.91304904865147,18
20260928,648,75042.00919624596,8969.833443696296,59.91304904865147,18
20260928,649,75042.00919624596,8969.833443696296,59.91304904865147,18
20260928,650,75042.00919624596,8969.833443696296,59.91304904865147,18
20260928,654,75042.00919624596,8969.833443696296,59.91304904865147,18
20260928,660,75042.00919624596,8969.833443696296,59.91304904865147,18
20260928,662,75042.00919624596,8969.833443696296,59.91304904865147,18
20260928,666,75042.00919624596,8969.833443696296,59.91304904865147,18
20260928,667,75042.00919624596,8969.833443696296,59.91304904865147,18
20260928,670,75042.00919624596,8969.833443696296,59.91304904865147,18
20260928,672,75042.00919624596,8969.833443696296,59.91304904865147,18
20260928,673,75042.00919624596,8969.833443696296,59.91304904865147,18
20260928,674,75042.00919624596,8969.833443696296,59.91304904865147,18
20260928,679,75042.00919624596,8969.833443696296,59.91304904865147,18
20260928,680,75042.00919624596,8969.833443696296,59.91304904865147,18
20260928,687,75042.00919624596,8969.833443696296,59.91304904865147,18
20260928,688,75042.00919624596,8969.833443696296,59.91304904865147,18
20260928,690,75042.00919624596,8969.833443696296,59.91304904865147,18
20260928,694,75042.00919624596,8969.833443696296,59.91304904865147,18
20260928,700,75042.00919624596,8969.833443696296,59.91304904865147,18
20260928,705,75042.00919624596,8969.833443696296,59.91304904865147,18
20260928,708,75042.00919624596,8969.833443696296,59.91304904865147,18
20260928,710,75042.00919624596,8969.833443696296,59.91304904865147,18
20260928,717,75042.00919624596,8969.833443696296,59.91304904865147,18
20260928,719,75042.00919624596,8969.833443696296,59.91304904865147,18
20260928,720,75042.00919624596,8969.833443696296,59.91304904865147,18
20260928,730,75042.00919624596,8969.833443696296,59.91304904865147,18
20260928,737,75042.00919624596,8969.833443696296,59.91304904865147,18
20260928,738,75042.00919624596,8969.833443696296,59.91304904865147,18
20260928,740,75042.00919624596,8969.833443696296,59.91304904865147,18
20260928,746,75042.00919624596,8969.833443696296,59.91304904865147,18
20260928,750,75042.00919624596,8969.833443696296,59.91304904865147,18
20260928,751,75042.00919624596,8969.833443696296,59.91304904865147,18
20260928,753,75042.00919624596,8969.833443696296,59.91304904865147,18
20260928,756,75042.00919624596,8969.833443696296,59.91304904865147,18
20260928,760,75042.00919624596,8969.833443696296,59.91304904865147,18
20260928,763,75042.00919624596,8969.833443696296,59.91304904865147,18
20260928,766,75042.00919624596,8969.833443696296,59.91304904865147,18
20260928,768,75042.00919624596,8969.833443696296,59.91304904865147,18
20260928,770,75042.00919624596,8969.833443696296,59.91304904865147,18
20260928,780,75042.00919624596,8969.833443696296,59.91304904865147,18
20260928,783,75042.00919624596,8969.833443696296,59.91304904865147,18
20260928,785,75042.00919624596,8969.833443696296,59.91304904865147,18
20260928,786,75042.00919624596,8969.833443696296,59.91304904865147,18
20260928,790,75042.00919624596,8969.833443696296,59.91304904865147,18
20260928,791,75042.00919624596,8969.833443696296,59.91304904865147,18
20260928,799,75042.00919624596,8969.833443696296,59.91304904865147,18
20260928,800,75042.00919624596,8969.833443696296,59.91304904865147,18
20260928,807,75042.00919624596,8969.833443696296,59.91304904865147,18
20260928,808,75042.00919624596,8969.833443696296,59.91304904865147,18
20260928,810,75042.00919624596,8969.833443696296,59.91304904865147,18
20260928,811,75042.00919624596,8969.833443696296,59.91304904865147,18
20260928,820,75042.00919624596,8969.833443696296,59.91304904865147,18
20260928,829,75042.00919624596,8969.833443696296,59.91304904865147,18
20260928,830,75042.00919624596,8969.833443696296,59.91304904865147,18
20260928,831,75042.00919624596,8969.833443696296,59.91304904865147,18
20260928,840,75042.00919624596,8969.833443696296,59.91304904865147,18
20260928,847,75042.00919624596,8969.833443696296,59.91304904865147,18
20260928,850,75042.00919624596,8969.833443696296,59.91304904865147,18
20260928,851,75042.00919624596,8969.833443696296,59.91304904865147,18
20260928,860,75042.00919624596,8969.833443696296,59.91304904865147,18
20260928,869,75042.00919624596,8969.833443696296,59.91304904865147,18
20260928,870,75042.00919624596,8969.833443696296,59.91304904865147,18
20260928,880,75042.00919624596,8969.833443696296,59.91304904865147,18
20260928,890,75042.00919624596,8969.833443696296,59.91304904865147,18
20260928,900,75042.00919624596,8969.833443696296,59.91304904865147,18
20260928,901,75042.00919624596,8969.833443696296,59.91304904865147,18
20260928,910,75042.00919624596,8969.833443696296,59.91304904865147,18
20260928,915,75042.00919624596,8969.833443696296,59.91304904865147,18
20260928,920,75042.00919624596,8969.833443696296,59.91304904865147,18
20260928,924,75042.00919624596,8969.833443696296,59.91304904865147,18
20260928,930,75042.00919624596,8969.833443696296,59.91304904865147,18
20260928,934,75042.00919624596,8969.833443696296,59.91304904865147,18
20260928,940,75042.00919624596,8969.833443696296,59.91304904865147,18
20260928,944,75042.00919624596,8969.833443696296,59.91304904865147,18
20260928,945,75042.00919624596,8969.833443696296,59.91304904865147,18
20260928,947,75042.00919624596,8969.833443696296,59.91304904865147,18
20260928,950,75042.00919624596,8969.833443696296,59.91304904865147,18
20260928,960,75042.00919624596,8969.833443696296,59.91304904865147,18
20260928,966,75042.00919624596,8969.833443696296,59.91304904865147,18
20260928,970,75042.00919624596,8969.833443696296,59.91304904865147,18
20260928,977,75042.00919624596,8969.833443696296,59.91304904865147,18
20260928,980,75042.00919624596,8969.833443696296,59.91304904865147,18
20260928,990,75042.00919624596,8969.833443696296,59.91304904865147,18
20260928,992,75042.00919624596,8969.833443696296,59.91304904865147,18
20260928,993,75042.00919624596,8969.833443696296,59.91304904865147,18
20260928,997,75042.00919624596,8969.833443696296,59.91304904865147,18
20260928,1000,75042.00919624596,8969.833443696296,59.91304904865147,18
20260928,1010,75042.00919624596,8969.833443696296,59.91304904865147,18
20260928,1020,75042.00919624596,8969.833443696296,59.91304904865147,18
20260928,1030,75042.00919624596,8969.833443696296,59.91304904865147,18
20260928,1040,75042.00919624596,8969.833443696296,59.91304904865147,18
20260928,1050,75042.00919624596,8969.833443696296,59.91304904865147,18
20260928,1060,75042.00919624596,8969.833443696296,59.91304904865147,18
20260928,1070,75042.00919624596,8969.833443696296,59.91304904865147,18
20260928,1080,75042.00919624596,8969.833443696296,59.91304904865147,18
20260928,1090,75042.00919624596,8969.833443696296,59.91304904865147,18
20260928,1100,75042.00919624596,8969.833443696296,59.91304904865147,18
20260928,1110,75042.00919624596,8969.833443696296,59.91304904865147,18
20260928,1120,75042.00919624596,8969.833443696296,59.91304904865147,18
20260928,1130,75042.00919624596,8969.833443696296,59.91304904865147,18
20260928,1140,75042.00919624596,8969.833443696296,59.91304904865147,18
20260928,1149,75042.00919624596,8969.833443696296,59.91304904865147,18
20260928,1150,75042.00919624596,8969.833443696296,59.91304904865147,18
20260928,1154,75042.00919624596,8969.833443696296,59.91304904865147,18
20260928,1160,75042.00919624596,8969.833443696296,59.91304904865147,18
20260928,1170,75042.00919624596,8969.833443696296,59.91304904865147,18
20260928,1176,75042.00919624596,8969.833443696296,59.91304904865147,18
20260928,1180,75042.00919624596,8969.833443696296,59.91304904865147,18
20260928,1190,75042.00919624596,8969.833443696296,59.91304904865147,18
20260928,1195,75042.00919624596,8969.833443696296,59.91304904865147,18
20260928,1200,75042.00919624596,8969.833443696296,59.91304904865147,18
20260928,1201,75042.00919624596,8969.833443696296,59.91304904865147,18
20260928,1208,75042.00919624596,8969.833443696296,59.91304904865147,18
20260928,1210,75042.00919624596,8969.833443696296,59.91304904865147,18
20260928,1212,75042.00919624596,8969.833443696296,59.91304904865147,18
20260928,1215,75042.00919624596,8969.833443696296,59.91304904865147,18
20260928,1220,75042.00919624596,8969.833443696296,59.91304904865147,18
20260928,1221,75042.00919624596,8969.833443696296,59.91304904865147,18
20260928,1230,75042.00919624596,8969.833443696296,59.91304904865147,18
20260928,1231,75042.00919624596,8969.833443696296,59.91304904865147,18
20260928,1239,75042.00919624596,8969.833443696296,59.91304904865147,18
20260928,1240,75042.00919624596,8969.833443696296,59.91304904865147,18
20260928,1241,75042.00919624596,8969.833443696296,59.91304904865147,18
20260928,1246,75042.00919624596,8969.833443696296,59.91304904865147,18
20260928,1250,75042.00919624596,8969.833443696296,59.91304904865147,18
20260928,1254,75042.00919624596,8969.833443696296,59.91304904865147,18
20260928,1258,75042.00919624596,8969.833443696296,59.91304904865147,18
20260928,1260,75042.00919624596,8969.833443696296,59.91304904865147,18
20260928,1270,75042.00919624596,8969.833443696296,59.91304904865147,18
20260928,1273,75042.00919624596,8969.833443696296,59.91304904865147,18
20260928,1274,75042.00919624596,8969.833443696296,59.91304904865147,18
20260928,1280,75042.00919624596,8969.833443696296,59.91304904865147,18
20260928,1281,75042.00919624596,8969.833443696296,59.91304904865147,18
20260928,1285,75042.00919624596,8969.833443696296,59.91304904865147,18
20260928,1288,75042.00919624596,8969.833443696296,59.91304904865147,18
20260928,1290,75042.00919624596,8969.833443696296,59.91304904865147,18
20260928,1292,75042.00919624596,8969.833443696296,59.91304904865147,18
20260928,1300,75042.00919624596,8969.833443696296,59.91304904865147,18
20260928,1310,75042.00919624596,8969.833443696296,59.91304904865147,18
20260928,1320,75042.00919624596,8969.833443696296,59.91304904865147,18
20260928,1322,75042.00919624596,8969.833443696296,59.91304904865147,18
20260928,1330,75042.00919624596,8969.833443696296,59.91304904865147,18
20260928,1334,75042.00919624596,8969.833443696296,59.91304904865147,18
20260928,1340,75042.00919624596,8969.833443696296,59.91304904865147,18
20260928,1350,75042.00919624596,8969.833443696296,59.91304904865147,18
20260928,1360,75042.00919624596,8969.833443696296,59.91304904865147,18
20260928,1370,75042.00919624596,8969.833443696296,59.91304904865147,18
20260928,1380,75042.00919624596,8969.833443696296,59.91304904865147,18
20260928,1390,75042.00919624596,8969.833443696296,59.91304904865147,18
20260928,1400,75042.00919624596,8969.833443696296,59.91304904865147,18
20260928,1410,75042.00919624596,8969.833443696296,59.91304904865147,18
20260928,1420,75042.00919624596,8969.833443696296,59.91304904865147,18
20260928,1430,75042.00919624596,8969.833443696296,59.91304904865147,18
20260928,1440,75042.00919624596,8969.833443696296,59.91304904865147,18
20260928,1450,75042.00919624596,8969.833443696296,59.91304904865147,18
20260928,1460,75042.00919624596,8969.833443696296,59.91304904865147,18
20260928,1470,75042.00919624596,8969.833443696296,59.91304904865147,18
20260928,1480,75042.00919624596,8969.833443696296,59.91304904865147,18
20260928,1490,75042.00919624596,8969.833443696296,59.91304904865147,18
20260928,1500,75042.00919624596,8969.833443696296,59.91304904865147,18
20260928,1510,75042.00919624596,8969.833443696296,59.91304904865147,18
20260928,1520,75042.00919624596,8969.833443696296,59.91304904865147,18
20260928,1530,75042.00919624596,8969.833443696296,59.91304904865147,18
20260928,1540,75042.00919624596,8969.833443696296,59.91304904865147,18
20260928,1550,75042.00919624596,8969.833443696296,59.91304904865147,18
20260928,1555,75042.00919624596,8969.833443696296,59.91304904865147,18
20260928,1560,75042.00919624596,8969.833443696296,59.91304904865147,18
20260928,1563,75042.00919624596,8969.833443696296,59.913049048651466,18
20260928,1567,75042.00919624596,8969.833443696296,59.913049048651466,18
20260928,1568,75042.00919624596,8969.833443696296,59.913049048651466,18
20260928,1570,75042.00919624596,8969.833443696296,59.913049048651466,18
20260928,1572,75042.00919624596,8969.833443696296,59.913049048651466,18
20260928,1575,75042.00919624596,8969.833443696296,59.913049048651466,18
20260928,1580,75042.00919624596,8969.833443696296,59.913049048651466,18
20260928,1586,75042.00919624596,8969.833443696296,59.913049048651466,18
20260928,1590,75042.00919624596,8969.833443696296,59.913049048651466,18
20260928,1593,75042.00919624596,8969.833443696296,59.913049048651466,18
20260928,1600,75042.00919624596,8969.833443696296,59.913049048651466,18
20260928,1601,75042.00919624596,8969.833443696296,59.913049048651466,18
20260928,1610,75042.00919624596,8969.833443696296,59.913049048651466,18
20260928,1620,75042.00919624596,8969.833443696296,59.913049048651466,18
20260928,1630,75042.00919624596,8969.833443696296,59.913049048651466,18
20260928,1640,75042.00919624596,8969.833443696296,59.913049048651466,18
20260928,1650,75042.00919624596,8969.833443696296,59.913049048651466,18
20260928,1660,75042.00919624596,8969.833443696296,59.913049048651466,18
20260928,1670,75042.00919624596,8969.833443696296,59.913049048651466,18
20260928,1680,75042.00919624596,8969.833443696296,59.913049048651466,18
20260928,1690,75042.00919624596,8969.833443696296,59.913049048651466,18
20260928,1700,75042.00919624596,8969.833443696296,59.913049048651466,18
20260928,1710,75042.00919624596,8969.833443696296,59.913049048651466,18
20260928,1720,75042.00919624596,8969.833443696296,59.913049048651466,18
20260928,1730,75042.00919624596,8969.833443696296,59.913049048651466,18
20260928,1740,75042.00919624596,8969.833443696296,59.913049048651466,18
20260928,1750,75042.00919624596,8969.833443696296,59.913049048651466,18
20260928,1760,75042.00919624596,8969.833443696296,59.913049048651466,18
20260928,1770,75042.00919624596,8969.833443696296,59.913049048651466,18
20260928,1780,75042.00919624596,8969.833443696296,59.913049048651466,18
20260928,1790,75042.00919624596,8969.833443696296,59.913049048651466,18
20260928,1800,75042.00919624596,8969.833443696296,59.913049048651466,18
20260928,1810,75042.00919624596,8969.833443696296,59.913049048651466,18
20260928,1820,75042.00919624596,8969.833443696296,59.913049048651466,18
20260928,1830,75042.00919624596,8969.833443696296,59.913049048651466,18
20260928,1840,75042.00919624596,8969.833443696296,59.913049048651466,18
20260928,1850,75042.00919624596,8969.833443696296,59.913049048651466,18
20260928,1860,75042.00919624596,8969.833443696296,59.913049048651466,18
20260928,1870,75042.00919624596,8969.833443696296,59.913049048651466,18
20260928,1880,75042.00919624596,8969.833443696296,59.913049048651466,18
20260928,1890,75042.00919624596,8969.833443696296,59.913049048651466,18
20260928,1900,75042.00919624596,8969.833443696296,59.913049048651466,18
20260928,1910,75042.00919624596,8969.833443696296,59.913049048651466,18
20260928,1920,75042.00919624596,8969.833443696296,59.913049048651466,18
20260928,1930,75042.00919624596,8969.833443696296,59.913049048651466,18
20260928,1940,75042.00919624596,8969.833443696296,59.913049048651466,18
20260928,1950,75042.00919624596,8969.833443696296,59.913049048651466,18
20260928,1960,75042.00919624596,8969.833443696296,59.913049048651466,18
20260928,1970,75042.00919624596,8969.833443696296,59.913049048651466,18
20260928,1980,75042.00919624596,8969.833443696296,59.913049048651466,18
20260928,1990,75042.00919624596,8969.833443696296,59.913049048651466,18
20260928,2000,75042.00919624596,8969.833443696296,59.913049048651466,18
